Слово,Орфоэпическая транскрипция,Слово с ударением
абсолютно,* a1 p s a1 l' u0 t + n + a4,абсолю0тно
абхазец,* a1 p h a0 z' + i4 c,абха0зец
август,* a0 v g u4 s t,а0вгуст
августе,* a0 v g u4 s' t' / i4,а0вгусте
автобиографии,* a1 f t a2 * b' i1 a1 * g r a0 f' i4 / i4,автобиогра0фии
автобусе,* a1 f t o0 b u4 s' / i4,авто0бусе
автобусной,* a1 f t o0 b u4 s + n / a4 j,авто0бусной
автобусом,* a1 f t o0 b u4 s / a4 m,авто0бусом
автомат,* a1 f t a1 m a0 t,автома0т
автомата,* a1 f t a1 m a0 t / a4,автома0та
автоматически,* a1 f t a2 m a1 t' + i0 ch + i4 s k' + i4,автомати0чески
автоматная,* a1 f t a1 m a0 t + n / a4 j a4,автома0тная
автоматов,* a1 f t a1 m a0 t / a4 f,автома0тов
автомобиле,* a1 f t a2 m a1 b' i0 l' / i4,автомоби0ле
автомобили,* a1 f t a2 m a1 b' i0 l' / i4,автомоби0ли
автомобильной,* a1 f t a2 m a1 b' i0 l' + n / a4 j,автомоби0льной
агаты,* a1 g a0 t / y4,ага0ты
адама,* a1 d a0 m / a4,ада0ма
адвокаты,* a1 d v a1 k a0 t / y4,адвока0ты
административной,* a1 d m' i1 n' i1 s t r + a1 t' + i0 v n / a4 j,администрати0вной
адреса,* a0 d r' i4 s / a4,а0дреса
адресованном,* a1 d r' i1 s + o0 v a4 + n / a4 m,адресо0ванном
адресу,* a0 d r' i4 s / u4,а0дресу
академической,* a1 k a2 d' i1 m' + i0 ch + i4 + s k / a4 j,академи0ческой
аккуратная,* a1 k u1 r a0 t + n / a4 j a4,аккура0тная
аккуратно,* a1 k u1 r a0 t + n + a4,аккура0тно
аккуратный,* a1 k u1 r a0 t + n / y4 j,аккура0тный
аксиому,* a1 k s' i1 o0 m / u4,аксио0му
алебастром,* a1 l' i1 b a0 s t r / a4 m,алеба0стром
алексеевич,* a1 l' i1 k s' + e0 + j i4 v + i4 ch,алексе0евич
алексеевича,* a1 l' i1 k s' + e0 + j i4 v' + i4 ch / a4,алексе0евича
алексеевичем,* a1 l' i1 k s' + e0 + j i4 v' + i4 ch / i4 m,алексе0евичем
алексеевна,* a1 l' i1 k s' + e0 + i4 + v / n,алексе0евна
алексеевной,* a1 l' i1 k s' + e0 + j i4 v + n / a4 j,алексе0евной
алексеевны,* a1 l' i1 k s' + e0 + - - v + n / y4,алексе0евны
алексей,* a1 l' i1 k s' + e0 j,алексе0й
алексея,* a1 l' i1 k s' + e0 / j a4,алексе0я
алексин,* a1 l' e0 k s' + i4 n,але0ксин
алик,* a0 l' i4 g,а0лик
амбиция,* a1 m b' i0 c y4 j / a4,амби0ция
аналогичного,* a1 n a2 l a1 g' + i0 ch + n / a4 v a4,аналоги0чного
анатолий,* a1 n a1 t o0 l' + i4 j,анато0лий
английский,* a1 n g l' i0 j + s k' / i4 j,англи0йский
английским,* a1 n g l' i0 j + s k' / i4 m,англи0йским
английских,* a1 n g l' i0 j + s k' / i4 h,англи0йских
английского,* a1 n g l' i0 j + s k / a4 v a4,англи0йского
андреевна,* a1 n d r' e0 - + i4 v + n / a4,андре0евна
андрюше,* a1 n d r' + u0 sh / y4,андрю0ше
антонины,* a1 n t a1 n' + i0 n / y4,антони0ны
апоплексическим,* a1 p a2 p l' i1 k s' + i0 ch + i4 + s k' / i4 m,апоплекси0ческим
аппарат,* a1 p a1 r a0 d,аппара0т
арбитра,* a1 r b' i0 t r / a4,арби0тра
аргентинской,* a1 r g' i1 n' t' i0 n + s k / a4 j,аргенти0нской
арии,* a0 r' i4 / i4,а0рии
арий,* a0 r' i4 j,а0рий
арию,* a0 r' i4 j / u4,а0рию
арки,* a0 r k' / i4,а0рки
артистов,* a1 r t' i0 s t + a4 f,арти0стов
артисты,* a1 r t' i0 s t / y4,арти0сты
архитектор,* a1 r h' i1 t' e0 k t + a4 r,архите0ктор
архитекторы,* a1 r h' i1 t' e0 k t + a4 r / y4,архите0кторы
архитектура,* a1 r h' i1 t' i1 k t + u0 r / a4,архитекту0ра
архитектурная,* a1 r h' i1 t' i1 k t + u0 r + n / a4 j a4,архитекту0рная
архитектурной,* a1 r h' i1 t' i1 k t + u0 r + n / a4 j,архитекту0рной
аспирантуре,* a1 s p' i1 r a1 n t + u0 r' / i4,аспиранту0ре
аспирантуру,* a1 s p' i1 r a1 n t + u0 r / u4,аспиранту0ру
ассенизаторами,* a1 s' i1 n' i1 z + a0 + t a4 r / a4 m' i4,ассениза0торами
аудиенции,* a1 u1 d' i1 j e0 n c y4 / i4,аудие0нции
ах,* a0 h,а0х
ахнула,* a0 h + n u4 + l / a4,а0хнула
баба,* b a0 b / a4,ба0ба
бабушка,* b a0 b + u4 sh k / a4,ба0бушка
бабушки,* b a0 b + u4 sh k' / i4,ба0бушки
базаром,* b a1 z a0 r / a4 m,база0ром
базе,* b a0 z' / i4,ба0зе
балаганами,* b a2 l a1 g a0 n / a4 m' i4,балага0нами
балбеса,* b a1 l b' e0 s / a4,балбе0са
балкон,* b a1 l k o0 n,балко0н
балкона,* b a1 l k o0 n / a4,балко0на
балконе,* b a1 l k o0 n' / i4,балко0не
балконной,* b a1 l k o0 n + - / a4 j,балко0нной
балконную,* b a1 l k o0 + n / u4 j u4,балко0нную
бамбук,* b a1 m b u0 k,бамбу0к
банок,* b a0 n + a4 k,ба0нок
баснословные,* b a2 + s n = a1 * s l o0 v + n / y4 j i4,басносло0вные
батум,* b a1 t u0 m,бату0м
башни,* b a0 sh n' / i4,ба0шни
бдению,* b d' + e0 n' i4 j / u4,бде0нию
бегал,* b' e0 g + a4 + l,бе0гал
бегите,* b' i1 g' + i0 + t' i4,беги0те
бегло,* b' e0 g + l + a4,бе0гло
бедность,* b' e0 d n + a4 s' t',бе0дность
бедняга,* b' i1 d n' + a0 g / a4,бедня0га
беднягам,* b' i1 d n' + a0 g / a4 m,бедня0гам
бежал,* b' i1 zh + a0 + l,бежа0л
бежали,* b' i1 zh + a0 + l' / i4,бежа0ли
бежит,* b' i1 zh / y0 t,бежи0т
безвыходное,~ b' i1 z * v y0 h a4 d + n / a4 j i4,безвы0ходное
безвыходном,~ b' i1 z ~ v y0 * h a4 d + n / a4 m,безвы0ходном
безвыходных,~ b' i1 z * v y0 h a4 d + n / y4 h,безвы0ходных
бездоказательно,~ b' i1 z ~ d a2 * k a1 z + a0 + t' i4 l' n + a4,бездоказа0тельно
бездонку,~ b' i1 z * d o0 n + k / u4,бездо0нку
безнадежен,~ b' i1 z * n a1 d' o0 zh + y4 n,безнаде0жен
безнадежно,~ b' i1 z * n a1 d' o0 zh + n + a4,безнаде0жно
безнравственнее,~ b' i1 z * n r a0 f + s t v' + i4 n' / i4 j i4,безнра0вственнее
безотносительно,~ b' i1 z ~ a2 t * n a1 s' + i0 + t' i4 l' n + a4,безотноси0тельно
безотчетных,~ b' i1 z ~ a1 * ch o0 t + n / y4 h,безотче0тных
безумием,~ b' i1 z * u0 m' + i4 / j i4 m,безу0мием
безумное,~ b' i1 z * u0 m + n / a4 j i4,безу0мное
безусловно,~ b' i1 z * u1 s l o0 v + n + a4,безусло0вно
безучастно,~ b' i1 z * u1 ch a0 s + n + a4,безуча0стно
безучастность,~ b' i1 z * u1 ch a0 s + n + a4 s' t',безуча0стность
белая,* b' e0 l / a4 - i4,бе0лая
белеет,* b' i1 l' + e0 / - i4 t,беле0ет
белела,* b' i1 l' + e0 + l / a4,беле0ла
белизной,* b' i1 l' + i1 z n / o0 j,белизно0й
бело-кирпичного,* b' e0 l ^ a4 * k' i1 r p' i0 ch + n / a4 v a4,бе0ло-кирпичного
белого,* b' e0 l / a4 v a4,бе0лого
белое,* b' e0 l / a4 j,бе0лое
белокровия,* b' i1 l = a1 * k r o0 v' + i4 / j a4,белокро0вия
белые,* b' e0 l / y4 - i4,бе0лые
белыми,* b' e0 l / y4 m' i4,бе0лыми
белых,* b' e0 l / y4 h,бе0лых
бельгии,* b' e0 l' g' i4 / i4,бе0льгии
берег,* b' e0 r' i4 k,бе0рег
берега,* b' e0 r' i4 g / a4,бе0рега
берегами,* b' i1 r' i1 g / a0 m' i4,берега0ми
берегом,* b' e0 r' i4 g / a4 m,бе0регом
берегу,* b' e0 r' i4 g / u4,бе0регу
берегут,* b' i1 r' i1 g / u0 t,берегу0т
бережет,* b' i1 r' i1 zh / o0 t,береже0т
бережно,* b' e0 r' i4 zh + n + a4,бе0режно
берез,* b' i1 r' o0 s,бере0з
березками,* b' i1 r' o0 s + k / a4 m' i4,бере0зками
березой,* b' i1 r' o0 z / a4 j,бере0зой
березы,* b' i1 r' o0 z / y4,бере0зы
берет,* b' i1 r' / e0 t,бере0т
беречь,* b' i1 r' e0 ch,бере0чь
беседу,* b' i1 s' e0 d / u4,бесе0ду
бесконечно,~ b' i1 s * k a1 n' e0 ch + n + a4,бесконе0чно
бескорыстно,~ b' i1 s * k a1 r y0 s + n + a4,бескоры0стно
беспардонно,~ b' i1 s * p a1 r d o0 n + - + a4,беспардо0нно
беспокойное,~ b' i1 s * p a1 k o0 j + n / a4 j i4,беспоко0йное
беспокойся,~ b' i1 s * p a1 k o0 j ^ s' a4,беспоко0йся
бесполезно,~ b' i1 s * p a1 l' e0 z + n + a4,бесполе0зно
беспощадности,~ b' i1 s * p a1 sc a0 d + n + a4 s' t' / i4,беспоща0дности
беспричинная,~ b' i1 s ~ p r' i1 * ch i0 + n / a4 j a4,беспричи0нная
бессильнее,~ b' i1 s' * - i0 l' + n' + i4 - e0,бесси0льнее
бессильны,~ b' i1 s * s' i0 l' + n / y4,бесси0льны
бессмысленно,~ b' i1 * s m y0 s l' + i4 n + a4,бессмы0сленно
бессознательно,~ b' i1 s ~ - a1 * z n a0 + t' i4 l' n + a4,бессозна0тельно
бессонницей,~ b' i1 s * - o0 n' + - i4 c / y4 j,бессо0нницей
бестактностей,~ b' i1 s * t a0 k t + n + a4 s' t' / i4 j,беста0ктностей
бестактности,~ b' i1 s * t a0 k t + n + a4 s' t' / i4,беста0ктности
бестактность,~ b i1 s * t a0 k t + n + a4 s' t',беста0ктность
бесчувственность,~ b' i1 * s ch u0 s t + v' i4 n + n a4 s',бесчу0вственность
бетонированная,* b' i1 t a1 n' + i0 r a4 v a4 + n / a4 j a4,бетони0рованная
бетонным,* b' i1 t o0 n + - / y4 m,бето0нным
бетховена,* b y1 t h o0 v' i4 n / a4,бетхо0вена
библиографом,* b' i1 b l' i1 o0 g r a4 f / a4 m,библио0графом
библиотеки,* b' i1 b l' i1 a1 t' e0 k' / i4,библиоте0ки
бидончик,* b' i1 d o0 n' + ch i4 k,бидо0нчик
билеты,* b' i1 l' e0 t / y4,биле0ты
бильярде,* b' i1 l' j a0 r d' / i4,билья0рде
биржевые,* b' i1 r zh + y1 v / y0 j i4,биржевы0е
бить,* b' + i0 / d',би0ть
благо,* b l a0 g / a4,бла0го
благодарил,* b l a2 g a2 d a1 r' + i0 + l,благодари0л
благодарить,* b l a2 g a2 d a1 r' + i0 / t',благодари0ть
благодарностью,* b l a2 g a1 d a0 r + n + a4 s' t' / j u4,благода0рностью
благодарят,* b l a2 g a2 d a1 r' / a0 d,благодаря0т
благожелательно,* b l a2 g = a2 * zh y1 l a0 + t' i4 l' n + a4,благожела0тельно
благородно,* b l a2 g = a1 * r o0 d + n + a4,благоро0дно
благородным,* b l a2 g a1 r o0 d + n / y4 m,благоро0дным
благородными,* b l a2 g a1 r o0 d + n / y4 m' i4,благоро0дными
блаженной,* b l a1 zh + e0 n / a4 j,блаже0нной
блаженства,* b l a1 zh + e0 n s t v / a4,блаже0нства
блаженство,* b l a1 zh + e0 n s t v / a4,блаже0нство
бледное,* b l' e0 d n / a4 j i4,бле0дное
бледности,* b l' e0 d n + a4 s' t' / i4,бле0дности
блеска,* b l' e0 s k / a4,бле0ска
блестели,* b l' i1 s' t' + e0 + l' / i4,блесте0ли
блестело,* b l' i1 s' t' + e0 + l / a4,блесте0ло
блестящей,* b l' i1 s' t' + a0 sc / i4 j,блестя0щей
блестящую,* b l' i1 s' t' + a0 sc / u4 j u4,блестя0щую
блещет,* b l' e0 sc / i4 t,бле0щет
ближе,* b l' i0 zh + y4,бли0же
близкие,* b l' i0 s + k' / i4 j i4,бли0зкие
близких,* b l' i0 s + k' / i4 h,бли0зких
близко,* b l' i0 s + k + a4,бли0зко
близорукие,* b l' i1 z = a1 * r u0 k' / i4 j e4,близору0кие
блицы,* b l' i0 c / y4,бли0цы
блока,* b l o0 k / a4,бло0ка
блокнот,* b l a1 k n o0 t,блокно0т
бог,* b o0 h,бо0г
богу,* b o0 g / u4,бо0гу
бодро,* b o0 d r + a4,бо0дро
бодростью,* a4 j b o0 + d r a4 / s' t',бодро0стью
бодрым,* b o0 d r / y4 m,бо0дрым
боже,* b o0 zh / y4,бо0же
боится,* b a1 / - i0 ^ c a4,бои0тся
боишься,* b a1 ^ i0 sh / s' a4,бои0шься
бок,* b o0 k,бо0к
бокалы,* b a1 k a0 l / y4,бока0лы
боковую,* b a2 k + a1 v / u0 j u4,бокову0ю
боком,* b o0 k / a4 m,бо0ком
более,* b o0 l' + e4 j i4,бо0лее
болезненно,* b a1 l' + e0 + z' n' + i4 n - + a4,боле0зненно
болезни,* b a1 l' + e0 + z' n' / i4,боле0зни
болезнь,* b a1 l' + e0 + z' n',боле0знь
болезнью,* b a1 l' + e0 + z' n' / j u4,боле0знью
болела,* b a1 l' + e0 + l / a4,боле0ла
болен,* b o0 l' + i4 n,бо0лен
болеть,* b a1 l' + e0 / t',боле0ть
боли,* - o0 l' / i4,бо0ли
болит,* b a1 l' / i0 t,боли0т
болтун,* b a1 l t + u0 n,болту0н
больницу,* - - l' + n' + i0 c / u4,бо0льницу
больницы,* b a1 l' + n' i0 c / y4,больни0цы
больно,* b o0 l' + n + a4,бо0льно
больное,* b a1 l' + n / o0 - i4,больно0е
больной,* b a1 l' + n / o0 j,больно0й
больные,* b a1 l' + n / y0 j i4,больны0е
больным,* b a1 l' + n / y0 m,больны0м
большак,* b a1 l' sh + a0 k,больша0к
большая,* b a1 l' + sh / a0 j a4,больша0я
больше,* b o0 l' sh + y4,бо0льше
большей,* b o0 l' sh / y4 -,бо0льшей
большие,* b a1 l' sh / y0 j i4,больши0е
большим,* b a1 l' sh / y0 m,больши0м
большими,* b a1 l' + sh / y0 m' i4,больши0ми
большое,* b a1 l' + sh / o0 j i4,большо0е
большой,* b a1 l' sh / o0 j,большо0й
большую,* b a1 l' sh / u0 j u4,большу0ю
бомбу,* b o0 m b / u4,бо0мбу
бормотал,* b a2 r m a1 t + a0 + l,бормота0л
бормотала,* b a2 r m a1 t + a0 + l / a4,бормота0ла
бормотанием,* b a2 r m a1 t + a0 n' i4 / j i4 m,бормота0нием
бородка,* b a1 r o0 t + k / a4,боро0дка
бородками,* b a1 r o0 t + k / a4 m' i4,боро0дками
бородки,* b a1 r o0 t + k' / i4,боро0дки
бородкой,* b a1 r o0 t + k / a4 j,боро0дкой
бороду,* b o0 r a4 d / u4,бо0роду
боролся,* b a1 r + o0 + l ^ s' a4,боро0лся
босой,* b a1 s / o0 j,босо0й
ботинки,* b a1 t' i0 n + k' / i4,боти0нки
ботиночки,* b a1 t' i0 n + a4 ch k' / i4,боти0ночки
боткинскую,* b o0 t k' i4 n + s k / u4 - u4,бо0ткинскую
боюсь,* b a1 / j u0 ^ s',бою0сь
боялась,* b a1 j + a0 + l / a4 ^ s',боя0лась
боялись,* b a1 + j a0 + l' / i4 ^ s',боя0лись
боялся,* b a1 j + a0 + l ^ s' a4,боя0лся
боятся,* b a1 j / a0 ^ c a4,боя0тся
браатья,* b r a0 t' j / a4,бра0атья
брака,* b r a0 k / a4,бра0ка
браке,* b r a0 k' / i4,бра0ке
браков,* b r a0 k / a4 f,бра0ков
брат,* - r a0 t,бра0т
брата,* b r a0 t / a4,бра0та
братнин,* b r a0 t + n' + i4 n,бра0тнин
братом,* b r a0 t / a4 m,бра0том
брату,* b r a0 t / u4,бра0ту
брать,* b r + a0 / t',бра0ть
братьев,* b r a0 t' / j i4 f,бра0тьев
братья,* b r a0 t' j / a4,бра0тья
братьями,* b r a0 t' / j i4 m' i4,бра0тьями
бревенчатый,* b r' i1 v' e0 n' + ch i4 t / y4 j,бреве0нчатый
брился,* b r' + i0 + l ^ s' a4,бри0лся
брови,* b r o0 v' / i4,бро0ви
бродил,* b r a1 d' + i0 + l,броди0л
бросала,* b r a1 s + a0 + l / a4,броса0ла
бросалось,* b r a1 s + a0 + l / a4 ^ z',броса0лось
бросая,* b r a1 s + a0 + j a4,броса0я
бросил,* b r o0 s' + i4 + l,бро0сил
бросила,* b r o0 s' + i4 + l / a4,бро0сила
бросило,* b r o0 s' + i4 + l / a4,бро0сило
бросился,* b r o0 s' + i4 + l ^ s' a4,бро0сился
бросит,* b r o0 s' / i4 t,бро0сит
бросить,* b r o0 s' + i4 / t',бро0сить
брюки,* b r' u0 k' / i4,брю0ки
брюнет,* b r' u1 n e0 -,брюне0т
брякнул,* b r' a0 k + n u4 + l,бря0кнул
брякнуто,* b r' a0 k + n u4 + t + a4,бря0кнуто
бубнила,* b u1 b n' + i0 + l / a4,бубни0ла
будем,* b u0 d' / i4 m,бу0дем
будет,* b u0 d / u4 d,бу0дет
будете,* b u0 d' / i4 t' i4,бу0дете
будешь,* b u0 d' / i4 sh,бу0дешь
будка,* b u0 t + k / a4,бу0дка
буднично,* b u0 d n' + i4 ch n + a4,бу0днично
будто,* b u0 t - a4,бу0дто
буду,* b u0 d / u4,бу0ду
будут,* b u0 d / u4 d,бу0дут
будущем,* b u0 d + u4 sc / e4 m,бу0дущем
будущий,* b u0 d + u4 sc / i4 j,бу0дущий
будь,* b u0 d',бу0дь
буйствует,* b u0 j + s t v + u4 / j i4 t,бу0йствует
буквально,* b u1 k v + a0 l' n + a4,буква0льно
буквами,* b u0 k v / a4 m' i4,бу0квами
буквы,* b u0 k v / y4,бу0квы
букетик,* b u1 k' e0 t' + i4 k,буке0тик
букетики,* b u1 k' e0 t' + i4 k' / i4,буке0тики
буксире,* b u1 k s' + i0 r' / i4,букси0ре
буксовал,* b u1 k s + a1 v a0 + l,буксова0л
булыжной,* b u1 l y0 zh + n / a4 j,булы0жной
бульвар,* b u1 l' v a0 r,бульва0р
бульваре,* b u1 l' v a0 r' / i4,бульва0ре
бульвару,* b u1 l' v a0 r / u4,бульва0ру
бумага,* b u1 m a0 g / a4,бума0га
бумаге,* b u1 m a0 g' / i4,бума0ге
бумагой,* b u1 m a0 g / a4 j,бума0гой
бури,* b u0 r' / i4,бу0ри
бусами,* b u0 s / a4 m' i4,бу0сами
бутылка,* b u1 t y0 l + k / a4,буты0лка
бутылками,* b u1 t y0 l + k / a4 m' i4,буты0лками
бутылках,* b u1 t y0 l + k / a4 h,буты0лках
бутылки,* b u1 t y0 l + k' / i4,буты0лки
бутылку,* b u1 t y0 l + k / u4,буты0лку
буфет,* b u1 f' e0 d,буфе0т
буфете,* b u1 f' e0 t' / i4,буфе0те
бухарских,* b u1 h a0 r + s k' / i4 h,буха0рских
бухточки,* b u0 h t + a4 ch k' / i4,бу0хточки
бывает,* b y1 + v a0 / - i4 t,быва0ет
бывал,* b y1 + v a0 + l,быва0л
бывала,* b y1 + v a0 + l / a4,быва0ла
бывали,* b y1 + v a0 + l' / i4,быва0ли
бывало,* b y1 + v a0 + l / a4,быва0ло
бывать,* b y1 + v a0 / t',быва0ть
бываю,* b y1 + v a0 j / u4,быва0ю
бывают,* b y1 + v a0 / j u4 d,быва0ют
бывшая,* b y0 + f sh / a4 j a4,бы0вшая
бывшие,* b y0 + f sh / y4 - i4,бы0вшие
бывший,* b y0 + f sh / y4 -,бы0вший
был,* b y0 / l,бы0л
была,* b y1 + l / a0,была0
были,* b y0 + l' / i4,бы0ли
было,* b y0 + l / a4,бы0ло
быстрее,* b y1 s t r' + e0 j i4,быстре0е
быстренько,* b y0 s t r' + i4 n' k + a4,бы0стренько
быстро,* b y0 s t r + a4,бы0стро
быстро-то,* b y0 s t r + a4 + t o0,бы0стро-то
быстрой,* b y0 s t r / a4 j,бы0строй
быстрым,* b y0 s t r / y4 m,бы0стрым
быстрыми,* b y0 s t r / y4 m' i4,бы0стрыми
бытовая,* b y1 t + a1 v / a0 j a4,бытова0я
бытом,* b y0 t / a4 m,бы0том
быть,* b y0 / -,бы0ть
бюллетене,* b' u1 l' i1 t' e0 n' / i4,бюллете0не
бюсте,* b' u0 s' t' / i4,бю0сте
в-третьих,~ f * t r' + e0 t' + j i4 h,в-тре0тьих
вагон,* v a1 g o0 n,ваго0н
вагона,* v a1 g o0 n / a4,ваго0на
важен,* v a0 zh + y4 n,ва0жен
важно,* v a0 zh + n + a4,ва0жно
важное,* v a0 zh + n / a4 j i4,ва0жное
важным,* v a0 zh + n / y4 m,ва0жным
валерка,* v a1 l' e0 r + k / a4,вале0рка
валька,* v a0 l' + k / a0,ва0лька
валя,* v a0 l' / a4,ва0ля
валявшиеся,* v a1 l' + a0 + f sh / y4 j i4 ^ s' a4,валя0вшиеся
валяется,* v a1 l' + a0 / j i4 ^ c a4,валя0ется
валяться,* v a1 l' + a0 ^ c a4,валя0ться
вам,* v / a0 m,ва0м
вами,* v / a0 m' i4,ва0ми
вандерере,* v a0 n d' e4 r' i4 r' / i4,ва0ндерере
ваней,* v a0 n' / i4,ва0ней
ванна,* v a0 n / a4,ва0нна
ванне,* v a0 n' / i4,ва0нне
ванной,* v a0 n - / a4 j,ва0нной
ванную,* v a0 n - / u4 j u4,ва0нную
варвара,* v a1 r v a0 r / a4,варва0ра
варварой,* v a1 r v a0 r / a4 -,варва0рой
варвары,* v a1 r v a0 r / y4,варва0ры
варенье,* v a1 r' + e0 n' j / i4,варе0нье
вариант,* j v a2 r' i1 a0 n,вариа0нт
варить,* v a1 r' + i0 / t',вари0ть
варшавку,* v a1 r sh a0 f + k / u4,варша0вку
вас,* v / a0 s,ва0с
василий,* v a1 s' i0 l' + i4 j,васи0лий
василия,* v a1 s' i0 l' + i4 j / a4,васи0лия
васильевич,* v a1 s' i0 j + j i4 v' + i4 ch,васи0льевич
васильевича,* v a1 s' i0 l' + j i4 - + - ch / a4,васи0льевича
васильевиче,* v a1 s' i0 l' + j i4 v' + i4 ch / i4,васи0льевиче
васильевичем,* v a1 s' i0 l' + j i4 ch + i4 m / i1 v',васи0льевичем
васильевичу,* v a1 s' i0 l' + j i4 v' + i4 ch / u4,васи0льевичу
васильевна,* v a1 s' i0 l' + j i4 v + n / a4,васи0льевна
васильевны,* v a1 s' i0 l' + j i4 v + n / y4,васи0льевны
ватку,* v a0 t + k / u4,ва0тку
ватным,* v a0 t + n / y4 m,ва0тным
ватных,* v a0 t + n / y4 h,ва0тных
вафельным,* v a0 f' i4 l' + n / y4 m,ва0фельным
ваш,* v / a0 sh,ва0ш
ваша,* v a0 sh / a4,ва0ша
вашего,* v / a0 sh y4 v a4,ва0шего
вашей,* v a0 sh / y4 j,ва0шей
вашем,* v a0 sh / y4 m,ва0шем
вашему,* v a0 sh / y4 m u4,ва0шему
вашим,* v a0 sh / y4 m,ва0шим
ваших,* v a0 sh / y4 h,ва0ших
вверх,~ - * v' e0 r h,вве0рх
ввинтил,* v v' i1 n' + t' + i0,ввинти0л
вдвое,~ v * d v / o0 - i4,вдво0е
вдвоем,~ v * d v + a1 + j o0 m,вдвое0м
вдовой,* v d a1 v / o0 j,вдово0й
вдоволь,~ v ~ d o0 * v a4 l',вдо0воль
вдовы,* v d o0 v / y4,вдо0вы
вдоль,* v d o0 l',вдо0ль
вдохновляло,~ v * d a2 h + n + a1 v + l' + a0 + l / a4,вдохновля0ло
вдруг,* v d r u0 g,вдру0г
ведет,* v' i1 d' / o0 d,веде0т
ведущей,* v' i1 d + u0 sc / i4 j,веду0щей
ведь,* v' e0 d',ве0дь
вежливо,* v' e0 zh + l' i4 v + a4,ве0жливо
везения,* v' i1 z' + e0 n' i4 j / a4,везе0ния
век,* v' e0 k,ве0к
века,* v' e0 k / a4,ве0ка
великие,* v' i1 l' i0 k' / i4 j i4,вели0кие
великодушие,* v' i1 l' + i1 k = a1 * d u0 sh + y4 - / i4,великоду0шие
великолепны,* v' i1 l' i1 k = a1 * l' e0 p + n / y4,великоле0пны
величайшее,* v' i1 l' i1 ch - + a0 j sh / i4 j i4,велича0йшее
велосипедист,* v' i1 l a2 s' i1 p' i1 d' + i0 s t,велосипеди0ст
вера,* - e0 r / a4,ве0ра
веранде,* v' i1 r a0 n d' / i4,вера0нде
верандочками,* v' i1 r a0 n d + a4 ch k / a4 m' i4,вера0ндочками
верандочке,* v' i1 r a0 n d + a4 ch k' / i4,вера0ндочке
верандочки,* v' i1 r a0 n d + a4 ch k' / i4,вера0ндочки
веранды,* v' i1 r a0 n d / y4,вера0нды
вере,* v' e0 r' / i4,ве0ре
веревку,* v' i1 r' o0 f + k / u4,вере0вку
верил,* v' e0 r' + i4 + l,ве0рил
верим,* v' e0 r' / i4 m,ве0рим
верит,* v' e0 r' / i4 t,ве0рит
верить,* v' e0 r' + i4 / t',ве0рить
вернее,* v' i1 + r + n' e0 j,верне0е
верней,* v' i1 r + n' + e0 i4,верне0й
вернемся,* v' i1 r + n' / o0 m ^ s' a4,верне0мся
вернется,* v' i1 r + n' / o0 ^ c a4,верне0тся
верно,* v' e0 r + n + a4,ве0рно
вернувшись,* v' i1 r + n u0 + f sh y4 ^ s',верну0вшись
вернулась,* v' i1 r + n u0 + l / a4 ^ s',верну0лась
вернулись,* v' i1 r + n u0 + l' / i4 ^ s',верну0лись
вернулся,* v' i1 r + n u0 + l ^ s' a4,верну0лся
вернуться,* v' i1 r + n u0 / c ^ - a4,верну0ться
верой,* v' e0 r / a4 j,ве0рой
вертелись,* v' i1 r t' + e0 + l' / i4 ^ s',верте0лись
веру,* v' e0 r / u4,ве0ру
верхней,* v' e0 r h + n' / i4 j,ве0рхней
верхом,* v' e0 r h + a4 m,ве0рхом
веры,* v' e0 r / y4,ве0ры
верят,* v' e0 r' / i4 t,ве0рят
весело,* v' e0 s' i4 l + a4,ве0село
веселые,* v' i1 s' o0 l / y4 j i4,весе0лые
веселый,* v' i1 s' o0 l / y4 j,весе0лый
веселье,* v' i1 s' e0 + l' / j,весе0лье
веселясь,* v' i1 s' i1 l' + a0 ^ s',веселя0сь
веснушчатое,* v' i1 s n + u0 sc + i4 t / a4 j i4,весну0шчатое
веснушчатой,* v' i1 s n + u0 sc + a4 t / a4 j,весну0шчатой
вести,* v' e0 s' / t' i4,ве0сти
вестибюле,* v' i1 s' t' i1 b' u0 l' / i4,вестибю0ле
вестибюль,* v' i1 s' t' i1 b' u0 l',вестибю0ль
весь,* v' e0 s',ве0сь
веточки,* v' e0 t + a4 ch k' / i4,ве0точки
ветрами,* v' i1 t r / a0 m' i4,ветра0ми
ветром,* v' e0 t r / a4 m,ве0тром
ветхие,* v' e0 t h' / i4 j i4,ве0тхие
ветхое,* v' e0 t h / a4 j i4,ве0тхое
ветчиной,* v' i1 ch i1 n / o0 j,ветчино0й
вечер,* v' e0 ch i4 r,ве0чер
вечера,* v' e0 ch i4 r / a4,ве0чера
вечерам,* v' i1 ch i1 r / a0 m,вечера0м
вечерами,* v' i1 ch i1 r / a0 m' i4,вечера0ми
вечернего,* v' i1 ch e0 r + n' / i4 v a4,вече0рнего
вечеров,* v' i1 ch i1 r / o0 f,вечеро0в
вечером,* v' e0 ch i4 r / a4 m,ве0чером
вечной,* v' e0 ch + n / a4 j,ве0чной
вечным,* v' e0 ch + n / y4 m,ве0чным
вешалку,* v' e0 sh + a4 + l + k / u4,ве0шалку
вещей,* v' i1 sc / e0 j,веще0й
вещи,* v' e0 sc / i4,ве0щи
вещь,* v' e0 sc,ве0щь
взад-,~ v * z a0 t -,вза0д-
взаимную,~ v ~ z a1 * i0 m + n / u4 j u4,взаи0мную
взбодриться,~ v z * b a1 d r' + i0 ^ c a4,взбодри0ться
взбудоражены,~ v z * b u1 d a1 r a0 zh + y4 n / y4,взбудора0жены
взвалил,~ v z * v a1 l' + i0 + l,взвали0л
взвалить,~ v z * v a1 l' + i0 / t',взвали0ть
взвинчен,~ v z * v' i0 n' ch + i4 n,взви0нчен
взгляд,~ - z * g l' a0 t,взгля0д
взглядами,~ v z * g l' a0 d / a4 m' i4,взгля0дами
взглядом,~ v z * g l' a0 d / a4 m,взгля0дом
взглянул,~ v z * g l' i1 + n u0 + l,взгляну0л
взгорке,~ v z * g o0 r k' / i4,взго0рке
взгорьям,~ v z * g o0 r' + j / i4 m,взго0рьям
вздор,~ v z * d o0 r,вздо0р
вздорность,~ v z * d o0 r + n + a4 s' t',вздо0рность
вздрогнул,~ v z * d r o0 g + n u4 + l,вздро0гнул
вздулась,~ v z * d u0 + l / a4 ^ s',взду0лась
вздумай,~ v z * d u0 m + a4 + j,взду0май
взмахнул,~ v z * m a1 h + n u0 + l,взмахну0л
взморье,~ v z * m o0 r' + j / e4,взмо0рье
взрослого,~ v z * r o0 s + l / a4 v a4,взро0слого
взрослые,~ v z * r o0 s + l / y4 - i4,взро0слые
взрослый,~ - z * r o0 s + l / y4 -,взро0слый
взрослым,~ v z * r o0 s + l / y4 m,взро0слым
взрослыми,~ v z * r o0 s + l / y4 m' i4,взро0слыми
взрослых,~ v z * r o0 s + l / y4 h,взро0слых
взысканий,~ v z * y1 s k + a0 + n' i4 j,взыска0ний
взял,~ v z' * a0 + l,взя0л
взяли,~ v z' * a0 + l' / i4,взя0ли
взять,~ v z' * a0 / t',взя0ть
вид,* v' i0 ch,ви0д
вида,* v' i0 d / a4,ви0да
виде,* v' i0 d' / i4,ви0де
видел,* v' i0 d' + i4 + l,ви0дел
видели,* v' i0 d' + i4 + l' / i4,ви0дели
виделись,* v' i0 d' + i4 + l' / i4 ^ s',ви0делись
видеть,* v' i0 d' + i4 / t',ви0деть
видит,* v' i0 d' / i4 d,ви0дит
видите,* v' i0 d' + i4 + t' i4,ви0дите
видишь,* v i0 d' / i4 sh,ви0дишь
видно,* v' i0 d + n + a4,ви0дно
видом,* v' i0 d / a4 m,ви0дом
виду,* v' i0 d / u4,ви0ду
вижу,* v' i0 zh / u4,ви0жу
викентьевича,* v' i1 k' e0 n' t' + j i4 - + - ch / a4,вике0нтьевича
виктор,* v' i0 k t a4 r,ви0ктор
виктора,* v' i0 k t a4 r / a4,ви0ктора
виктором,* v' i0 k t a4 r / a4 m,ви0ктором
виноват,* v' i1 n + a1 v + a0 t,винова0т
виновата,* v' i1 n + a1 v + a0 t / a4,винова0та
виноваты,* v' i1 n + a1 v a0 t / y4,винова0ты
вином,* v' i1 n / o0 m,вино0м
висела,* v' i1 s' + e0 + l / a4,висе0ла
висело,* v' i1 s' + e0 + l / a4,висе0ло
висит,* v' i1 s' / i0 t,виси0т
виски,* v' i0 s k' / i4,ви0ски
витамин,* v' i1 t a1 m' i0 n,витами0н
вити,* v' i0 t' / i4,ви0ти
вить,* v' i0 / t',ви0ть
витька,* v' i0 t' + k / a4,ви0тька
витя,* v' i0 t' / a4,ви0тя
включал,~ f * k l' u1 ch + a0 + l,включа0л
включив,~ f * k l' u1 ch + i0 + v,включи0в
включил,~ f * k l' u1 ch + i0 + l,включи0л
вкупе,~ f * k u0 p' + i4,вку0пе
вкус,~ f * k u0 s,вку0с
вкуснее,* f k u1 s' + n' + e0 j i4,вкусне0е
владелец,* v l a1 d' + e0 + - - -,владе0лец
владельцы,* - l a1 d' + e0 + l' c / y4,владе0льцы
владение,* v l a1 d' + e0 + n' i4 j / i4,владе0ние
влажным,* v l a0 zh + n / y4 m,вла0жным
властопуло,* v l a1 s t o0 p u4 l a4,власто0пуло
влюбились,~ v * l' u1 b' + i0 + l' / i4 ^ s',влюби0лись
влюбился,~ v * l' u1 b' + i0 + l ^ s' a4,влюби0лся
влюблен,~ v * l' u1 b + l' + o0 n,влюбле0н
влюблялся,~ v * l' u1 b + l' + a0 + l ^ s' a4,влюбля0лся
влюбляться,~ v * l' u1 b + l' + a0 ^ c a4,влюбля0ться
влюбляюсь,~ v * l' u1 b + l' + a0 / j u4 ^ s',влюбля0юсь
вместе,~ v * m' e0 s t' + i4,вме0сте
вместо,~ m' * e0 s t a4 + d,вме0сто
вмешиваться,~ v * m' e0 sh + y4 v a4 ^ c a4,вме0шиваться
внезапная,* v n' i1 z a0 p n / a4 j a4,внеза0пная
внезапно,* v n' i1 z a0 p n + a4,внеза0пно
внезапное,* v n' i1 z a0 p n / a4 - i4,внеза0пное
внезапной,* v n' i1 z a0 p n / a4 j,внеза0пной
внезапным,* v n' i1 z a0 p n / y4 m,внеза0пным
внешне,* v n' e0 sh n' + i4,вне0шне
внешним,* v n' e0 sh n' / i4 m,вне0шним
внешняя,* v n' e0 sh n' / i4 j a4,вне0шняя
внешторге,* v n' + e1 + sh * t o0 r g' / i4,внешто0рге
вниз,~ v * n' i0 s,вни0з
внимание,~ v * n' i1 m + a0 + n' i4 - / i4,внима0ние
внимания,~ v * n' i1 m + a0 + n' a4 j / a4,внима0ния
внимательно,~ v * n' i1 m + a0 + t' i4 l' + n + a4,внима0тельно
вновь,~ v * n o0 v',вно0вь
внук,* j v n u0,вну0к
внука,* v n u0 k / a4,вну0ка
внуком,* v n u0 k / a4 m,вну0ком
внутренней,~ v * n u0 t r' + i4 n' / i4 j,вну0тренней
внутривенного,~ v * n u1 t r' + i1 * v' e0 n + - / a4 v a4,внутриве0нного
внутрь,~ v * n u0 t r',вну0трь
внушая,~ v ~ n * u1 sh + a0 + - i4,внуша0я
внушить,~ v ~ n * u1 sh + y0 / t',внуши0ть
внятно,~ v * n' a0 + t + n + a4,вня0тно
во-вторых,~ v a1 * f t a1 r + y0 h,во-вторы0х
во-первых,~ v a1 * p' e0 r v + y4 h,во-пе0рвых
вовремя,~ v o0 * v r' i4 m' / a4,во0время
вовсе,~ v o0 * f s' / i4,во0все
водила,* v a1 d' + i0 + l / a4,води0ла
водит,* v o0 d' / i4 t,во0дит
водителем,* v a1 d' + i0 + t' i4 l' / i4 m,води0телем
водитель,* v a1 d' + i0 + t' i4 l',води0тель
водить,* v a1 d' + i0 / t',води0ть
водой,* v a1 d / o0 j,водо0й
водопроводной,* v a2 d = a2 ~ p r a1 * v o0 d + n / a4 j,водопрово0дной
водопроводный,* v a2 d = a2 ~ p r a1 * v o0 d + n / y4 j,водопрово0дный
воду,* v o0 d / u4,во0ду
воды,* v a1 d / y0,воды0
водяные,* v a2 d' + i1 n / y0 j i4,водяны0е
возвращалась,~ v a2 z * v r a1 sc + a0 + l / a4 ^ z',возвраща0лась
возвращался,~ v a2 z * v r a1 sc + a0 + l ^ s' a4,возвраща0лся
возвращение,~ v a2 z * v r a1 sc + e0 n' i4 j / i4,возвраще0ние
возвращения,~ v a2 z * v r a1 sc + e0 n' i4 j / a4,возвраще0ния
возвышавшимся,~ v a2 z * v y1 sh + a0 + f sh / y4 m ^ s' a4,возвыша0вшимся
возвышалась,~ v a2 z * v y1 sh + a0 + l / a4 ^ s',возвыша0лась
воздух,~ j v o0 * z d u4,во0здух
воздухе,~ v o0 z * d u4 h' / i4,во0здухе
воздухом,~ v o0 z * d u4 h / a4 m,во0здухом
воздуху,~ v o0 z * d u4 h / u4,во0здуху
возле,* v o0 z l' i4,во0зле
возможно,~ v a1 z * m o0 zh + n + a4,возмо0жно
возможность,~ v a1 z * m o0 zh + n + a4 s' t,возмо0жность
возмущаться,~ v a2 z * m u1 sc + a0 ^ c a4,возмуща0ться
возней,* v a1 z' + n' / o0 j,возне0й
возненавидела,~ v a2 z' ~ n' i1 ~ n a1 * v' i0 d' + i4 + l / a4,возненави0дела
возникала,~ v a2 z' * n' i1 k + a0 + l / a4,возника0ла
возникла,~ v a1 z' * n' i0 k + l / a4,возни0кла
возникли,~ v a1 z' * n' i0 k + l' / i4,возни0кли
возражала,~ v a2 z * r a1 zh + a0 + l / a4,возража0ла
возражали,~ v a2 z * r a1 zh + a0 + l' / i4,возража0ли
возраста,~ v o0 z * r a4 s t / a4,во0зраста
возрасте,~ v o0 z * r a4 s' t' / i4,во0зрасте
возрастов,~ v a2 z * r a1 s t / o0 f,возрасто0в
возрос,~ v a1 z * r o0 s,возро0с
возьмешь,~ v a1 z' * m' / o0 zh,возьме0шь
возятся,* v o0 z' / a4 ^ c a4,во0зятся
вокзал,* v a1 g z a0 l,вокза0л
вокзале,* v a1 g z a0 l' / i4,вокза0ле
вокруг,~ v a1 * k r u0 g,вокру0г
волейбол,* v a2 l' i1 j b o0 l,волейбо0л
волейбольной,* v a2 l' i1 j b o0 l' + n / a4 j,волейбо0льной
волнения,* v a1 l n' + e0 n' i4 - / a4,волне0ния
волновавшее,* v a2 l n + a1 v + a0 + f sh / y4 j i4,волнова0вшее
волновалась,* v a2 l n + a1 v a0 + l / a4 ^ s',волнова0лась
волновались,* v a2 l n + a1 v a0 + l' / i4 ^ s',волнова0лись
волновало,* v a2 l n + a1 v a0 + l / a4,волнова0ло
волновался,* v a2 l n + a1 v a0 + l ^ s' a4,волнова0лся
волноваться,* v a2 l n + a1 v a0 ^ c a4,волнова0ться
волнует,* v a1 l n + u0 / j i4 t,волну0ет
волнуется,* v a1 l n + u0 / j i4 ^ c a4,волну0ется
волнуешься,* v a1 l n + u0 / j i4 sh ^ s' a4,волну0ешься
волнуйся,* v a1 l n + u0 + j ^ s' a4,волну0йся
волнуйтесь,* v a1 l n + u0 + j + t' i4 ^ s',волну0йтесь
волнуюсь,* v a1 l n + u0 / j u4 ^ s',волну0юсь
волнуются,* v a1 l n + u0 / j u4 ^ c a4,волну0ются
волоклись,* v a2 l a1 k + l' / i0 ^ s',волокли0сь
волос,* v a1 l o0 s,воло0с
волосах,* v a2 l a1 s / a0 h,волоса0х
волосы,* v o0 l a4 s / y4,во0лосы
волчьи,* o0 l ch + j / i4 -,во0лчьи
волю,* - o0 l' / u4,во0лю
вон,* v o0 n,во0н
вонь,* v o0 n',во0нь
вонючими,* v a1 n' + u0 ch / i4 m' i4,воню0чими
вообще,~ a1 - * p sc e0 + a1,воо0бще
вообще-то,~ o0 - * p sc i4 + m + t a4,во0обще-то
вопрос,~ v a1 * p r o0 s,вопро0с
вопросе,~ v a1 * p r o0 s' / i4,вопро0се
вопросительно,* v a2 p r a1 s' + i0 + t' i4 l' + n + a4,вопроси0тельно
вопросов,* v a1 p r o0 s / a4 f,вопро0сов
вопросу,* v a1 p r o0 s / u4,вопро0су
вопросы,~ s l' * e0 d a4 v / a4,во0просы
воробей,* v a2 r a1 b' / e0 j,воробе0й
вором,* v o0 r / a4 m,во0ром
воротом,* v o0 r a4 t / a4 m,во0ротом
ворочаться,* v a1 r o0 ch + i4 ^ c a4,воро0чаться
ворчала,* v a1 r ch + a0 + l / a4 -,ворча0ла
ворчать,* v a1 r ch + a0 / t',ворча0ть
восемь,* v o0 s' i4 m',во0семь
восемьдесят,~ v o0 * s' i4 m * d' i4 s' a4 t,во0семьдесят
воскликнул,~ v a1 s * k l' i0 k + n u4 + l,воскли0кнул
воскликнула,~ v a1 s * k l' i0 k + n u4 + l / a4,воскли0кнула
восклицает,~ v a2 s * k l' i1 c + a0 / - i4 t,восклица0ет
восклицать,~ v a2 s * k l' i1 c + a0 / c,восклица0ть
воскресенье,~ v a2 s * k r' i1 s' + e0 n' j / i4,воскресе0нье
воспаление,~ v a2 s * p a1 l' + e0 n' i4 j / i4,воспале0ние
воспитанием,~ v a2 s * p' i1 t + a0 + n' i4 j / i4 m,воспита0нием
воспитательной,~ v a2 s * p' i1 t + a0 + t' i4 l' + n / a4 j,воспита0тельной
воспитывает,~ v a1 s * p' i0 t + y4 v a4 / j i4 t,воспи0тывает
воспринимает,~ v a2 s ~ p r' i1 * n' i1 m + a0 / j i4 d,воспринима0ет
восстановлений,~ v a2 * s t a2 + n + a1 v + l' + e0 n' i4 j,восстановле0ний
восток,* v a1 s t o0 k,восто0к
восторгался,* v a2 s t a1 r g + a0 + l ^ s' a4,восторга0лся
восторге,* v a1 s t o0 r g' / i4,восто0рге
восторги,~ v a1 s * t o0 r g' / i4,восто0рги
восхитился,~ v a2 s * h' i1 t' + i0 + l ^ s' a4,восхити0лся
восхищались,~ v a2 s * h' i1 sc + a0 + l' / i4 ^ s',восхища0лись
восхищался,~ v a2 s * h' i1 sc + a0 + l ^ s' a4,восхища0лся
восхищаться,~ v a2 s * h' i1 sc + a0 ^ c a4,восхища0ться
восхищаются,~ v a2 s * h' i1 sc + a0 / j u4 ^ c a4,восхища0ются
вот,* v o0 -,во0т
вотчина,* v o0 ch - + i4 n / a4,во0тчина
вошел,~ v a1 * sh + o0 + l,воше0л
вперед,~ - * p' i1 r' o0 t,впере0д
вперемежку,~ f ~ p' i1 r' i1 * m' e0 sh + k + u4,впереме0жку
вперся,~ f * p' o0 r ^ s' a4,впе0рся
впечатление,~ f * p' i1 ch i1 t + l' + e0 n' i4 j / i4,впечатле0ние
вполголоса,~ f * p a1 l * g o0 l a4 s / a4,вполго0лоса
впрочем,~ f * p r o0 ch + i4 m,впро0чем
впрыснуть,~ f * p r y0 s + n u4 / t',впры0снуть
впрямую,~ f * p r' i1 m / u0 j u4,впряму0ю
врал,* v r + a0 + l,вра0л
враль,* v r + a0 + l',вра0ль
врач,* v r a0 ch,вра0ч
врачам,* v r a1 ch / a0 m,врача0м
врачебный,* v r a1 ch + e0 b n / y4 j,враче0бный
врачей,* v r a1 ch / e0 j,враче0й
врачом,* v r a1 ch / o0 m,врачо0м
вредно,* v r' e0 d + n + a4,вре0дно
вредным,* v r' e0 d + n / y4 m,вре0дным
времен,* v r' i1 m' + o0 n,време0н
временем,* v r' e0 m' + i4 n' / i4 m,вре0менем
времени,* v r' e0 m' + i4 n' / i4,вре0мени
временно,* v r' e0 m' + i4 n + a4,вре0менно
время,* v r' e0 m' / a4,вре0мя
вроде,~ v * r o0 d' + i4,вро0де
вряд,* v r' a0 t,вря0д
все,* s' e0 / v,все0
все-таки,* f s' + e0 + t a4 k' i4,все0-таки
всевозможных,* f s' = i1 ~ v a1 z * m o0 zh + n / y4 h,всевозмо0жных
всегдашнее,* f s' + i1 g d a0 + sh n' / i4 j i4,всегда0шнее
всегдашнем,* f s' + i1 g d a0 + sh n' / i4 m,всегда0шнем
всегдашний,* f s' + i1 g d a0 + sh n' / i4 -,всегда0шний
всей,* f s' / e0 j,все0й
всем,* - s' / e0 m,все0м
всеми,* f s' / e0 m' i4,все0ми
всерьез,~ f * s' i1 r' j o0 s,всерье0з
всех,* f s' / e0 h,все0х
вскинул,~ f s * k' i0 + n u4 + l,вски0нул
вскоре,~ f * s k o0 r' + e4,вско0ре
вскочил,~ f * s k a1 ch + i0 + l,вскочи0л
вскочили,~ f * s k a1 ch + i0 + l' / i4,вскочи0ли
вслед,~ f * s l' e0 d,всле0д
вслепую,~ f * s l' i1 p + u0 j u4,вслепу0ю
вслух,~ f * s l u0 h,вслу0х
вспоминал,~ f s ~ p a2 * m' i1 n + a0 + l,вспомина0л
вспоминать,~ f s ~ p a2 * m' i1 n + a0 / t',вспомина0ть
вспомни,~ f s ~ p o0 * m n' + i4,вспо0мни
вспомнил,~ f s ~ p o0 * m n' i4 + l,вспо0мнил
вспомнилась,~ f s ~ p o0 * m n' i4 + l / a4 ^ s',вспо0мнилась
вспомнились,~ f s ~ p o0 * m n' i4 + l' / i4 ^ s,вспо0мнились
вспомнилось,~ f s ~ p o0 * m n' i4 + l / a4 ^ s',вспо0мнилось
вспомнить,~ f s ~ p o0 * m n' + i4 / t',вспо0мнить
вставай,~ f * s t a1 v + a0 + j,встава0й
вставали,~ f * s t a1 v + a0 + l' / i4,встава0ли
вставать,~ f * s t a1 v + a0 / t',встава0ть
вставными,~ f * s t a1 v + n / y0 m' i4,вставны0ми
встал,~ f * s t a0 + l,вста0л
встретил,* f s t r' e0 t' + i4 + l,встре0тил
встретила,* f s t r' e0 t' + i4 + l / a4,встре0тила
встретили,* f s t r' e0 t' + i4 + l' / i4,встре0тили
встретились,* f s t r' e0 t' + i4 + l' / i4 ^ s',встре0тились
встретился,* f s t r' e0 t' + i4 + l ^ s' a4,встре0тился
встречайте,* f s t r' i1 ch + a0 + j + t' i4,встреча0йте
встречал,* f s t r' i1 ch + a0 + l,встреча0л
встречались,* f s t r' i1 ch + a0 + l' / i4 ^ s',встреча0лись
встречать,* f s t r' i1 ch + a0 / t',встреча0ть
встречаться,* f s t r' i1 ch + a0 / c ^ - a4,встреча0ться
встречаю,* f s t r' i1 ch + a0 / j u4,встреча0ю
встрече,* f s t r' e0 ch / i4,встре0че
встречи,* f s t r' e0 ch / i4,встре0чи
встречных,* f s t r' e0 ch + n / y4 h,встре0чных
вступало,~ f * s t u1 p + a0 + l / a4,вступа0ло
вступают,~ f * s t u1 p + a0 / j u4 d,вступа0ют
вступление,~ f * s t u1 p + l' + e0 n' i4 j / i4,вступле0ние
всучить,~ f * s u1 ch + i0 / t',всучи0ть
всякая,* f s' a0 k / a4 j a4,вся0кая
всякие,* f s' a0 k' / i4 - i4,вся0кие
всякий,* f s' + a0 k' / i4 j,вся0кий
всяких,* f s' a0 k' / i4 h,вся0ких
всякого,* f s' + a0 k / a4 v a4,вся0кого
всякой,* f s' + a0 k / a4 -,вся0кой
всяком,* f s' + a0 k / a4 m,вся0ком
всяческие,* f s' + a0 ch + i4 + s k' / i4 j i4,вся0ческие
втайне,~ f * t a0 j n' + i4,вта0йне
втерлась,~ f * t' o0 r + l / a4 ^ s',вте0рлась
втискивался,~ f * t' i0 s k' + i4 v a4 + l ^ s' a4,вти0скивался
второй,* - t a1 r / o0 j,второ0й
втором,* f t a1 r / o0 m,второ0м
вторую,* f t a1 r / u0 j u4,втору0ю
втроем,~ f * t r + a1 + j o0 m,втрое0м
вуалька,* v u1 a0 l' + k / a4,вуа0лька
входить,~ f * h a1 d' + i0 / t',входи0ть
входная,~ f * h a1 d + n / a0 - i4,входна0я
вцепившись,~ f * c y1 p' + i0 + f sh y4 ^ s',вцепи0вшись
вчерашнего,* f ch i1 r + a0 sh n' / i4 v a4,вчера0шнего
вчерашнем,* f ch i1 r a0 + sh n' / i4 m,вчера0шнем
въехать,~ v * j e0 h + a4 / t',въе0хать
вы,* o0 / n,вы0
выбежал,~ v y0 * b' i4 zh + a4 + l,вы0бежал
выбирай,~ v y1 * b' i1 r + a0 + j,выбира0й
выбор,~ v y0 * b a4 r,вы0бор
выбора,~ v y0 * b a4 r / a4,вы0бора
выбрал,~ v y0 * b r + a4 + l,вы0брал
выбрался,~ v y0 * b r + a4 + l ^ s' a4,вы0брался
выбрасывала,~ v y1 * b r a0 s + y4 v a4 + l / a4,выбра0сывала
вывозить,~ v y1 * v a1 z' + i0 / t',вывози0ть
выглядел,~ v y0 * g l' i4 d' + i4 + l,вы0глядел
выглядело,~ v y0 * g l' i4 d' + i4 + l / a4,вы0глядело
выглядит,~ v y0 * g l' a4 d' / i4 t,вы0глядит
выглядывал,~ v y1 * g l' a0 d + y4 v a4 + l,выгля0дывал
выглядываю,~ v y1 * g l' a0 d + y4 v a4 / j u4,выгля0дываю
выглядят,~ v y0 * g l' i4 d' / i4 t,вы0глядят
выгляжу,~ v y0 * g l' i4 zh / u4,вы0гляжу
выглянул,~ v y0 * g l' a4 + n u4 + l,вы0глянул
выдававшемся,~ v y1 * d a1 v + a0 + f sh / y4 m ^ s' a4,выдава0вшемся
выдавал,~ v y1 * d a1 v + a0 + l,выдава0л
выдал,~ v y0 * d a4 + l,вы0дал
выдвижных,~ v y1 * d v' i1 zh + n / y0 h,выдвижны0х
выдвинул,~ v y0 * d v' i4 + n u4 + l,вы0двинул
выдвинули,~ v y0 * d v' i4 + n u4 + l' / i4,вы0двинули
выделять,~ v y1 * d' i1 l' + a0 / t',выделя0ть
выделяют,~ v y1 * d' i1 l' + a0 / j u4 t,выделя0ют
выдержал,~ v y0 * d' i4 r zh + a4 + l,вы0держал
выдерживает,~ v y1 * d' e0 r zh + y4 v a4 / j i4 t,выде0рживает
выдерживают,~ v y1 * d' e0 r zh + y4 v a4 / j u4 t,выде0рживают
выдержка,~ v y0 * d' i4 r sh + k / a4,вы0держка
выезжали,~ v y1 * j i1 zh + a0 + l' / i4,выезжа0ли
вызвать,~ v y0 * z v + a4 / c,вы0звать
выздоровел,~ v y0 * z d a4 r a4 v' + i4 + l,вы0здоровел
выздороветь,~ v y0 * z d a4 r a4 v' + i4 / t',вы0здороветь
вызовом,~ v y0 * z a4 v / a4 m,вы0зовом
вызову,~ v y0 * z a4 v / u4,вы0зову
вызывали,~ v y0 * z - v + a0 + l' / i4,вы0зывали
вызывать,~ v y1 * z y1 v + a0 / t',вызыва0ть
вызывают,~ v y1 * z y1 v + a0 / j u4 t,вызыва0ют
выиграл,~ v y0 * i4 g r + a4 + l,вы0играл
выйдет,~ v y0 * j d' / i4 d,вы0йдет
выйдут,~ v y0 * j d / u4 t,вы0йдут
выйти,~ v y0 * j / t' i4,вы0йти
выключал,~ v y1 * k l' u1 ch + a0 + l,выключа0л
выключил,~ v y0 * k l' u4 ch + i4 + l,вы0ключил
выключила,~ v y0 * k l' u4 ch + i4 + l / a4,вы0ключила
выключили,~ v y0 * k l' u4 ch + i4 + l' / i4,вы0ключили
выкрикнул,~ v y0 * k r' i4 k + n u4 + l,вы0крикнул
выкручивать,~ v y1 * k r u0 ch + i4 v a4 / t',выкру0чивать
вылазка,~ v y0 * l a4 s + k / a4,вы0лазка
вылитая,~ v y0 * l' i4 t + a4 + - -,вы0литая
вымаливала,~ v y1 * m a0 l' + i4 v a4 + l / a4,выма0ливала
вынес,~ v y0 * n' i4 s,вы0нес
вынесла,~ v y0 * n' i4 s + l / a4,вы0несла
вынести,~ v y0 * n' i4 s' / t' i4,вы0нести
вынула,~ v y0 * n u4 + l / a4,вы0нула
выпалил,~ v y0 * p a4 l' + i4 + l,вы0палил
выпил,~ v y0 * p' i4 + l,вы0пил
выпила,~ v y0 * p' i4 + l / a4,вы0пила
выпить,~ v y0 * p' i4 / t',вы0пить
выпишут,~ v y0 * p' i4 sh / u4 t,вы0пишут
выполнил,~ v y0 * p a4 l n' + i4 + l,вы0полнил
выполнить,~ v y0 * p a4 l n' + i4 / d',вы0полнить
выполняет,~ v y1 * p a1 l n' + a0 / - i4 t,выполня0ет
выполнять,~ v y1 * p a1 l n' + a0 / t',выполня0ть
выполняя,~ v y1 * p a1 l n' + a0 + j a4,выполня0я
выпрямилась,~ v y0 * p r' i4 m' + i4 + l / a4 ^ s',вы0прямилась
выработалось,~ v y0 * r a4 b a4 t + a4 + l / a4 ^ s',вы0работалось
выражало,~ v y1 * r a1 zh + a0 + l / a4,выража0ло
выражаться,~ v y1 * r a1 zh + a0 ^ c a4,выража0ться
выражение,~ v y1 * r a1 zh + e0 n' i4 j / i4,выраже0ние
выражением,~ v y1 * r a1 zh + e0 n' i4 j / i4 m,выраже0нием
выразился,~ v y0 * r a4 z' + i4 + l ^ s' a4,вы0разился
выращивает,~ v y1 * r a0 sc + i4 v - / j i4 t,выра0щивает
вырвались,~ v y0 * r v + a4 + l' / i4 ^ s',вы0рвались
вырвалось,~ v y0 * r v + a4 + l / a4 ^ s',вы0рвалось
выросли,~ v y0 * r a4 s + l' / i4,вы0росли
выручавший,~ v y1 * r u1 ch + a0 + f sh / y4 j,выруча0вший
выручить,~ v y0 * r u4 ch + i4 / t',вы0ручить
вырываю,~ v y1 * r y1 v + a0 / j u4,вырыва0ю
высились,* v y0 s' + i4 + l' / i4 ^ s',вы0сились
высказал,~ v y0 ~ s * k a4 z + a4 + l,вы0сказал
высказывать,~ v y1 ~ s * k a0 z + y4 v a4 / t',выска0зывать
высказываться,~ v y1 ~ s * k a0 z + y4 v a4 ^ c a4,выска0зываться
выскакивал,~ v y1 * s k a0 k' + i4 v a4 + l,выска0кивал
выскакивают,~ v y1 * s k a0 k' + i4 v a4 / j u4 t,выска0кивают
выскочил,~ v y0 * s k a4 ch + i4 + l,вы0скочил
высокая,* v y1 s + o0 k / a4 j a4,высо0кая
высокие,* v y1 s + o0 k' / i4 j i4,высо0кие
высокое,* v y1 s + o0 k / a4 - i4,высо0кое
высокой,* v y1 s + o0 k / a4 j,высо0кой
высокомерно,* v y1 s + a2 k = a1 * m' e0 r + n + a4,высокоме0рно
высоченные,* v y0 s + a4 ch + e0 n / y4 j i4,вы0соченные
выспрашивать,~ v y1 ~ s * p r a0 sh + y4 v a4 / t',выспра0шивать
выставил,~ v y0 * s t a4 v' + i4 + l,вы0ставил
выстроил,~ v y0 * s t r a4 + i4 + l,вы0строил
выступил,~ v y0 * s t u4 p' + - + -,вы0ступил
выступила,~ v y0 * s t u4 p' + i4 + l / a4,вы0ступила
высунулась,~ v y0 * s u4 n + u4 + l / a4 ^ s',вы0сунулась
высыпаемся,~ v y1 * s y1 p + a0 / j i4 m ^ s' a4,высыпа0емся
вытерла,~ v y0 * t' i4 r + l / a4,вы0терла
вытиравшую,~ v y1 * t' i1 r + a0 + f sh / u4 j u4,вытира0вшую
вытирала,~ v y1 * t' i1 r + a0 + l / a4,вытира0ла
вытягивая,~ v y1 * t' a0 g' + i4 v a4 + - i4,вытя0гивая
вытянув,~ v y0 * t' a4 n + u4 + f,вы0тянув
вытянул,~ v y0 * t' i4 n + u4 + l,вы0тянул
выудила,~ v y0 * u4 d' + i4 + l / a4,вы0удила
выход,~ v y0 * h a4 t,вы0ход
выходила,~ v y1 * h a1 d' + i0 + l / a4,выходи0ла
выходили,~ v y1 * h a1 d' + i0 + l' / i4,выходи0ли
выходило,~ v y0 * h a4 d' + i0 + l / a4,вы0ходило
выходит,~ v y1 * h o0 d' / i4 d,выхо0дит
выходить,~ v y1 * h a1 d' + i0 / d',выходи0ть
выходным,~ v y1 * h a1 d + n / y0 m,выходны0м
выходят,~ v y1 * h o0 d' / i4 t,выхо0дят
выше,* v y0 sh + y4,вы0ше
вышел,~ v y0 * sh + y4 + l,вы0шел
вышла,~ v y0 * sh + l / a4,вы0шла
вышли,~ v y0 * sh + l' / i4,вы0шли
вышло,~ v y0 * sh + l / a4,вы0шло
выяснения,~ v y1 * - i1 s' n' + e0 n' i4 - / i4,выясне0ния
выяснилось,~ v y0 * j i4 s' n' + i4 + l / a4 ^ s',вы0яснилось
вьются,* v' / j u0 ^ c a4,вью0тся
вязала,* v' i1 z + a0 + l / a4,вяза0ла
гадость,* g a0 d + a4 s' t',га0дость
газ,* g a0 s,га0з
газет,* g a1 z' e0 t,газе0т
газетам,* g a1 z' e0 t / a4 m,газе0там
газетами,* g a1 z' e0 t / a4 m' i4,газе0тами
газетах,* g a1 z' e0 t / a4 h,газе0тах
газете,* g a1 z' e0 t' / i4,газе0те
газетке,* g a1 z' e0 t + k' / i4,газе0тке
газетный,* g a1 z' e0 t + n / y4 j,газе0тный
газеты,* g a1 z' e0 t / y4,газе0ты
газовую,* g a0 z + a4 v / u4 j u4,га0зовую
газом,* g a0 z / a4 m,га0зом
галстук,* g a0 l s t u4 k,га0лстук
галстуком,* g a0 l s t u4 k / a4 m,га0лстуком
гасиенду,* g a2 s' i1 j e0 n d / u4,гасие0нду
гвоздики,* g v a1 z' d' + i0 k' / i4,гвозди0ки
гвоздь,* g v o0 s' t',гво0здь
где-нибудь,* g d' e0 + n' i4 b u4 d',где0-нибудь
где-то,* g d' e0 + t a1,где0-то
генеральская,* g' i1 n' i1 r a0 l' + s k / a4 - i4,генера0льская
гениальное,* g' i1 n' i1 + a0 l' n / a4 - i4,гениа0льное
географически,* g' i1 a2 g r a1 f' + i0 ch + i4 s k' + i4,географи0чески
георгиевич,* g' i1 o0 r g + i4 + j + i4 v',гео0ргиевич
георгиевичем,* g' i1 o0 r g' + i4 + - i4 v' + i4 ch / i4 m,гео0ргиевичем
георгием,* g' i1 o0 r g' + i4 j / i4 m,гео0ргием
георгий,* g' i1 o0 r g' + i4 -,гео0ргий
георгия,* g' i1 o0 r g' + i4 j / a4,гео0ргия
герасимович,* g' i1 r a0 s' i4 m + a4 v' + i4 ch,гера0симович
герои,* g' i1 r o0 / i4,геро0и
гибкость,* g' i0 p + k + a4 s' t',ги0бкость
гимназии,* g' i1 m n a0 z' + i4 / i4,гимна0зии
гимнастикой,* g' i1 m n a0 s' t' + i4 k / a4 j,гимна0стикой
гинега,* g' i1 n' e0 g / a4,гине0га
гири,* g' i0 r' / i4,ги0ри
гирькой,* g' i0 r' + k / a4 j,ги0рькой
гирьку,* g' i0 r' + k / u4,ги0рьку
гирю,* g' i0 r' / u4,ги0рю
гитарами,* g' i1 t a0 r / a4 m' i4,гита0рами
главами,* g l a0 v / a4 m' i4,гла0вами
главное,* g l a0 v + a4 / a4 j i4,гла0вное
главной,* g l a0 v + n / a4 j,гла0вной
главную,* g l a0 v + n / u4 - ju4,гла0вную
главным,* g l a0 v + n / y4 m,гла0вным
главою,* g l a1 v / o0 j u4,главо0ю
гладил,* g l a0 d' + i4 + l,гла0дил
гладила,* g l a0 d' + i4 + l / a4,гла0дила
глаз,* g l a0 s,гла0з
глаза,* g l a0 z / a0,гла0за
глазами,* - l a1 z / a0 m' i4,глаза0ми
глазах,* g l a1 z / a0 h,глаза0х
глазунья,* g l a1 z + u0 n' / j a4,глазу0нья
глине,* g l' i0 n' / i4,гли0не
глинки,* g l' i0 n k' / i4,гли0нки
глотатель,* g l a1 t + a0 + t' i4 l',глота0тель
глубже,* g l u0 b + zh y4,глу0бже
глупая,* g l u0 p / a4 j a4,глу0пая
глупее,* g l u1 p' + e0 j i4,глупе0е
глупейший,* g l u1 p' + e0 j sh / y4 j,глупе0йший
глупейшую,* g l u1 p' + e0 j sh / u4 j u4,глупе0йшую
глупо,* g l u0 p + a4,глу0по
глупости,* g l u0 p + a4 s' t' / i4,глу0пости
глупость,* - l u0 p + a4 s' t',глу0пость
глупостью,* g l u0 p + a4 s' t' / j u4,глу0постью
глупую,* g l u0 p\u4 j u4,глу0пую
глухая,* g l u1 h a0 / j a4,глуха0я
глухих,* g l u1 h' / i0 h,глухи0х
глухого,* g l u1 h / o0 v a4,глухо0го
глухой,* g l u1 h / o0 j,глухо0й
глыбами,* g l y0 b / a4 m' i4,глы0бами
глядел,* g l' i1 d' + e0 + l,гляде0л
глядеть,* g l' i1 d' + e0 / t',гляде0ть
глядя,* g l' a0 d' + a4,гля0дя
гнева,* g n' e0 v / a4,гне0ва
гневом,* g n' e0 v / a4 m,гне0вом
гнездовья,* g n' i1 z d o0 + v' / j a4,гнездо0вья
гнетет,* - n' i1 t' / o0 c,гнете0т
гнусная,* g n u0 s + n / a4 j a4,гну0сная
гнутся,* g n / u0 ^ c a4,гну0тся
говорил,* g a2 v a1 r' + i0 + l,говори0л
говорила,* g a2 v a1 r' + i0 + l / a4,говори0ла
говорили,* g a2 v a1 r' + i0 + l' / i4,говори0ли
говорит,* a2 v a1 r' i0 / t a1,говори0т
говорите,* g a2 v a1 r' + i0 + t' i4,говори0те
говорить,* - a2 v a1 r' + i0 + t',говори0ть
говоришь,* g a2 v a1 r' / i0 sh,говори0шь
говорят,* g a2 v a1 r' / a0 c,говоря0т
год,* g o0 d,го0д
года,* g a1 d / a0,года0
годами,* g a1 d / a0 m' i4,года0ми
годах,* g a1 d / a0 h,года0х
годится,* g a1 d' / i0 ^ c a4,годи0тся
году,* g o0 d / u4,го0ду
годы,* g o0 d / y4,го0ды
голая,* g o0 l / a4 j a4,го0лая
головах,* g a2 l a1 v / a0 h,голова0х
головой,* g a2 l a1 v / o0 j,голово0й
голову,* g o0 l a4 v / u4,го0лову
головы,* g o0 l a4 v / y4,го0ловы
голодали,* g a2 l a1 d + a0 + l' / i4,голода0ли
голодное,* g a1 l o0 d + n / a4 j i4,голо0дное
гололедица,* g a2 l ^ a1 * l' e0 d' + i4 c / a4,гололе0дица
голос,* g o0 l a4 s,го0лос
голоса,* g o0 l a4 s / a4,го0лоса
голосом,* g o0 l a4 s / a4 m,го0лосом
голосу,* g o0 l a4 s / u4,го0лосу
голубея,* g a2 l u1 b' + e0 + j a4,голубе0я
голубые,* g a2 l u1 b / y0 - i4,голубы0е
голубю,* g o0 l u4 b' / u4,го0лубю
голый,* g o0 l / y4 j,го0лый
голыми,* g o0 l / y4 m' i4,го0лыми
голышманова,* g a1 l y1 sh m a0 n a4 v / a4,голышма0нова
голышманово,* g a2 l y1 sh m a0 n a4 v / a4,голышма0ново
гонор,* g o0 n a4 r,го0нор
гонялся,* g a1 n' + a0 + l ^ s' a4,гоня0лся
гораздо,* g a1 r a0 z d + a4,гора0здо
горах,* g a1 r / a0 h,гора0х
горбатенькая,* g a1 r b + a0 t' + i4 n' k / a4 j a4,горба0тенькая
гордая,* g o0 r d / a4 j a4,го0рдая
горделиво,* g a2 r d' + i1 + l' i0 v + a4,гордели0во
гордился,* g a1 r d' + i0 + l ^ s' a4,горди0лся
гордится,* g a1 r d' / i0 ^ c a4,горди0тся
гордо,* g o0 r d + a4,го0рдо
гордой,* g o0 r d / a4 j,го0рдой
гордости,* g o0 r d + a4 s' t' / i4,го0рдости
гордость,* g o0 r d + a4 s' t',го0рдость
гордостью,* g o0 r d + a4 s' t' / j u4,го0рдостью
гордые,* g o0 r d / y4 j i4,го0рдые
гордятся,* g a1 r d' / a0 ^ c a4,гордя0тся
горе,* g o0 r' / i4,го0ре
горевал,* g a2 r' + i1 v a0 + l,горева0л
горела,* g a1 r' + e0 + l / a4,горе0ла
горизонте,* g a2 r' i1 z o0 n t' / i4,горизо0нте
горло,* g o0 r l / a4,го0рло
горном,* g o0 r n / a4 m,го0рном
горный,* g o0 r + n / y4 j,го0рный
города,* g o0 r a4 d / a4,го0рода
городе,* g o0 r a4 d' / i4,го0роде
городскому,* g a2 r a1 + c k / o0 m u4,городско0му
горшках,* g a1 r sh + k / a0 h,горшка0х
горы,* g o0 r / y4,го0ры
горячая,* g a1 r' a0 ch / a4 j a4,горя0чая
горячей,* g a1 r' a0 ch / i4 j,горя0чей
господ,* g a1 s p o0 t,госпо0д
господи,* g o0 s p a4 d' / i4,го0споди
гостем,* g o0 s' t' / i4 m,го0стем
гостеприимная,* g a2 s' t' = i1 ~ p r' i1 * i0 m + n / a4 - a4,гостеприи0мная
гостеприимство,* g a2 s' t' = i1 ~ p r' i1 * i0 m + s t v / a4,гостеприи0мство
гости,* g o0 s' t' / i4,го0сти
гостя,* g o0 s' t' / a4,го0стя
готов,* a1 t o0 v b,гото0в
готова,* g a1 t o0 v / a4,гото0ва
готовил,* g a1 t o0 v' + i4 + l,гото0вил
готовила,* g a1 t o0 v' + i4 + l / a4,гото0вила
готовилась,* g a1 t o0 v' + i4 + l / a4 ^ s',гото0вилась
готовится,* g a1 t o0 v' / i4 ^ c a4,гото0вится
готовишь,* g a1 t o0 v' / i4 sh,гото0вишь
готовлю,* g a1 t o0 v + l' / u4,гото0влю
готовы,* g a1 t o0 v / y4,гото0вы
готовые,* g a1 t o0 v / y4 j i4,гото0вые
грабит,* g r a0 b' / i4 t,гра0бит
гражданская,* g r a1 zh d a0 n + s k / a4 j a4,гражда0нская
граммов,* g r a0 m / a4 f,гра0ммов
границу,* g r a1 n' + i0 c / u4,грани0цу
графин,* g r a1 f' i0 n,графи0н
гремели,* g r' i1 m' + e0 + l' / i4,греме0ли
грех,* g r' e0 h,гре0х
григорьевич,* g r' i1 g o0 r' + j i4 v' + i4 ch,григо0рьевич
грипп,* g r' i0 p,гри0пп
гриппозную,* g r' i1 p + o0 z n / u4 j u4,гриппо0зную
гроб,* g r o0 p,гро0б
гробом,* g r o0 b / a4 m,гро0бом
громадный,* g r a1 m a0 d + n / y4 j,грома0дный
громадными,* g r a1 m a0 d + n / y4 m' i4,грома0дными
громкий,* g r o0 m + k' / i4 -,гро0мкий
громким,* g r o0 m + k' / i4 m,гро0мким
громких,* g r o0 m + k' / i4 h,гро0мких
громко,* g r o0 m + k + a4,гро0мко
громче,* g r o0 m + ch + i4,гро0мче
грубо,* g r u0 b + a4,гру0бо
грубовато,* g r u1 b + a1 v a0 t + a4,грубова0то
грубоватости,* g r u1 b + a1 v a0 t + a4 s' t' / i4,грубова0тости
грубоватым,* g r u1 b + a1 v a0 t / y4 m,грубова0тым
грудь,* g r u0 t',гру0дь
грузен,* g r u0 z' + i4 n,гру0зен
грузинской,* g r u1 z' + i0 n + s k / a4 j,грузи0нской
грузовик,* g r u1 z + a1 v' + i0 g,грузови0к
грузчиком,* g r u0 + sc i4 k / a4 m,гру0зчиком
группами,* g r u0 p / a4 m' i4,гру0ппами
группе,* g r u0 p' / i4,гру0ппе
грустить,* g r u1 s' t' + i0 / t',грусти0ть
грустно,* g r u0 s + n + a4,гру0стно
грустное,* g r u0 s + n / a4 j i4,гру0стное
грустной,* g r u0 s + n / a4 j,гру0стной
грустью,* g r u0 s' t' / j u4,гру0стью
грязновато,* g r' i1 z n + a1 v a0 t + a4,грязнова0то
грязным,* g r' a0 z + n / y4 m,гря0зным
губ,* g u0 p,гу0б
губами,* g u1 b / a0 m' i4,губа0ми
губы,* g u0 b / y4,гу0бы
гудрон,* g u1 d r o0 n,гудро0н
гуляли,* g u1 l' + a0 + l' / i4,гуля0ли
гулять,* g u1 l' + a0 / t',гуля0ть
гуляют,* g u1 l' + a0 / j u4 t,гуля0ют
густава,* g u0 s t a4 v / a4,гу0става
густела,* g u1 s' t' + e0 + l / a4,густе0ла
густело,* g u1 s' t' + e0 + l / a4,густе0ло
густо,* g u0 s t + a4,гу0сто
давай,* d a1 + v a0 + j,дава0й
давал,* d a1 + v a0 + l,дава0л
давали,* d a1 + v a0 + l' / i4,дава0ли
давать,* d a1 + v a0 / d',дава0ть
давила,* d a1 v' + i0 + l / a4,дави0ла
давление,* d a1 v + l' + e0 n' i4 / - i4,давле0ние
давленым,* d a0 v + l' + i4 n / y4 m,да0вленым
давних,* d a0 v n' / i4 h,да0вних
дагестане,* d a2 g' i1 s t a0 n' / i4,дагеста0не
дадут,* d a1 d / u0 t,даду0т
дает,* d a1 / j o0 c,дае0т
даже,* d a0 zh e4,да0же
дай,* d a0 + j,да0й
дал,* d a0 + l,да0л
далее,* d a0 l' + i4 - i4,да0лее
далекий,* d a1 l' + o0 k' / i4 j,дале0кий
дали,* d a0 + l' / i4,да0ли
дальнего,* d a0 l' + n' / i4 v a4,да0льнего
дальний,* d a0 l' + n' / i4 j,да0льний
дальше,* d a0 l' + sh y4,да0льше
дам,* d a0 / m,да0м
данном,* d a0 + n / a4 m,да0нном
данные,* d a0 + n / y4 j i4,да0нные
дантист,* d a1 n' t' i0 s t,данти0ст
дантистом,* d a1 n t' i0 s t / a4 m,данти0стом
даром,* d a0 r / a4 m,да0ром
дать,* d a0 / d,да0ть
дач,* d a0 + ch,да0ч
дача,* d a0 + ch / a4,да0ча
даче,* d a0 + ch / e4,да0че
дачи,* d a0 + ch / i4,да0чи
дачке,* d a0 + ch + k' / i4,да0чке
дачная,* d a0 + ch + n / a4 j a4,да0чная
дачниками,* d a0 + ch + n' i4 k / a4 m' i4,да0чниками
дачное,* d a0 + ch + n / a4 j i4,да0чное
дачной,* d a0 + ch + n / a4 j,да0чной
дачном,* d a0 ch + n / a4 m,да0чном
дачный,* d a0 + ch + n / y4 j,да0чный
дачным,* d a0 + ch + n / y4 m,да0чным
дачными,* d a0 + ch + n / y4 m' i4,да0чными
дачу,* d a0 + ch / u4,да0чу
дают,* d a1 / j u0 t,даю0т
двадцатиметровая,* d v + a2 c a2 t' = i0 * m' i1 t r + o0 v / a4 - i4,двадцати0метровая
двадцатиметровой,* d v + a2 c a2 t' = i1 * m' i1 t r + o0 v / a4 j,двадцатиметро0вой
двадцатого,* d v + a1 c a0 t / a4 v a4,двадца0того
двадцатых,* d v + a1 c a0 t / y4 h,двадца0тых
двадцать,* d v + a0 c a4 d',два0дцать
двенадцать,* d v' + i1 + n a0 c a4 d',двена0дцать
дверей,* d v' i1 r' / e0 j,двере0й
двери,* d v' e0 r' / i4,две0ри
дверным,* d v' i1 r + n / y0 m,дверны0м
дверцу,* d v' e0 r + c / u4,две0рцу
дверь,* d v' e0 r',две0рь
дверью,* d v' e0 r' / j u4,две0рью
дверям,* d v' i1 r' / a0 m,дверя0м
двести,* d v' = e0 * s' t' / -,две0сти
двигавшейся,* d v' i0 g + a4 + f sh / y4 j ^ s' a4,дви0гавшейся
двигались,* d v' i0 g + a4 + l' / i4 ^ s',дви0гались
двигался,* d v' i0 g + a4 + l ^ s' a4,дви0гался
двигаться,* d v' i0 g + a4 ^ c a4,дви0гаться
движении,* d v' i1 zh + e0 n' i4 / i4,движе0нии
движеньи,* d v' i1 zh + e0 n' + j / i4,движе0ньи
двинулся,* d v' i0 + n u4 + l ^ s' a4,дви0нулся
двое,* d v + o0 / - i4,дво0е
двойки,* d v o0 j k' / -,дво0йки
двойку,* d v o0 j k / u4,дво0йку
двойняшки,* d v + a1 j n' + a0 sh k' / i4,двойня0шки
двор,* d v o0 r,дво0р
двоюродного,* d v = a1 j u0 * r a4 d + n / a4 v a4,двою0родного
двоюродной,* d v + a1 j u0 * r a4 d + n / a4 j,двою0родной
двоюродный,* d v + a1 j u0 * r a4 d + n / y4 j,двою0родный
двоюродным,* d v = a1 j u0 * r a4 d + n / y4 m,двою0родным
двумя,* d v / u1 m' a0,двумя0
двустороннюю,* d v = u1 * s t a1 r o0 n' / u4 j u4,двусторо0ннюю
двух,* d v / u0 h,дву0х
двухкомнатная,* - v + u1 h * k o0 m n a4 t + n / a4 j a4,двухко0мнатная
двухместного,* d v + u1 h * m' e0 s + n / - - -,двухме0стного
двухпудовую,* d v + u1 h * p u1 d + o0 v / u4 j u4,двухпудо0вую
девалась,* d' i1 + v a0 + l / a4 ^ s',дева0лась
девичий,* d' e0 v' + i4 ch + i4 j,де0вичий
девочка,* d' e0 v + a4 ch k / a4,де0вочка
девочке,* d' e0 v + a4 ch k' / i4,де0вочке
девочки,* d' e0 v + a4 ch k' / i4,де0вочки
девочкой,* d' e0 v + a4 ch k / a4 j,де0вочкой
девушки,* d' e0 v + u4 sh k' / i4,де0вушки
девушку,* d' e0 v + u4 sh k / u4,де0вушку
девчонка,* d' i1 f + ch + o0 n k / a4,девчо0нка
девчонки,* d' i1 f + ch + o0 n k' / i4,девчо0нки
девчонкой,* d' i1 f + ch + o0 n k / a4 j,девчо0нкой
девяносто,* d' i1 v' + i1 n = o0 * s t / a4,девяно0сто
девятнадцатом,* d' i1 v' i1 t + n a0 c a4 t / a4 m,девятна0дцатом
девятого,* d' i1 v' a0 t / a4 v a4,девя0того
девятой,* d' i1 v' + a0 t / a4 j,девя0той
девять,* d' e0 v' a4 t',де0вять
девятьсот,* d' i1 v' i1 c * - o0 d,девятьсо0т
дед,* d' e0 d,де0д
деда,* d' e0 d / a4,де0да
дедом,* d' e0 d / a4 m,де0дом
деду,* d' e0 d / u4,де0ду
дедушку,* d' e0 d + u4 sh k / u4,де0душку
действие,* d' e0 + j + s t v + i4 - / i4,де0йствие
действий,* d' e0 + j + s t v' / i4 j,де0йствий
действительно,* d' i1 + - + s t v' + i0 + t' i4 l' + n + a4,действи0тельно
действовать,* d' e0 + j + s t v + a4 v + a4 + t',де0йствовать
действуя,* d' e0 + j + s t v + u4 + j a4,де0йствуя
дел,* d' e0 + l,де0л
дела,* d e0 + l / a4,де0ла
делает,* d' e0 + l + a4 / j i4 t,де0лает
делается,* d' e0 + l + a4 / j i4 ^ c a4,де0лается
делаешь,* d' e0 + l + a4 / j i4 sh,де0лаешь
делай,* d' e0 + l + a4 + j,де0лай
делал,* d' e0 + l + a4 + l,де0лал
делала,* d' e0 + l + a4 + l / a4,де0лала
делали,* d' e0 + l + a4 + l' / i4,де0лали
делами,* d' i1 + l / a0 m' i4,дела0ми
делать,* d' e0 + l + a4 / d',де0лать
делах,* d' i1 + l / a0 h,дела0х
делаю,* d' e0 + l + a4 / j u4,де0лаю
делают,* d' e0 + l + a4 / j u4 t,де0лают
делая,* d' e0 + l + a4 + j a4,де0лая
деле,* d' e0 l' / e4,де0ле
деликатно,* d' i1 l' i1 k a0 t n + a4,делика0тно
дело,* d' e0 + l / a4,де0ло
деловой,* d' i1 + l + a1 v / o0 j,делово0й
деловым,* d' i1 + l + a1 v / y0 m,деловы0м
делом,* d' e0 + l / a4 m,де0лом
делу,* d' e0 + l / u4,де0лу
денег,* - e0 n' i4 k,де0нег
денек,* d' i1 n' + o0 k,дене0к
день,* d' e0 n',де0нь
деньги,* d' e0 n' g' / i4,де0ньги
дергал,* d' o0 r g + a4 + l,де0ргал
дергало,* d' o0 r g + a4 + l / a4,де0ргало
дерева,* d' e0 r' i4 v / a4,де0рева
деревенской,* d' i1 r' i1 v' + e0 n + s k / a4 j,дереве0нской
деревенька,* d' i1 r' i1 v' + e0 n' + k / a4,дереве0нька
деревней,* d' i1 r' e0 v + n' / i4 j,дере0вней
деревянного,* d' i1 r' i1 v' + a0 n + - / a4 v a4,деревя0нного
деревянной,* d' i1 r' i1 v' + a0 + n / a4 j,деревя0нной
деревянный,* d' i1 r' i1 v' + a0 + n / y4 j,деревя0нный
держал,* d' i1 r zh + a0 + l,держа0л
держала,* d' i1 r zh + a0 + l / -,держа0ла
держит,* d' e0 r zh / y4 t,де0ржит
дернул,* d' o0 r + n u4 + l,де0рнул
дерюгами,* d' i1 r' u0 g / a4 m' i4,дерю0гами
дескать,* d' e0 s k a4 d',де0скать
десятки,* d' i1 s' a0 t + k' / i4,деся0тки
десятом,* d' i1 s' a0 t / a4 m,деся0том
десять,* d' e0 s' a4 t',де0сять
детей,* d' i1 t' / e0 -,дете0й
детективным,* d y1 t y1 k t' i0 v + n / y4 m,детекти0вным
дети,* d' e0 t' / i4,де0ти
детина,* d' i1 t' + i0 n / a4,дети0на
детская,* d' e0 + c k / a4 j a4,де0тская
детский,* d' e0 + c k' / i4 j,де0тский
детского,* d' e0 + c k / a4 v a4,де0тского
детское,* d' e0 + c k / a4 j i4,де0тское
детской,* d' e0 + c k / a4 j,де0тской
детском,* d' e0 + c k / a4 m,де0тском
детства,* - e0 + c t v / a4,де0тства
детям,* d' e0 t' / i4 m,де0тям
дефект,* d i1 f' e0 k t,дефе0кт
дешевизною,* d' i1 sh y1 v' + i0 z n / a4 j u4,дешеви0зною
дешевыми,* d' i1 sh o0 v / y4 m' i4,деше0выми
деятель,* d' e0 + - i4 + t' i4 l',де0ятель
диагноз,* d' i1 a0 g n a4 s,диа0гноз
дибазол,* d' i1 b a1 z o0 l,дибазо0л
диван,* d' i1 v a0 n,дива0н
дивана,* d' i1 v a0 n / a4,дива0на
диване,* d' i1 v a0 n' / i4,дива0не
дикие,* d' i0 k' / i4 j i4,ди0кие
дикого,* d' i0 k / a4 v a4,ди0кого
дикое,* d' i0 k / a4 j i4,ди0кое
диктантов,* d' i1 k t + a0 n t / a4 f,дикта0нтов
директор,* d' i1 r' e0 k t a4 r,дире0ктор
директора,* d' i1 r' e0 k t a4 r / a4,дире0ктора
директоршей,* d' i1 r' e0 k t a4 r + sh / y4 j,дире0кторшей
длилось,* d l' i0 + l / a4 ^ s',дли0лось
длинная,* d l' i0 + n / a4 j a4,дли0нная
длиннее,* d l' i1 + n' + e0 j i4,длинне0е
длинно,* d l' i0 + n / a4,дли0нно
длинного,* d l' i0 + n / a4 v a4,дли0нного
длинной,* d l' i0 n + - / a4 j,дли0нной
длинному,* d l' i0 n + - / a4 m u4,дли0нному
длинноногая,* d l' i1 + n = a1 * n o0 g / a4 j a4,длинноно0гая
длинные,* d l' i0 n + - / y4 j i4,дли0нные
длинным,* d l' i0 + n / n y4,дли0нным
дмитриев,* - m' i0 t r' + i1 + - i4 f,дми0триев
дмитриева,* - m' i0 t r' + i4 + j i4 v / a4,дми0триева
дмитриевский,* d m' i0 t r' + i4 + j i4 f + s k' / i4 j,дми0триевский
дмитриевскими,* d m' i0 t r' + i4 + j i4 f + s k' / i4 m' i4,дми0триевскими
дмитриевского,* d m' i0 t r' + - + j i4 f + s k / a4 v a4,дми0триевского
дмитриевской,* d m' i0 t r' + i4 + j i4 f + s k / a4 j,дми0триевской
дмитриеву,* d m' i0 t r' + - + j i4 v / u4,дми0триеву
дмитриевым,* d m' i0 t r' + i4 + - i4 v / y4 m,дми0триевым
дмитриевых,* d m' i0 t r' + i0 + j i4 v / y4 h,дми0триевых
дней,* d n' / e0 j,дне0й
днем,* d n' / o0 m,дне0м
дням,* d n' / a0 m,дня0м
днями,* d n' / a0 m' i4,дня0ми
добавил,~ d a1 * b a0 v' + i4 + l,доба0вил
добавила,~ d a1 * b a0 v' + i4 + l / a4,доба0вила
добиваться,* d a2 * b' i1 + v a0 / c ^ - a4,добива0ться
добиться,~ d a1 * b' i0 / c ^ - a4,доби0ться
добр,* d o0 b r,до0бр
добродетели,* d a2 b r = a1 + d' e0 + t' i4 l' / i4,доброде0тели
доброжелательна,* d a2 b r = a2 * zh y1 l a0 + t' i4 l' n / a4,доброжела0тельна
добрые,* d o0 b r / y4 j -,до0брые
добрый,* d o0 b r / y4 j,до0брый
добыть,~ d a1 * b y0 / t',добы0ть
доводит,~ d a1 * v o0 d' / i4 t,дово0дит
довольна,* d a1 v o0 l' n / a4,дово0льна
довольно,* d a1 v o0 l' n + a4,дово0льно
довольны,~ d a1 * v o0 l' + n / y4,дово0льны
догадались,~ d a2 * g a1 d + a0 + l' / i4 ^ s',догада0лись
догадался,~ d a2 * g a1 d + a0 + l ^ s' a4,догада0лся
догадаться,~ d a2 * g a1 d + a0 ^ c a4,догада0ться
догадывались,~ d a1 * g a0 d + y4 v a4 + l' / i4 ^ s',дога0дывались
догадывался,~ d a1 * g a0 d + y4 v a4 + l ^ s' a4,дога0дывался
договаривались,~ d a2 * g a1 v a0 r' + i4 v a4 + l' / i4 ^ s',догова0ривались
договариваются,~ d a2 * g a1 v a0 r' + i4 v a4 / j u4 ^ c a4,догова0риваются
договорились,~ d a2 * g a1 v a1 r' + i0 + l' / i4 ^ s',договори0лись
договорит,~ d a2 * g a2 v a1 r' / i0 d,договори0т
догонять,~ d a2 * g a1 n' + a0 / t',догоня0ть
доехал,~ d a1 * j e0 h + a4 + l,дое0хал
дождался,~ d a1 * zh d + a0 + l ^ s' a4,дожда0лся
дождевой,* d a2 zh d' + i1 v / o0 j,дождево0й
дождей,* d a1 zh d' / e0 j,дожде0й
дождем,* d a1 zh d' / o0 m,дожде0м
дождемся,~ d a1 * zh d' / o0 m ^ s' a4,дожде0мся
дождило,* d a1 zh d' + i0 + l / a4,дожди0ло
дождутся,~ d a1 * zh d / u0 ^ c a4,дожду0тся
дождь,* d o0 sh t',до0ждь
дождями,* d a1 zh d' / a0 m' -,дождя0ми
дожидаются,~ d a2 * zh y1 d + a0 / j u4 ^ c a4,дожида0ются
дожил,~ d o0 * zh y4 + l,до0жил
дозваться,~ d a1 * z v + a0 / c ^ - a4,дозва0ться
дойдет,~ d a1 * j d' / o0 d,дойде0т
доказывать,~ d a1 * k a0 z + y4 v a4 + t',дока0зывать
доказываю,~ d a1 * k a0 z + y4 v a4 / j u4,дока0зываю
докатиться,~ d a2 * k a1 t' + i0 / c ^ - a4,докати0ться
доктор,* d o0 k t a4 r,до0ктор
документацией,* d a2 k u1 m' i1 n t + a0 c y4 - / i4 j,документа0цией
документацию,* d a2 k u1 m' i1 n t + a0 c - j / u4,документа0цию
долгах,* d a1 l g / a0 h,долга0х
долго,* d o0 l g + a4,до0лго
долгом,* d o0 l g / a4 m,до0лгом
должен,* d o0 l zh + y4 n,до0лжен
должно,* d a1 l zh + n / o0,должно0
долинам,* d a1 l' + i0 n / a4 m,доли0нам
дольше,* d o0 l' sh + y4,до0льше
дом,* d o0 m,до0м
дома,* d a1 m / a0,дома0
домам,* d a1 m / a0 m,дома0м
домами,* d a1 m / a0 m' i4,дома0ми
домах,* d a1 m / a0 h,дома0х
домашнем,* d a1 m + a0 + sh n' / i4 m,дома0шнем
домашние,* d a1 m + a0 + sh n' / - j i4,дома0шние
домашних,* - a1 m + a0 sh n' / i4 h,дома0шних
доме,* d o0 m' / i4,до0ме
домов,* d a1 m / o0 f,домо0в
домой,* d a1 m / o0 j,домо0й
домоуправ,* d a2 m = a2 ~ u1 * p r a0 f,домоупра0в
дому,* d a0 m / u4,до0му
доносившимся,~ d a2 * n a1 s' + i0 + f sh / y4 m ^ s' a4,доноси0вшимся
доолго,* d o0 l g + a4,до0олго
допили,~ d a1 * p' i0 + l' / i4,допи0ли
доплата,~ d a1 * p l a0 t / a4,допла0та
допроситесь,~ d a1 * p r o0 s' + i4 + t' i4 ^ s',допро0ситесь
дорог,* d o0 r a4 k,до0рог
дорога,* d a1 r o0 g / a4,доро0га
дороге,* d a1 r o0 g' / i4,доро0ге
дорогие,* d a2 r a1 g' / i0 j i4,дороги0е
дорого,* d o0 r a4 g + a4,до0рого
дорогой,* d a2 r a1 g / o0 j,дорого0й
дорогу,* d a1 r o0 g / u4,доро0гу
дорожит,* d a2 r a1 zh / y0 t,дорожи0т
дорожку,* d a1 r o0 sh + k / u4,доро0жку
досадой,~ - a1 * s a0 d / a4 j,доса0дой
доставала,~ d a2 * s t a1 v + a0 + l / a4,достава0ла
доставить,~ d a1 * s t a0 v' + i4 + t',доста0вить
доставляла,~ d a2 * s t a1 v + l' + a0 + l / a4,доставля0ла
доставшийся,~ d a1 * s t a0 f + sh / y4 j ^ s' a4,доста0вшийся
достается,~ d a2 * s t a1 / j o0 ^ c a4,достае0тся
достал,~ d a1 * s t a0 + l,доста0л
достала,~ d a1 * s t a0 + l / a4,доста0ла
достаточно,~ d a1 * s t a0 t + a4 ch + n + a4,доста0точно
достать,~ d a1 * s t a0 / d,доста0ть
достигла,~ d a1 * s' t' i0 g + l / a4,дости0гла
достоинства,~ d a1 * s t o0 + i4 n + s t v / a4,досто0инства
достоинство,~ d a1 * s t o0 + i4 n + s t v / a4,досто0инство
дотащить,~ d a2 * t a1 sc + i0 + t',дотащи0ть
дотянули,~ d a2 * t' i1 n + u0 + l' / i4,дотяну0ли
дотянулся,~ d a2 * t' i1 n + u0 + l ^ s' a4,дотяну0лся
доучиться,~ d a2 * u1 ch + i0 ^ c a4,доучи0ться
доходил,~ d a2 * h a1 d' + i0 + l,доходи0л
дочери,* d o0 ch + i4 r' / i4,до0чери
дочиста,~ d o0 * ch i4 s t + a4,до0чиста
дочка,* d o0 ch + k / a4,до0чка
дочками,* d o0 ch + k / a4 m' i4,до0чками
дочку,* d o0 ch + k / u4,до0чку
дочь,* d o0 ch,до0чь
дошел,~ d a1 * sh + o0 + l,доше0л
драгоценный,* d r a2 g = a1 * c e0 + n / n y4,драгоце0нный
драгоценным,* d r a2 g = a1 * c e0 + n / n y4,драгоце0нным
драку,* d r a0 + k / u4,дра0ку
дрался,* d r + a0 + l ^ s' a4,дра0лся
драться,* d r a0 ^ c a4,дра0ться
древним,* d r' e0 v n' / i4 m,дре0вним
древняя,* d r' e0 v n' / a4 j a4,дре0вняя
дремлет,* d r' e0 m l' / i4 t,дре0млет
дремоту,* d r' i1 m + o0 t / u4,дремо0ту
дрожат,* d r a1 zh / a0 d,дрожа0т
дрожащим,* d r a1 zh + a0 sc / i4 m,дрожа0щим
друг,* d r u0 -,дру0г
друга,* d r u0 g / a4,дру0га
другая,* d r u1 g / a0 j a4,друга0я
друге,* d r u0 g' / i4,дру0ге
другие,* d r u1 g' / i0 - i4,други0е
другими,* d r u1 g' / i0 m' i4,други0ми
других,* d r u1 g' / i0 h,други0х
другого,* d r u1 g / o0 v a4,друго0го
другое,* d r u1 g / o0 - i4,друго0е
другой,* d r u1 g / o0 j,друго0й
другом,* d r u0 g / a4 m,дру0гом
другому,* d r u1 g / o0 m u4,друго0му
другу,* d r u0 g / u4,дру0гу
другую,* d r u1 g / u0 j u4,другу0ю
дружат,* d r u0 zh / a4 d,дру0жат
дружбу,* d r u0 zh + b / u4,дру0жбу
дружелюбие,* d r u1 zh = y1 * l' u0 b' + i4 - / i4,дружелю0бие
дружелюбно,* d r u1 zh = e1 * l' u0 b + n + a4,дружелю0бно
дружеский,* d r u0 zh + y4 s k' / i4 j,дру0жеский
дружишь,* d r u0 zh / y4 sh,дру0жишь
дружно,* d r u0 zh + n + a4,дру0жно
друзей,* d r u1 z' / e0 j,друзе0й
друзьям,* d r u1 z' / j a0 m,друзья0м
друзьями,* d r u1 z' / j a0 m' i4,друзья0ми
дрянь,* d r' a0 n',дря0нь
дубленой,* d u1 b l' o0 n / a4 j,дубле0ной
дубовый,* d u1 b + o0 v / y4 j,дубо0вый
дубовых,* d u1 b + o0 v / y4 h,дубо0вых
дужек,* d u0 sh + y4 k,ду0жек
дужки,* d u0 sh + k' / i4,ду0жки
думает,* d u0 m + a4 / - i4 d,ду0мает
думаешь,* d u0 m + a4 / - i4 sh,ду0маешь
думай,* d u0 m + a4 + j,ду0май
думал,* d u0 m + a4 + l,ду0мал
думала,* d u0 m + a4 + l / a4,ду0мала
думали,* d u0 m + a4 + l' / i4,ду0мали
думать,* - u0 m + a4 / t',ду0мать
думаю,* d u0 m + a4 / j u4,ду0маю
думают,* d u0 m + a4 / j u4 d,ду0мают
думая,* d u0 m + a4 + j a4,ду0мая
дурак,* d u1 r + a0 k,дура0к
дусю,* d u0 s' / u4,ду0сю
дуся,* d u0 s' / a4,ду0ся
духа,* d u0 h / a4,ду0ха
духами,* d u1 h / a0 m' i4,духа0ми
духов,* d u1 h / o0 f,духо0в
душ,* d u0 sh,ду0ш
душевная,* d u1 sh + e0 v + n / a4 - i4,душе0вная
душевный,* d u1 sh + e0 v + n / y4 j,душе0вный
душно,* d u0 sh + n + a4,ду0шно
душным,* d u0 sh + n / y4 m,ду0шным
дышал,* d y1 sh + a0 + l,дыша0л
дышали,* d y1 sh + a0 + l' / i4,дыша0ли
дышать,* d y1 sh + a0 / c,дыша0ть
дышит,* d y0 sh / y4 t,ды0шит
дяде,* d' a0 d' / i4,дя0де
дядей,* d' a0 d' / i4 j,дя0дей
дяди,* d' a0 d' / i4,дя0ди
дядин,* d' a0 d' + i4 n,дя0дин
дядю,* a0 d' u4 / l',дя0дю
дядюшку,* d' a0 d' + u4 sh k / u4,дя0дюшку
дядя,* a0 d' a4 / l',дя0дя
евгения,* j i1 v g' e0 n' + i4 j /,евге0ния
евгеньевна,* j i1 v g' e0 n' + j i4 v n / a4,евге0ньевна
евгеньевной,* - i1 v g' e0 n' + j i4 v n / a4 j,евге0ньевной
его,* - i1 / v o0,его0
его-то,* j / i1 v o0 + t a1,его0-то
едет,* j e0 d' / i4 t,е0дет
единогласно,* j i1 d' i1 n = a1 * g l a0 s + n + a4,единогла0сно
единого,* j i1 d' i0 n / a4 v a4,еди0ного
единой,* j i1 d' i0 n / a4 j,еди0ной
единственная,* j i1 d' i0 n + s t v' + i4 n / a4 j a4,еди0нственная
единственное,* j i1 d' i0 n + s t v' + i4 n - / a4 - i4,еди0нственное
единственной,* - y1 d' i0 n s t v' + i4 n - / a4 j,еди0нственной
еду,* j e0 d / u4,е0ду
едущих,* j e0 d + u4 sc / i4 h,е0дущих
едят,* - i1 d' / a0 d,едя0т
ее,* i1 j / o0 z,ее0
ежедневно,* - i1 zh e1 * d' n' + e0 v + n + a4,ежедне0вно
ежедневный,* j i1 zh = y1 * d n' + e0 v + n / y4 j,ежедне0вный
ездил,* j e0 z d' + i4 + l,е0здил
ездили,* j e0 z' d' + i4 + l' / i4,е0здили
ездить,* j e0 z' d' + i4 / t',е0здить
ей,* e0 j n,е0й
ей-,* j e0 j,е0й-
ей-богу,* j e0 j b o0 g u4,е0й-богу
еле,* j e0 l' i4,е0ле
еле-,* j e0 l' i4,е0ле-
елена,* j i1 l' e0 n / a4,еле0на
елены,* j i1 l' e0 n / y4,еле0ны
ему,* i1 / m u0 f,ему0
если,* j e0 s l' i4,е0сли
естественно,* j i1 s t' e0 s t v' + i4 n - + a4,есте0ственно
есть,* - e0 s' t',е0сть
ехал,* j e0 h + a4 + l,е0хал
ехали,* j e0 h + a4 + l' / i4,е0хали
ехало,* j e0 h + a4 + l / a4,е0хало
ехать,* - e0 h + a4 / t',е0хать
ехидного,* - i1 h' i0 d + n / a4 v a4,ехи0дного
ехидством,* j i1 h' i0 c + t v / a4 m,ехи0дством
еще,* i1 sc o0 a1,еще0
ею,* j e0 j / u4,е0ю
жадность,* zh a0 d + n + a4 s' t',жа0дность
жалел,* zh a1 l' + e0 + l,жале0л
жалела,* zh a1 l' + e0 + l / a4,жале0ла
жалеть,* zh a1 l' + e0 / t',жале0ть
жалею,* zh a1 l' + e0 / j u4,жале0ю
жалко,* zh a0 l + k + a4,жа0лко
жалкой,* zh a0 l + k / a4 j,жа0лкой
жалком,* zh a0 l + k / a4 m,жа0лком
жаловались,* zh a0 l + a4 v a4 + l' / i4 ^ s',жа0ловались
жалостью,* zh a0 l + a4 s' t' / j u4,жа0лостью
жаль,* zh a0 l',жа0ль
жаркий,* zh a0 r + k' / i4 j,жа0ркий
жарко,* zh a0 r + k + a4,жа0рко
ждавшая,* zh d + a0 + f sh / a4 j a4,жда0вшая
ждавшей,* zh d + a0 + f sh / y4 j,жда0вшей
ждал,* zh d + a0 + l,жда0л
ждали,* zh d + a0 + l' / i4,жда0ли
ждать,* zh d + a0 / t',жда0ть
ждем,* zh d' / o0 m,жде0м
ждет,* zh d' / o0 t,жде0т
ждешь,* zh d' / o0 sh,жде0шь
ждите,* zh d' / i0 t' i4,жди0те
ждут,* zh d / u0 d,жду0т
жевал,* zh y1 v + a0 + l,жева0л
желает,* zh y1 l + a0 / j i4 t,жела0ет
желал,* zh y1 l + a0 + l,жела0л
желала,* zh y1 l + a0 + l / a4,жела0ла
желаю,* zh y1 l + a0 j / u4,жела0ю
желают,* zh y1 l + a0 j / u4 t,жела0ют
желающие,* zh y1 l + a0 j + u4 sc / i4 j i4,жела0ющие
железные,* zh y1 l' e0 z + n / y4 j i4,желе0зные
желтая,* zh o0 l t / a4 j a4,же0лтая
желтоватенькая,* zh y1 l t + a1 v a0 t' + i4 n' k / a4 j a4,желтова0тенькая
желтые,* zh o0 l t / y4 j i4,же0лтые
желтым,* zh o0 l t / y4 m,же0лтым
желтыми,* zh o0 l t / y4 m' i4,же0лтыми
женат,* zh y1 n + a0 t,жена0т
женатых,* zh y1 n + a0 t / y4 h,жена0тых
жене,* zh e0 n' / i4,же0не
женихом,* zh y1 n' + i1 h / o0 m,женихо0м
женой,* j zh y1 / n o0,жено0й
женской,* zh e0 n + s k / a4 j,же0нской
женском,* zh e0 n + s k / a4 m,же0нском
женщин,* zh e0 n' + sc i4 n,же0нщин
женщина,* a4 zh e0 + n' sc i4 / n,женщи0на
женщинами,* zh e0 n' + sc i4 n / a4 m' i4,же0нщинами
женщине,* zh e0 n' + sc i4 n' / i4,же0нщине
женщиной,* zh e0 n' + sc i4 n / a4 j,же0нщиной
женщину,* - e0 n' + sc i4 n / u4,же0нщину
женщины,* zh e0 n' + sc i4 n / y4,же0нщины
жены,* zh o0 n / y4,же0ны
женя,* zh e0 n' / a4,же0ня
жерехов,* zh e0 r' i1 h + a4 f,же0рехов
жерехова,* zh e0 r' i1 h + a2 v / a2,же0рехова
жереховым,* zh e0 r' i4 h + a4 v / y4 m,же0реховым
жертва,* zh e0 r t v / a4,же0ртва
жест,* zh e0 s t,же0ст
жесткими,* zh o0 s - k' / i4 m' i4,же0сткими
жесткой,* zh o0 s t + k / a4 j,же0сткой
жестокие,* zh e1 s t + o0 k' / i4 - i4,жесто0кие
жестокосердии,* zh y1 s t + a2 k = a1 * s' e0 r d' + i4 / i4,жестокосе0рдии
жестокость,* zh y1 s t + o0 k + a4 s' t',жесто0кость
жив,* zh y0 + f,жи0в
живали,* y4 v + a0 l' + i4 / s,жива0ли
живем,* zh y1 v' / o0 m,живе0м
живет,* zh y1 v' / o0 t,живе0т
живешь,* zh y1 v' / o0 sh,живе0шь
живот,* zh y1 + v + o0 t,живо0т
живут,* zh y1 + v / u0 t,живу0т
живущим,* zh y1 + v + u0 sc / i4 m,живу0щим
живущих,* zh y1 v + u0 sc / i4 h,живу0щих
жившей,* zh y0 + f sh / a4 j,жи0вшей
живший,* zh y0 + f sh / y4 j,жи0вший
жившую,* zh y0 + f sh / u4 j u4,жи0вшую
живые,* zh y1 + v / y0 j i4,живы0е
жизни,* y0 z' + n' i4 / d,жи0зни
жизнь,* zh y0 + z' n,жи0знь
жизнью,* zh i0 + z' n' / j u4,жи0знью
жил,* zh y0 + l,жи0л
жили,* zh y0 + l' / i4,жи0ли
жители,* zh y0 + t' i4 l' / i4,жи0тели
жить,* - y0 / t',жи0ть
жулик,* zh u0 l' + i4 k,жу0лик
журнал,* zh u1 r n a0 l,журна0л
журнале,* zh u1 r n a0 l' / i4,журна0ле
журналов,* zh u1 r n a0 l / a4 f,журна0лов
жэк,* zh e0 k,жэ0к
забавно,* z a1 b a0 v + n + a4,заба0вно
заболевают,~ z a2 * b a2 l' + i1 + v a0 / j u4 t,заболева0ют
заболела,~ z a2 * b a1 l' + e0 + l / a4,заболе0ла
забор,~ z a1 * b o0 r,забо0р
забора,~ z a1 * b o0 r / a4,забо0ра
заборов,~ z a1 * b o0 r / a4 f,забо0ров
забором,~ z a1 * b o0 r / a4 m,забо0ром
заборы,~ z a1 * b o0 r / y4,забо0ры
забот,* z a1 b o0 d,забо0т
забота,* z a1 b o0 t / a4,забо0та
заботится,* z a1 b o0 t' / i4 ^ c a4,забо0тится
заботишься,* z a1 b o0 t' / i4 sh ^ s' a4,забо0тишься
заботятся,* z a1 b o0 t' / i4 ^ c a4,забо0тятся
забочусь,* z a1 b o0 ch / u4 ^ s',забо0чусь
забросил,~ z a1 * b r o0 s' + i4 + l,забро0сил
забросила,~ z a1 * b r o0 s' + i4 l / a4,забро0сила
забудет,~ z a1 * b u0 d' / i4 t,забу0дет
забудь,~ z a1 * b + u0 + d',забу0дь
забывает,~ z a2 * b y1 + v a0 / - i4 t,забыва0ет
забываю,~ z a2 * b y1 + v a0 / j u4,забыва0ю
забывают,~ z a2 * b y1 + v a0 / j u4 t,забыва0ют
забывая,~ z a2 * b y1 + v a0 + j a4,забыва0я
забыл,~ z a1 * b y0 + l,забы0л
забыла,~ z a1 * b y0 + l / a4,забы0ла
забыли,~ z a1 * b y0 + l' / i4,забы0ли
забыть,~ z a1 * b y0 / t',забы0ть
заведомая,~ z a1 * v' e0 d + a4 m / a4 j a4,заве0домая
завернувшиеся,~ z a2 * v' i1 r + n u0 + f sh / y4 - i4 ^ s' i4,заверну0вшиеся
завертела,~ z a2 * v' i1 r t' + e0 + l / a4,заверте0ла
завершился,~ z a2 * v' i1 r sh + y0 + l ^ s' a4,заверши0лся
завидовал,~ z a1 * v' i0 d + a4 v a4 + l,зави0довал
завидуют,~ z a1 * v' i0 d + u4 / j u4 t,зави0дуют
зависела,~ z a1 * v' i0 s' + i4 + l / a4,зави0села
зависимости,~ z a1 * v' i0 s' + i4 m + a4 s' t' / i4,зави0симости
зависимость,~ z a1 * v' i0 s' + i4 m / a4 s' t',зави0симость
зависит,~ s' i1 * j ch a0 / z z,зави0сит
зависти,* z a0 v' i4 s' t' / i4,за0висти
заводил,~ z a2 * v a1 d' + i0 + l,заводи0л
заводила,~ z a2 * v a1 d' + i0 + l / a4,заводи0ла
заводская,* z a2 v a1 + c k / a0 j a4,заводска0я
заволновалась,~ z a2 * v a2 l n + a1 v a0 + l / a4 ^ s',заволнова0лась
заволновался,~ z a2 * v a2 l n + a1 v a0 + l ^ s' a4,заволнова0лся
завтра,* a0 f t r a4 f,за0втра
завтрак,* z a0 f t r a4 + k,за0втрак
завтрака,* z a0 f t r a4 + k / a4,за0втрака
загадочного,~ z a1 * g a0 d + a4 ch + n / a4 v a4,зага0дочного
загар,~ z a1 * g a0 r,зага0р
заглядывавших,~ z a1 * g l' a0 d + y4 v a4 + f sh / y4 h,загля0дывавших
заглядывала,~ z a1 * g l' a0 d + y4 v a4 + l / a4,загля0дывала
заглядывали,~ z a1 * g l' a0 d + y4 v a4 + l' / i4,загля0дывали
заглядывать,~ z a1 * g l' a0 d + y4 v a4 / t',загля0дывать
заглядывая,~ z a1 * g l' a0 d + y4 v a4 + j a4,загля0дывая
загнали,~ z a1 * g n + a0 + l' / i4,загна0ли
заговаривал,~ z a2 * g a1 v a0 r' + i4 v a4 + l,загова0ривал
заговаривать,~ z a2 * g a1 v a0 r' + i4 v a4 / t',загова0ривать
заговорил,~ z a2 * g a2 v a1 + r' i0 + l,заговори0л
заговорила,~ z a2 * g a2 v a1 r' + i0 + l / a4,заговори0ла
заговорит,~ z a2 * g a2 v a1 r' / i0 t,заговори0т
загорают,~ z a2 * g a1 r + a0 / j u4 t,загора0ют
загорелый,~ z a2 * g a1 r' + e0 + l / y4 j,загоре0лый
загорелым,~ z a2 * g a1 r' + e0 + l / y4 m,загоре0лым
загореть,~ z a2 * g a1 r' + e0 / t',загоре0ть
заграничную,~ z a2 * g r a1 n' i0 ch + n / u4 j u4,заграни0чную
загроможден,~ z a2 * g r a2 m a1 zh d' + o0 n,загроможде0н
загудел,~ z a2 * g u1 d' + e0 + l,загуде0л
задавали,~ z a2 * d a1 + v a0 + l' / i4,задава0ли
задавать,~ z a2 * d a1 + v a0 / t',задава0ть
задан,~ z a0 * d a4 + n,за0дан
задание,~ z a1 * d a0 + n' i4 j / i4,зада0ние
задания,~ z a1 * d a0 + n' i4 j / a4,зада0ния
задело,~ z a1 * d' e0 + l / a4,заде0ло
задержался,~ z a2 * d' i1 r zh + a0 + l ^ s' a4,задержа0лся
задерживается,~ z a1 * d' e0 r zh + y4 v a4 / j i4 ^ c a4,заде0рживается
задетый,~ z a1 * d' e0 + t / y4 j,заде0тый
задолжала,~ z a2 * d a1 l zh + a0 + l / -,задолжа0ла
задумались,~ z a1 * d u0 m + a4 + l' + i4 ^ s',заду0мались
задумался,~ z a1 * d u0 m + a4 + l ^ s' a4,заду0мался
задумчиво,~ z a1 * d u0 m + ch i4 v + a4,заду0мчиво
задумчивости,~ z a1 * d u0 m + ch i4 v + a4 s' t' / i4,заду0мчивости
задумчивым,~ z a1 * d u0 m + ch i4 v / y4 m,заду0мчивым
задумывался,~ z a1 * d u0 m + y4 v a4 + l ^ s' a4,заду0мывался
заезжал,~ a2 j * i1 zh - + a0 + l,заезжа0л
заехал,~ z a1 * j e0 h + a4 + l,зае0хал
зажмурился,~ z a1 * zh m u0 r' + i4 + l ^ s' a4,зажму0рился
заимели,~ z a2 * i1 m' + e0 + l' / i4,заиме0ли
заинтересуешь,~ z a1 * i1 n' t' i1 r' i1 s + u0 / j i4 sh,заинтересу0ешь
заискивающим,~ z a1 * i0 s k' + i4 v + a4 + j u4 sc / i4 m,заи0скивающим
зайдем,~ z a1 * j d' / o0 m,зайде0м
зайдите,~ z a1 * j d' + i0 + i0 t',зайди0те
зайду,~ z a0 * j d / u4,за0йду
заказывали,~ z a1 * k a0 z + y4 v a4 + l' / i4,зака0зывали
заключалась,~ z a2 * k l' u1 ch + a0 + l / a4 ^ s',заключа0лась
заключали,~ z a2 * k l' u1 ch + a0 + l' / i4,заключа0ли
заключались,~ z a2 * k l' u1 ch + a0 + l' / i4 ^ s',заключа0лись
заколебался,~ z a2 * k a2 l' i1 b + a0 + l ^ s' a4,заколеба0лся
закололи,~ z a2 * k a1 l + o0 + l' / i4,заколо0ли
закон,* z a1 k o0 n,зако0н
закончен,~ z a1 * k o0 n ch + i4 n,зако0нчен
закончила,~ z a1 * k o0 n' ch + i4 + l / a4,зако0нчила
закончим,~ z a1 * k o0 n' ch / i4 m,зако0нчим
закончит,~ z a1 * k o0 n' ch / i4 t,зако0нчит
законы,* z a1 k o0 n / y4,зако0ны
закричал,~ z a2 * k r' i1 ch + a0 + l,закрича0л
закричали,~ z a2 * k r' i1 ch + a0 + l' / i4,закрича0ли
закрутить,~ z a2 * k r u1 t' + i0 / t',закрути0ть
закрыв,~ z a1 * k r y0 + v,закры0в
закрыла,~ z a1 * k r y0 + l / a4,закры0ла
закрытую,~ z a1 * k r y0 + t / u4 j u4,закры0тую
закрыты,~ z a1 * k r y0 + t / y4,закры0ты
закрытыми,~ a1 k * r y0 t + y4 / m' i4 g,закры0тыми
закрыть,~ z a1 * k r y0 / d',закры0ть
закуска,~ z a1 * k u0 s + k / a4,заку0ска
заливает,~ z a2 * l' i1 + v a0 / j i4 t,залива0ет
заливался,~ z a2 * l' i1 + v a0 + l ^ s' a4,залива0лся
зализать,~ z a2 * l' i1 z + a0 / t',зализа0ть
залился,~ z a1 * l' i0 + l ^ s' a4,зали0лся
залитого,~ z a0 * l' i4 + t / a4 v a4,за0литого
зальются,~ z a1 * l' / j u0 ^ c a4,залью0тся
замаскированный,~ z a2 * m a2 s k' + i1 r o0 v a4 + n / y4 j,замаскиро0ванный
замаскировать,~ z a2 * m a2 s k' + i1 r a1 v a0 / t',замаскирова0ть
замена,~ z a1 * m' e0 n / a4,заме0на
замерзшая,~ z a1 * m' o0 r + s / sh a4 j,заме0рзшая
заметив,~ z a1 * m' e0 t' + i4 + f,заме0тив
заметил,~ z a1 * m' e0 t' + i4 + l,заме0тил
заметила,~ z a1 * m' e0 t' + i4 + l / a4,заме0тила
заметку,~ z a1 * m' e0 t + k / u4,заме0тку
заметно,~ z a1 * m' e0 t + n + a4,заме0тно
заметное,~ z a1 * m' e0 t + n / a4 j i4,заме0тное
замечал,~ z a2 * m' i1 ch + a0 + l,замеча0л
замечала,~ z a2 * m' i1 ch + a0 + l / a4,замеча0ла
замечали,~ z a2 * m' i1 ch + a0 + l' / i4,замеча0ли
замечание,~ z a2 * m' i1 ch + a0 + n' i4 - / i4,замеча0ние
замечания,~ z a2 * m' i1 ch + a0 + n' i4 j / a4,замеча0ния
замечательно,~ z a2 * m' i1 ch + a0 + t' i4 l' n + a4,замеча0тельно
замечательные,~ z a2 * m' i1 ch + a0 + t' i4 l' + n / y4 j i4,замеча0тельные
замечательный,~ z a2 * m' i1 ch + a0 + t' i4 l' n / y4 j,замеча0тельный
замечательным,~ z a2 * m' i1 ch + a0 + t' i4 l' + n / y4 m,замеча0тельным
замечать,~ z a2 * m' i1 ch + a0 / t',замеча0ть
замком,* z a1 m k / o0 m,замко0м
замок,* z a1 m o0 k,замо0к
замолчала,~ z a2 * m a1 l ch + a0 + l / a4,замолча0ла
замочную,* z a1 m o0 ch + n / u4 j u4,замо0чную
замуж,~ a0 m * u4 zh z,за0муж
замужем,~ z a0 * m u4 zh + y4 m,за0мужем
замужестве,~ z a1 * m u0 zh + y4 s t v' / i4,заму0жестве
замурлыкал,~ z a2 * m u1 r l y0 k + a4 + l,замурлы0кал
занавески,~ a2 z ~ a2 n * a1 v' e0 + s / k',занавески0
занавеску,~ z a2 ~ n a1 * v' e0 s + k / u4,занаве0ску
занавешенными,~ z a2 ~ n a1 * v' e0 sh + y4 n / y4 m' i4,занаве0шенными
занимает,~ z a2 * n' i1 m + a0 / j i4 t,занима0ет
занимается,~ z a2 * n' i1 m + a0 / j i4 ^ c a4,занима0ется
занималась,~ z a2 * n' i1 m + a0 + l / a4 ^ s',занима0лась
занимались,~ z a2 * n' i1 m + a0 l' / i4 ^ s,занима0лись
занимался,~ z a2 * n' i1 m + a0 + l ^ s' a4,занима0лся
занимать,~ z a2 * n' i1 m + a0 / d',занима0ть
заниматься,~ z a2 * n' i1 m + a0 ^ c a4,занима0ться
заново,~ - a0 * n a4 v + a4,за0ново
заноза,* z a1 n o0 z / a4,зано0за
занятием,~ z a1 * n' a0 + t' i4 / j i4 m,заня0тием
занятий,~ z a1 * n' + a0 t' + i4 j,заня0тий
занятой,~ z a1 * n' + i1 t / o0 j,занято0й
занять,~ z a1 * n' a0 / d',заня0ть
заняться,~ z a1 * n' a0 ^ c a4,заня0ться
западе,* z a0 p a4 d' / i4,за0паде
запах,~ z a0 * p a4 h,за0пах
запаха,~ z a0 * p a4 h / a4,за0паха
запахов,~ z a0 * p a4 h / a4 f,за0пахов
запахом,~ z a0 * p a4 h / a4 m,за0пахом
запел,~ z a1 * p' e0 + l,запе0л
запирает,~ z a2 * p' i1 r + a0 / j i4 d,запира0ет
запирался,~ z a2 * p' i1 r + a0 + l ^ s' a4,запира0лся
записать,~ z a2 * p' i1 s + a0 / d',записа0ть
записи,~ z a0 * p' i4 s' / i4,за0писи
записку,~ z a1 * p' i0 s + k / u4,запи0ску
записной,~ z a2 * p' i1 s + n / o0 j,записно0й
записных,~ z a2 * p' i1 s + n / y0 h,записны0х
записывать,~ z a1 * p' i0 s + y4 v a4 / t',запи0сывать
заплатит,~ z a1 * p l a0 t' / i4 t,запла0тит
заплатить,~ z a2 * p l a1 t' + i0 / d',заплати0ть
заплывы,~ z a1 * p l y0 v / y4,заплы0вы
заполнен,~ z a1 * p o0 l n' + i4 n,запо0лнен
запоминается,~ z a2 ~ p a2 * m' i1 n + a0 / j i4 ^ c a4,запомина0ется
запомнил,~ z a1 ~ p o0 * m n' + i4 + l,запо0мнил
запомнилось,~ z a1 * p o0 m n' + i4 + l / a4 ^ s',запо0мнилось
запомнить,~ z a1 ~ p o0 * m n' + i4 / t',запо0мнить
запрещают,* o0 z a2 p r' i1 + sc / a0 j u4,за0прещают
запруды,~ z a1 * p r u0 d / y4,запру0ды
запустение,~ z a2 * p u1 s' t' + e0 n' i4 j / i4,запусте0ние
зараженные,~ z a2 * r a1 zh + o0 n / y4 j i4,зараже0нные
заранее,~ z a1 * r a0 n' + i4 j i4,зара0нее
зарозовевшими,~ z a2 * r a2 z a1 v' + e0 + f sh / y4 m' i4,зарозове0вшими
зарыдала,~ z a2 * r y1 d + a0 + l / a4,зарыда0ла
засияли,~ z a2 * s' i1 j a0 + l' / i4,засия0ли
заскочил,~ z a2 * s k a1 ch + i0 + l,заскочи0л
заслонил,~ z a2 * s l a1 n' + i0 + l,заслони0л
заслужил,~ z a2 * s l u1 zh + y0 + l,заслужи0л
заслужили,~ z a2 * s l u1 zh + y0 + l' / i4,заслужи0ли
засмеявшись,~ z a2 * s m' i1 j + a0 + f sh y4 ^ s',засмея0вшись
засмеялась,~ z a2 * s m' i1 j + a0 + l / a4 ^ s',засмея0лась
засмеялся,~ z a2 * s m' i1 j + a0 + l ^ s' a4,засмея0лся
заснул,~ z a1 * s + n u0 / l,засну0л
заснула,~ z a1 * s + n u0 + l / a4,засну0ла
заснуть,~ z a1 * s + n u0 / t',засну0ть
заставил,~ z a1 * s t a0 v' + i4 + l,заста0вил
заставила,~ z a1 * s t a0 v' + i4 + l / a4,заста0вила
заставило,~ z a1 * s t a0 v' + i4 + l / a4,заста0вило
заставы,~ z a1 * s t a0 v / y4,заста0вы
заставят,~ z a1 * s t a0 v' / a4 t,заста0вят
застенчивый,~ z a1 ~ s * t' e0 n' + ch i4 v / y4 j,засте0нчивый
застряла,~ z a1 * s t r' + a0 + l / a4,застря0ла
застывшем,~ z a1 * s t y0 + f sh / y4 m,засты0вшем
застыл,~ z a1 * s t + y0 + l,засты0л
застыли,~ z a1 * s t + y0 + l' / i4,засты0ли
засулич,* z a1 s u0 l' i4 ch,засу0лич
засунув,~ z a1 * s u0 n + u4 + f,засу0нув
засунул,~ z a1 * s u0 + n u4 / l,засу0нул
засученными,~ z a1 * s u0 ch + i4 n / y4 m' i4,засу0ченными
затащил,~ z a2 * t a1 sc + i0 + l,затащи0л
затем,* z a1 t' e0 m,зате0м
затеял,* z a1 t' e0 + - i4 + l,зате0ял
затеяла,* z a1 t' e0 + - i4 + l / a4,зате0яла
заткнуть,~ z a1 * t k + n u0 / t',заткну0ть
затопал,~ z a1 * t o0 p + a4 + l,зато0пал
заторопился,~ z a2 * t a2 r a1 p' + i0 + l ^ s' a4,заторопи0лся
затрещала,~ z a2 * t r' i1 sc + a0 + l / a4,затреща0ла
затылок,~ z a1 * t y0 l + a4 k,заты0лок
затянула,~ z a2 * t' i1 n + u0 + l / a4,затяну0ла
захлопнул,~ z a1 * h l o0 p + n u4 + l,захло0пнул
заходил,~ z a2 * h a1 d' + i0 + l,заходи0л
заходит,~ z a1 * h o0 d' / i4 t,захо0дит
заходить,~ z a2 * h a1 d' + i0 / t',заходи0ть
захотелось,~ z a2 * h a1 t' + e0 + l / a4 ^ s',захоте0лось
захотеть,~ z a2 * h a1 t' + e0 / t',захоте0ть
захочет,~ z a1 * h o0 ch / i4 t,захо0чет
зацепился,~ z a2 * c e1 p' + i0 + l ^ s' a4,зацепи0лся
зацепки,~ z a1 * c e0 p + k' / i4,заце0пки
зачем,* - a1 ch e0 m,заче0м
зачем-то,* z a1 ch e0 m + t a4,заче0м-то
зачетам,~ z a1 * ch o0 t / a4 m,заче0там
зашел,~ z a1 * sh o0 + l,заше0л
зашелестела,~ z a2 * sh y1 l' i1 s' t' + e0 + l / a4,зашелесте0ла
зашептала,~ z a2 * sh y1 p t + a0 + l / a4,зашепта0ла
зашумели,~ z a2 * sh u1 m' + e0 + l' / i4,зашуме0ли
зашуршала,~ z a2 * sh u1 r sh + a0 + l / a4,зашурша0ла
звал,* z v a0 + l,зва0л
звали,* z v + a0 + l' / i4,зва0ли
звать,* z v + a0 / t',зва0ть
звенигородской,* z v' i1 n' i0 * g a4 r a4 + c k / a4 j,звени0городской
звонил,* z v a1 n' + i0 + l,звони0л
звонит,* z v a1 n' / i0 t,звони0т
звонить,* z v a1 n' + i0 / t',звони0ть
звонишь,* z v a1 n' / i0 sh,звони0шь
звонок,* - v a1 n + o0 k,звоно0к
звонят,* z v a1 n' / a0 t,звоня0т
звука,* z v u0 k /,зву0ка
звукам,* z v u0 k / a4 m,зву0кам
звучит,* z v u1 ch / i0 t,звучи0т
звучно,* z v u0 ch + n + a4,зву0чно
здесь,* z d' e0 -,зде0сь
здоровается,* z d a1 r o0 v + a4 / j i4 ^ c a4,здоро0вается
здоровались,* z d a1 r o0 v + a4 + l' / i4 ^ s',здоро0вались
здоровался,* z d a1 r o0 v + a4 + l ^ s' a4,здоро0вался
здороваться,* z d a1 r o0 v + a4 ^ c a4,здоро0ваться
здорово,* z d o0 r a4 v + a4,здо0рово
здоровым,* z d a1 r o0 v / y4 m,здоро0вым
здоровье,* z d a1 r o0 v' / j i4,здоро0вье
здравствуй,* z d r a0 + s t v + u4 + j,здра0вствуй
здравствуйте,* z d r a0 + s t v + u4 + j + t' i4,здра0вствуйте
здрасте,* z d r a0 s' / t' i4,здра0сте
зеленые,* z' i1 l' + o0 n / y4 j i4,зеле0ные
зеленым,* z' i1 l' o0 n\y4 m,зеле0ным
зелеными,* z' i1 l' + o0 n / y4 m' i4,зеле0ными
зелень,* z' e0 l' + i4 n',зе0лень
землю,* z' e0 m l' / u4,зе0млю
зеркалом,* z' e0 r k a4 l / a4 m,зе0ркалом
зеркалу,* z' e0 r k a4 l / u4,зе0ркалу
зимнего,* z' i0 m + n' / i4 v a4,зи0мнего
зимний,* z' i0 m + n' / i4 j,зи0мний
зимой,* z' i1 m / o0 j,зимо0й
зиму,* z' i0 m / u4,зи0му
злился,* z l' + i0 + l ^ s' a4,зли0лся
злишься,* z l' / i0 sh ^ s' a4,зли0шься
злобой,* z l + o0 b / a4 j,зло0бой
злого,* z l / o0 v a4,зло0го
злорадно,* z l = a1 * r a0 d + n + a4,злора0дно
злорадной,* z l = a1 * r a0 d + n / a4 j,злора0дной
злостью,* z l + o0 s' t' / j u4,зло0стью
знает,* n a0 - / i4 t n,зна0ет
знаете,* z n a0 - / i4 t' i4 -,зна0ете
знаешь,* z n a0 / - i4 sh,зна0ешь
знаком,* z n a1 + k + o0 m,знако0м
знакомая,* z n a1 + k + o0 m / a4 j a4,знако0мая
знакомства,* - n a1 + k + o0 m + s t v / a4,знако0мства
знакомы,* z n a1 + k + o0 m / y4,знако0мы
знакомый,* z n a1 + k + o0 m / y4 j,знако0мый
знакомыми,* z n a1 + k + o0 m / y4 m' i4,знако0мыми
знакомых,* z n a1 k + o0 + m / y4 h,знако0мых
знал,* z n a0 + l,зна0л
знала,* z n a0 + l / a4,зна0ла
знали,* z n a0 + l' / i4,зна0ли
знаменитого,* z n a2 + m' i1 + n' + i0 t / a4 v a4,знамени0того
знать,* z n a0 / t',зна0ть
значение,* z n a1 + ch + e0 n' i4 i4 / m',значе0ние
значения,* z n a1 + ch + e0 n' i4 - / a4,значе0ния
значило,* z n a0 + ch + i4 + l / a4,зна0чило
значит,* z n a0 + ch / i4 c,зна0чит
значительного,* z n a1 ch + i0 + t' i4 l' + n / a4 v a4,значи0тельного
значительное,* z n a1 ch + i0 + t' i4 l' + n / a4 j i4,значи0тельное
значительные,* z n a1 ch + i0 + t' i4 l' + n / y4 j i4,значи0тельные
значительным,* z n a1 ch + i0 + t' i4 l' + n / y4 m,значи0тельным
знаю,* z n a0 / j j,зна0ю
знают,* z n a0 / j u4 c,зна0ют
зов,* z o0 f,зо0в
зовет,* z a1 v' / o0 t,зове0т
зовут,* a1 v u0 / t v',зову0т
золотой,* z a2 l a1 t / o0 j,золото0й
золотых,* z a2 l a1 t / y0 h,золоты0х
зонтами,* z a1 n t / a0 m' i4,зонта0ми
зонтик,* z o0 n' t' + i4 k,зо0нтик
зонтика,* z o0 n' t' + i4 k / a4,зо0нтика
зорче,* z o0 r + ch i4,зо0рче
зрачками,* z r a1 ch k / a0 m' i4,зрачка0ми
зрения,* z r' + e0 n' i4 j / a4,зре0ния
зубами,* z u1 b / a0 m' i4,зуба0ми
зубной,* z u1 b + n / o0 j,зубно0й
зубном,* z u1 b + n / o0 m,зубно0м
зубным,* z u1 b + n / y0 m,зубны0м
зубрят,* z u1 b r' / a0 -,зубря0т
зубы,* z u0 b / y4,зу0бы
зурин,* z u0 r' + i4 n,зу0рин
зятем,* z' a0 t' / i4 m,зя0тем
ибо,* i0 b a4,и0бо
иваан,* i1 v a0 a4,ива0ан
иван,* i1 v a0 n,ива0н
ивана,* i1 v a0 n / a4,ива0на
иване,* y1 v a0 n' / i4,ива0не
иванов,* y1 v a0 n + a4 f,ива0нов
иванова,* y1 v a0 n + a4 v / a4,ива0нова
ивановича,* - v a0 n + - v' + i4 ch / a4,и0вановича
иваном,* i1 v a0 n / a4 m,ива0ном
ивану,* i1 v a0 n / u4,ива0ну
игорь,* i0 g a4 r',и0горь
игоря,* i0 g a4 r' / a4,и0горя
играет,* i1 g r + a0 / j i4 t,игра0ет
играешь,* i1 g r + a0 / j i4 sh,игра0ешь
играли,* i1 g r + a0 + l' / i4,игра0ли
играми,* i0 g r / a4 m' i4,и0грами
играть,* i1 g r + a0 / d',игра0ть
играют,* i1 g r + a0 / j u4 t,игра0ют
игрок,* i1 g r + o0 k,игро0к
игроками,* i1 g r + a1 k / a0 m' i4,игрока0ми
идеалы,* i1 d' i1 a0 l / y4,идеа0лы
идее,* i1 d' e0 / - i4,иде0е
идем,* i1 d' / o0 m,иде0м
идет,* i1 d' / o0 d,иде0т
идея,* i1 d' e0 j / a4,иде0я
идиотизм,* i1 d' i1 a1 t' + i0 z m,идиоти0зм
идите,* i1 d' + i0 + t' i4,иди0те
идут,* i1 d / u0 d,иду0т
иждивении,* i1 zh d' i1 v' e0 n' i4 / i4,иждиве0нии
из,* i0 s,и0з
из-за,* i0 z - a4,и0з-за
избавление,~ i1 z * b a1 v l' + e0 n' i4 j / i4,избавле0ние
избаловались,~ i1 z * b a0 l a4 v + a4 + l' / i4 ^ s',изба0ловались
избил,~ i1 z * b' i0 + l,изби0л
избрали,~ i1 z * b r + a0 + l' / i4,избра0ли
известно,~ i1 z * v' e0 s + n + a4,изве0стно
известный,~ i1 z * v' e0 s + n / y4 j,изве0стный
известных,~ i1 z * v' e0 s + n / y4 h,изве0стных
извините,~ i1 z * v' i1 n' + i0 + t' e4,извини0те
извинится,~ i1 z * v' i1 n' / i0 ^ c a4,извини0тся
извиняется,~ i1 z * v' i1 n' + a0 / j i4 ^ c a4,извиня0ется
извинялась,~ i1 z * v' i1 n' + a0 + l / a4 ^ s',извиня0лась
извиняться,~ i1 z * v' i1 n' + a0 ^ c a4,извиня0ться
издали,~ i0 z * d a4 + l' / i4,и0здали
издевался,* i1 z' d' i1 v + a0 + l ^ s' a4,издева0лся
изделий,~ y1 z' * d' e0 l' + i4 j,изде0лий
излагать,~ i1 z * l a1 g + a0 / t',излага0ть
изменив,~ i1 z * m' i1 n' + i0 + v,измени0в
изменившимся,~ i1 z * m' i1 n' + i0 + f sh / y4 m ^ s' a4,измени0вшимся
изменилась,~ i1 z * m' i1 n' + i0 + l / a4 ^ s',измени0лась
изменилось,~ i1 z * m' i1 n' + i0 + l / a4 ^ s',измени0лось
измерил,~ i1 z * m' e0 r' + i4 + l,изме0рил
измученной,~ i1 z * m u0 ch + i4 n / a4 j,изму0ченной
изобрел,~ i1 z a1 * b r' + o0 + l,изобре0л
изобретательный,~ i1 z a2 * b r' + i1 t + a0 + t' i4 l' + n / y4 j,изобрета0тельный
изолятор,* y1 z a1 l' + a0 t a4 r,изоля0тор
изредка,~ i0 z * r' i4 t k + a4,и0зредка
изрытое,~ i1 z * r y0 + t / a4 j i4,изры0тое
изумляет,~ i1 z * u1 m l' + a0 / - i4 t,изумля0ет
изумлялся,~ i1 z * u1 m l' + a0 + l ^ s' a4,изумля0лся
изумляясь,~ y1 z * u1 m l' + a0 j + i4 ^ z',изумля0ясь
изуродованными,~ i1 z * u1 r o0 d + a4 v a4 + n / y4 m' i4,изуро0дованными
изучать,~ i1 z * u1 ch + a0 / t',изуча0ть
или,* i0 l' -,и0ли
им,* i0 m,и0м
имевшие,* i1 m' e0 + f sh / y4 j i4,име0вшие
имеет,* i1 m' e0 / - i4 d,име0ет
имеете,* i1 m' e0 / j i4 t' i4,име0ете
имеешь,* i1 m' e0 / j i4 sh,име0ешь
имей,* i1 m' e0 + j,име0й
имел,* i1 m' e0 + l,име0л
имела,* i1 m' e0 + l / a4,име0ла
имели,* i1 m' e0 + l' / i4,име0ли
имени,* i0 m' + i4 n' / i4,и0мени
именно,* i0 m' i4 n - a4,и0менно
именье,* y1 m' + e0 n' j / i4,име0нье
иметь,* i1 m' + e0 / t',име0ть
имею,* i1 m' e0 j / u4,име0ю
имеют,* i1 m' e0 / j u4 d,име0ют
ими,* i0 m' i4,и0ми
имя,* i0 m' / a4,и0мя
иначе,* i1 n a0 ch i4,ина0че
инженер,* i1 n zh y1 n' e0 r,инжене0р
инженером,* i1 n zh y1 n' e0 r / a4 m,инжене0ром
инициатива,* i1 n' i1 c y1 a1 t' i0 v / a4,инициати0ва
иногда,* y1 n a1 g d a0,иногда0
иного,* i1 n / o0 v a4,ино0го
иной,* i1 n / o0 j,ино0й
институт,* i1 n s' t' i1 t u0 t,институ0т
институты,* y1 n s' t' i1 t u0 t / y4,институ0ты
инструмент,* i1 n s t r u1 m' e0 n d,инструме0нт
инсульта,* y1 n s u0 l' t / a4,инсу0льта
интеллигентные,* i1 n' t' i1 l' i1 g' e0 n t + n / - j i4,интеллиге0нтные
интеллигентным,* i1 n' t' i1 l' i1 g' e0 n t + n / y4 m,интеллиге0нтным
интерес,* i1 n' t' i1 r' e0 s,интере0с
интереса,* i1 n t' i1 r' e0 s / a4,интере0са
интересна,* i1 n' t' i1 r' e0 s + n / a4,интере0сна
интересная,* i1 n' t' i1 r' e0 s + n / a4 j a4,интере0сная
интересно,* i1 n t' i1 r' e0 s + n + a4,интере0сно
интересны,* i1 n' t' i1 r' e0 s + n / y4,интере0сны
интересовало,* i1 n' t' i1 r' i1 s + a1 v a0 + l / a4,интересова0ло
интересом,* y1 n' t' i1 r' e0 s / a4 m,интере0сом
интересует,* i1 n t' i1 r' i1 s + u0 / j i4 t,интересу0ет
интересуется,* i1 n t' i1 r' i1 s + u0 / j i4 ^ c a4,интересу0ется
интуитивно,* i1 n t u1 i1 t' + i0 v n + a4,интуити0вно
инфаркт,* i1 n f a0 r k t,инфа0ркт
инфаркта,* i1 n f a0 r k t / a4,инфа0ркта
инфарктника,* i1 n f a0 r k t + n' i4 k / a4,инфа0рктника
инфарктников,* i1 n f a0 r k t + n' i4 k / a4 f,инфа0рктников
иные,* i1 n / y0 j i4,ины0е
иных,* y1 n / y0 h,ины0х
ираида,* i1 r a0 i4 d / a4,ира0ида
ираиды,* i1 r a0 i4 d / y4,ира0иды
ирина,* i1 r' i0 n / a4,ири0на
ириной,* y1 r' i0 n / a4 j,ири0ной
иронизировать,* y1 r a2 n' + i1 z' + i0 r a4 v a4 / t',иронизи0ровать
исидор,* i1 s' i1 d o0 r,исидо0р
исидора,* i1 s' i1 d o0 r / a4,исидо0ра
искал,* i1 s k + a0 + l,иска0л
искать,* i1 s k + a0 / t',иска0ть
исключения,~ i1 * s k l' u1 ch + e0 n' i4 j / a4,исключе0ния
исключительная,~ i1 s * k l' u1 ch + i0 t' + i4 l' n / a4 - i4,исключи0тельная
исключительного,~ i1 s * k l' u1 ch + i0 + t' i4 l' + n / a4 v a4,исключи0тельного
исключительных,~ y1 s * k l' u1 ch + i0 + t' i4 l' + n / y4 h,исключи0тельных
искренне,* i0 s k r' i4 n' + i4,и0скренне
искупает,~ i1 s * k u1 p + a0 / - i4 t,искупа0ет
исполнилось,~ i1 s * p o0 l n' + i4 + l / a4 ^ s',испо0лнилось
исполнителем,~ y1 s * p a1 l n' + i0 + t' i4 l' / i4 m,исполни0телем
исполняешь,~ i1 s * p a1 l n' + a0 / j i4 sh,исполня0ешь
испортил,~ i1 s * p o0 r t' + i4 + l,испо0ртил
испортит,~ i1 s * p o0 r t' / i4 t,испо0ртит
исправила,~ g l * a1 z a0 - + - + - / -,испра0вила
исправлять,~ i1 s * p r a1 v l' + a0 / t',исправля0ть
испуг,~ i1 s * p u0 k,испу0г
испуга,~ y1 s * p u0 g / a4,испу0га
испугавшись,~ i1 s * p u1 g + a0 + f sh y4 ^ s',испуга0вшись
испугались,~ i1 s * p u1 g + a0 + l' / i4 ^ s',испуга0лись
испугался,~ i1 s * p u1 g + a0 + l ^ s' a4,испуга0лся
испуганно,~ - * s p u0 g + a4 + n - + a4,и0спуганно
испуге,~ i1 s * p u0 g' / i4,испу0ге
испытай,~ i1 s * p y1 t + a0 + j,испыта0й
испытал,~ y1 s * p y1 t + a0 + l,испыта0л
испытанием,~ y1 s * p y1 t + a0 + n' i4 j / i4 m,испыта0нием
испытанном,~ i1 s * p y0 t + a4 + n / a4 m,испы0танном
испытывает,~ i1 s * p y0 t + y4 v a4 / j i4 t,испы0тывает
испытывал,~ i1 s * p y0 t + y4 v a4 + l,испы0тывал
испытывала,~ i1 s * p y0 t + y4 v a4 + l / a4,испы0тывала
испытывать,~ i1 s * p y0 t + y4 v a4 / t',испы0тывать
истине,* i0 s' t' i4 n' / e4,и0стине
истинная,* i0 s' t' i4 n a4 / j a4,и0стинная
истинно,* i0 s' t' i4 + n + a4,и0стинно
истинное,* i0 s' t' i4 + n + a4 j i4,и0стинное
истории,* i1 s t o0 r' + i4 / -,исто0рии
историю,* i1 s t o0 r' + i4 / j u4,исто0рию
история,* i1 s t o0 r' + i4 j / a4,исто0рия
исчез,* i1 sc ch e0,исче0з
исчезают,* i1 sc ch i1 + z / a0 j u4,исчеза0ют
исчезла,* y1 sc e0 z + l / a4,исче0зла
исчезли,* i1 sc e0 z + l' / i4,исче0зли
исчезло,* i1 sc ch e0 + z / l,исче0зло
исчезнувшие,* i1 sc ch e0 z + n u4 + f sh / y4 j i4,исче0знувшие
их,* i0 h,и0х
ищет,* i0 sc / i4 t,и0щет
июле,* y1 j u0 l' / i4,ию0ле
кабедвашников,* k a0 b e0 d v a0 sh + n' i1 k + a4 f,ка0бедвашников
кабетришников,* k a0 b e0 t r' i0 sh + n' i1 k + a4 f,ка0бетришников
кабинетик,* k a2 b' i1 n' e0 t' + i4 k,кабине0тик
кабину,* k a1 b' i0 n / u4,каби0ну
кабины,* k a1 b' i0 n / y4,каби0ны
каблуках,* k a2 b l u1 k / a0 h,каблука0х
кабы,* k a0 b y4,ка0бы
кавказ,* k a1 f k a0 s,кавка0з
каждая,* k a0 zh d / a4 j a4,ка0ждая
каждого,* k a0 zh d / a4 v a4,ка0ждого
каждой,* k a0 zh d / a4 j,ка0ждой
каждом,* k a0 zh d / a4 m,ка0ждом
каждому,* k a0 zh d / a4 m u4,ка0ждому
каждую,* k a0 zh d / u4 j u4,ка0ждую
каждый,* k a0 zh d / y4 -,ка0ждый
кажется,* k a0 zh / y4 ^ c a4,ка0жется
кажутся,* k a0 zh + u4 ^ c a4,ка0жутся
казалась,* k a1 z + a0 + l / a4 ^ s',каза0лась
казались,* k a1 z + a0 + l' / i4 ^ s',каза0лись
казалось,* k a1 z + a0 + l / a4 ^ s',каза0лось
казался,* k a1 z + a0 + l ^ s' a4,каза0лся
как,* a0 g d',ка0к
как-то,* k a0 k + - -,ка0к-то
какая,* k a1 k / a0 j a4,кака0я
какая-нибудь,* k a1 k / a0 j i4 + n' i4 b u4 d',кака0я-нибудь
какая-то,* k a1 k / a0 - i4 + t a1,кака0я-то
какие,* k a1 k' / i0 - i4,каки0е
каким,* k a1 k' / i0 m,каки0м
каким-нибудь,* k a1 k' + i0 m + n' i4 b u4 d',каки0м-нибудь
каким-то,* k a1 k' / i0 m + t a4,каки0м-то
какими-то,* k a1 k' / i0 m' i4 + t a4,каки0ми-то
каких,* k a1 k' / i0 h,каки0х
каких-нибудь,* k a1 k' / i0 h + n' i4 b u4 t',каки0х-нибудь
каких-то,* k a1 k' / i0 h + t a2,каки0х-то
какого,* k a1 k / o0 v a4,како0го
какого-нибудь,* k a1 k / o0 v a4 + n' i1 b u0 t',како0го-нибудь
какого-то,* k a1 k / o0 v a4 + t a2,како0го-то
какое,* k a1 k / o0 j i4,како0е
какое-нибудь,* k a1 k / o0 j i4 + n' i4 b u4 d',како0е-нибудь
какое-то,* k a1 k / o0 j i4 + t a4,како0е-то
какой,* j k a1 / k o0,како0й
какой-нибудь,* k a1 k / o0 j + - - - - -,како0й-нибудь
какой-то,* k a1 k / o0 j + t,како0й-то
каком,* k a1 k / o0 m,како0м
каком-то,* k a1 k / o0 m + t a4,како0м-то
какому,* k a1 k / o0 m u4,како0му
както,* k a0 k + t a4,ка0кто
какую,* k a1 k / u0 j u4,каку0ю
какую-нибудь,* k a1 k / u0 j u4 + n' i4 b u4 t',каку0ю-нибудь
какую-то,* k / a1 k u0 + j u4,каку0ю-то
калугин,* k a1 l u0 g' + i4 n,калу0гин
калужской,* k a1 l u0 sh + s k / a4 j,калу0жской
каменного,* k a0 m' i4 + n / a4 v a4,ка0менного
каменным,* k a0 m' i4 + n / y4 m,ка0менным
камня,* k a0 m n' / a4,ка0мня
канады,* k a1 n a0 d / y4,кана0ды
канализационная,* k a2 n a2 l' + i1 z + a1 c + y1 + o0 n / a4 j a4,канализацио0нная
кандидат,* k a2 n d' i1 d a0 t,кандида0т
канцелярии,* k a2 n c y1 l' a0 r' i4 / i4,канцеля0рии
капли,* k a0 p l' / i4,ка0пли
капля,* k a0 p + l' / a4,ка0пля
карандаш,* j k a2 r a1 n d a0,каранда0ш
карандашом,* k a2 r a2 n d a1 sh / o0 m,карандашо0м
карман,* k a1 r m a0 n,карма0н
кармане,* k a1 r m a0 n' / i4,карма0не
касается,* k a1 s + a0 / j i4 ^ c a4,каса0ется
касающемся,* k a1 s + a0 j + u4 sc / i4 m ^ s' a4,каса0ющемся
кассу,* k a0 s - / u4,ка0ссу
катался,* k a1 t + a0 + l ^ s' a4,ката0лся
катастрофы,* k a2 t a1 s t r o0 f / y4,катастро0фы
кататься,* k a1 t + a0 ^ c a4,ката0ться
катилось,* k a1 t' + i0 + l ^ a4 s',кати0лось
катись,* k a1 t' + i0 ^ s',кати0сь
катится,* k a0 t' + i4 ^ c a4,ка0тится
каток,* k a1 t + o0 k,като0к
качествах,* k a0 ch + i4 s t v / a4 h,ка0чествах
качество,* k a0 ch + i4 s t v / a4,ка0чество
каша,* k a0 sh / a4,ка0ша
кб,* k a0 b e0,кб
квадрате,* k v a1 d r a0 t' / i4,квадра0те
квалифицированный,* k v a2 l' i1 f' i1 c + y0 r a4 v a4 + n / y4 j,квалифици0рованный
квартира,* k v a1 r t' i0 r / a4,кварти0ра
квартирах,* k v a1 r t' i0 r / - h,кварти0рах
квартире,* f k v a1 r t' i0 / r',кварти0ре
квартиру,* k v a1 r t' i0 r / u4,кварти0ру
квартиры,* j k v a1 r t' i0 / r,кварти0ры
кем,* k' / e0 m,ке0м
кем-то,* k' / e0 m + t a4,ке0м-то
кефир,* k' i1 f' i0 r,кефи0р
кивал,* k' i1 v + a0 + l,кива0л
кивнув,* k' i1 v + n u0 + f,кивну0в
кивнула,* k' i1 v + n u0 + l / a4,кивну0ла
кидался,* k' i1 d + a0 + l ^ s' a4,кида0лся
кидать,* k' i1 d + a0 / d',кида0ть
километр,* k' i1 l a1 * m' e0 t r,киломе0тр
кинокартину,* k' i1 n a2 * k a1 r t' i0 n / u4,кинокарти0ну
кинокартины,* k' i1 n = a2 * k a1 r t' i0 n / y4,кинокарти0ны
кинула,* k' i0 + n u4 + l / a4,ки0нула
кинулась,* k' i0 + n u4 + l / a4 ^ s',ки0нулась
кипа,* k' i0 p / a4,ки0па
кипит,* k' i1 p' / i0 t,кипи0т
кипы,* k' i0 p / y4,ки0пы
кириллович,* k' i1 r' i0 l + a4 v' + i4 ch,кири0ллович
кирилловича,* k' i1 r' i0 l + a4 v' + i4 ch / a4,кири0лловича
кирпич,* k' i1 r p' i0 ch,кирпи0ч
кирпичных,* k' i1 r p' i0 ch + n / y4 h,кирпи0чных
кирсанове,* k' i1 r s a0 n + a4 v' / i4,кирса0нове
кисточку,* k' i0 s t + a4 ch k / u4,ки0сточку
китае,* k' i1 t a0 j / i4,кита0е
китайскими,* k' i1 t a0 j + s k' / i4 m' i4,кита0йскими
китайских,* k' i1 t a0 j + s k' / i4 h,кита0йских
китая,* k' i1 t a0 j / a4,кита0я
кичатся,* k' i1 ch / a0 ^ c a4,кича0тся
кичится,* k' i1 ch / i0 ^ c a4,кичи0тся
кичливость,* k' i1 ch + l' i0 v + a4 s' t',кичли0вость
классе,* k l a0 s' / i4,кла0ссе
клев,* k l' o0 f,кле0в
клевет,* k l' i1 v' e0 t,клеве0т
клеенке,* k l' i1 j + o0 n k' / i4,клее0нке
клеится,* k l' e0 / i4 c ^ - a4,кле0ится
клеточку,* k l' e0 t + a4 ch + k / u4,кле0точку
клетчатую,* k l' e0 + ch a4 t / u4 j u4,кле0тчатую
климат,* k l' i0 m a4 t,кли0мат
климате,* k l' i0 m a4 t' / i4,кли0мате
кличу,* k l' i0 ch / u4,кли0чу
клочьев,* k l o0 ch / j i4 f,кло0чьев
клуб,* k l u0 p,клу0б
ключ,* k l' u0 ch,клю0ч
ключом,* k l' u1 ch / o0 m,ключо0м
книг,* k n' i0 k,кни0г
книге,* k n' i0 g' / e4,кни0ге
книги,* k n' i0 g' / i4,кни0ги
книгой,* k n' i0 g / a4 j,кни0гой
книгу,* k n' i0 g / u4,кни0гу
книжек,* k n' i0 zh + y4 k,кни0жек
книжечки,* k n' i0 zh + y4 ch k' / i4,кни0жечки
книжечкой,* k n' i0 zh + y4 ch k / a4 j,кни0жечкой
книжках,* k n' i0 sh + k / a4 h,кни0жках
книжном,* k n' i0 zh + n / a4 m,кни0жном
книжный,* k n' i0 zh + n / y4 j,кни0жный
князь,* k n' a0 s',кня0зь
князя,* k n' a0 z' / a4,кня0зя
ковбойке,* k a1 v b o0 j + k' / i4,ковбо0йке
ковер,* k a1 v' o0 r,кове0р
когда-нибудь,* k a1 g d a0 + n' i4 b u4 d',когда0-нибудь
когда-то,* k a1 g d a0 + t a1,когда0-то
кого-нибудь,* k a1 v o0 + n' i4 b u4 d',кого0-нибудь
кого-то,* k / a1 v o0 + t a4,кого0-то
когонибудь,* k a1 v o0 + n' i4 b u4 t',кого0нибудь
кое,~ k o0 j i4,ко0е
кое-,~ k o0 - i4,ко0е-
кое-какие,~ k o0 j i4 * k a1 k' / i0 j i4,ко0е-какие
кое-чего,~ k a2 i1 * ch / i1 v o0,кое-чего0
кожа,* k o0 zh / a4,ко0жа
кожаных,* k o0 zh + a4 n / - -,ко0жаных
кожевенником,* k a1 zh + e0 v' + i4 n' + i4 k / a4 m,коже0венником
кожей,* k o0 zh / y4 j,ко0жей
кожи,* k o0 zh / y4,ко0жи
кожу,* k o0 zh / u4,ко0жу
козлах,* k o0 z l / a4 h,ко0злах
козлове,* k a1 z l + o0 v' / i4,козло0ве
кол,* k o0 l,ко0л
колебаний,* k a2 l' i1 b + a0 + n' i4 j,колеба0ний
колени,* k a1 l' e0 n' / i4,коле0ни
колену,* k a1 l' e0 n / u4,коле0ну
коленях,* k a1 l' e0 n' / a4 h,коле0нях
количество,* k a1 l' i0 ch + i4 s t v / a4,коли0чество
коломенское,* k a1 l o0 m' i4 n + s k / a4 j i4,коло0менское
колонку,* k a1 l o0 n + k / u4,коло0нку
колонной,* k a1 l o0 n / a4 j,коло0нной
колонну,* k a1 l o0 n / u4,коло0нну
колунами,* k a2 l u1 n / a0 m' i4,колуна0ми
колются,* k o0 l' / u4 ^ c a4,ко0лются
коляски,* k a1 l' a0 s + k' / i4,коля0ски
команде,* k a1 m a0 n' d' / i4,кома0нде
командировке,* k a2 m a2 n' d' + i1 r + o0 f + k' / i4,командиро0вке
командировкой,* k a2 m a2 n' d' + i1 r + o0 f + k / a4 j,командиро0вкой
командировку,* k a2 m a2 n d' + i1 r + o0 f + k / u4,командиро0вку
команду,* k a1 m a0 n d / u4,кома0нду
комические,* k a1 m' i0 ch + i4 s k' / i4 j i4,коми0ческие
коммерсанты,* k a2 m' i1 r s + a0 n t / y4,коммерса0нты
коммуны,* k a1 m u0 n / y4,комму0ны
комнат,* k o0 m n a4 t,ко0мнат
комната,* k o0 m n a4 t / a4,ко0мната
комнатах,* k o0 m n a4 t / a4 h,ко0мнатах
комнате,* k o0 m n a4 t' / e4,ко0мнате
комнатки,* k o0 m n a4 t + k' / i4,ко0мнатки
комнатку,* k o0 m n a4 t + k / u4,ко0мнатку
комнату,* k o0 m n a4 t / u4,ко0мнату
комнаты,* k o0 m n a4 t / y4,ко0мнаты
компании,* k a1 m p a0 n' i4 / i4,компа0нии
композиторы,* k a1 m p a1 z' i0 t + a4 r / y4,компози0торы
кому-нибудь,* k a1 m u0 + n' i4 b u4 t',кому0-нибудь
кому-то,* k a1 m u0 + t a4,кому0-то
комфорта,* k a1 m f o0 r t / a4,комфо0рта
конверте,* k a1 n v' e0 r t' / i4,конве0рте
кондукторша,* k a1 n d u0 k t + a4 r + sh / a4,конду0кторша
конечная,* k a1 n' e0 ch + n / a4 j a4,коне0чная
конечно,* k a1 n' e0 sh + n + a4,коне0чно
конкой,* k o0 n + k / a4 j,ко0нкой
конский,* k o0 n + s k' / i4 j,ко0нский
конспиратор,* k a2 n s p' i1 r + a0 + t a4 r,конспира0тор
консультации,* k a2 n s u1 l' t + a0 c / y4 i4,консульта0ции
контроль,* k a1 n t r o0 l',контро0ль
контрольные,* k a1 n t r o0 l' + n / y4 j i4,контро0льные
контрольных,* k a1 n t r o0 l' + n / y4 h,контро0льных
конфет,* k a1 n f' e0 t,конфе0т
концах,* k a1 n c / a0 h,конца0х
концерт,* k a1 n c e0 r t,конце0рт
концерты,* k a1 n c e0 r t / y4,конце0рты
концов,* k a1 n c / o0 f,концо0в
концом,* k a1 n c / o0 m,концо0м
кончается,* k a1 n' ch + a0 / j i4 ^ c a4,конча0ется
кончай,* k a1 n' ch + a0 + j,конча0й
кончался,* k a1 n' ch + a0 + l ^ s' a4,конча0лся
кончено,* k o0 n' ch + i4 n + a4,ко0нчено
кончик,* k o0 n' + ch + i4 k,ко0нчик
кончила,* k o0 n' ch + i4 + l / a4,ко0нчила
кончилось,* k o0 n ch + i4 + l / a4 ^ s',ко0нчилось
коньяк,* k a1 n' j a0 k,конья0к
кооператив,* k a2 a2 p' i1 r a1 t' i0 f,кооперати0в
кооперативном,* k a2 a2 p' i1 r a1 t' i0 v + n / a4 m,кооперати0вном
кооперативную,* k a2 a1 p' i1 r a1 t' i0 v + n / u4 j u4,кооперати0вную
кооперативом,* k a2 a2 p' i1 r a1 t' i0 v / a4 m,кооперати0вом
копейки,* k a1 p' e0 j k' / i4,копе0йки
копия,* k o0 p' + i4 j / a4,ко0пия
корабль,* k a1 r a0 b l',кора0бль
коридор,* k a2 r' i1 d o0 r,коридо0р
коридоре,* k a2 r' i1 d o0 r' / e4,коридо0ре
коридору,* k a2 r' i1 d o0 r / u4,коридо0ру
корил,* k a1 r' + i0 + l,кори0л
коричневой,* k a1 r' i0 ch + n' i4 v / a4 j,кори0чневой
коричневую,* k a1 r' + i0 ch + n' + i4 v / u4 j u4,кори0чневую
коричневые,* k a1 r' i0 ch + n' i4 v / y4 j i4,кори0чневые
корками,* k o0 r + k / a4 m' i4,ко0рками
корки,* k o0 r + k' / i4,ко0рки
кормила,* k a1 r m' + i0 + l / a4,корми0ла
коробка,* k a1 r o0 p + k / a4,коро0бка
коробке,* k a1 r o0 p + k' / i4,коро0бке
коробку,* k a1 r o0 p k / u4,коро0бку
короткие,* k a1 r o0 t + k' / i4 - i4,коро0ткие
коротким,* k a1 r o0 t + k' / i4 m,коро0тким
короткими,* k a1 r o0 t + k' / i4 m' i4,коро0ткими
коротко,* k o0 r a4 t + k + a4,ко0ротко
короткой,* k a1 r o0 t + k / a4 j,коро0ткой
коротком,* k a1 r o0 t + k / a4 m,коро0тком
короче,* k a1 r o0 ch + i4,коро0че
корпуса,* k o0 r p u4 s / a4,ко0рпуса
корпят,* k a1 r p' / a0 t,корпя0т
корректен,* k a1 r' e0 k t' + i4 n,корре0ктен
корректно,* k a1 r' e0 k t + n / a4,корре0ктно
корт,* k o0 r t,ко0рт
корте,* k o0 r t' / i4,ко0рте
корточки,* k o0 r t + a4 ch k' / i4,ко0рточки
корысти,* k a1 r y0 s' t' / i4,коры0сти
корысть,* k a1 r y0 s' t',коры0сть
корявыми,* k a1 r' + a0 v / y4 m' i4,коря0выми
костик,* k o0 s' t' + i4 g,ко0стик
костика,* k o0 s' t' + i4 k / a4,ко0стика
костику,* k o0 s' t' + i4 k / u4,ко0стику
кость,* k o0 s' t',ко0сть
костюм,* k a1 s' t' u0 m,костю0м
костюмах,* k a1 s' t' u0 m / a4 h,костю0мах
костюме,* k a1 s' t' u0 m' / i4,костю0ме
костяшек,* k a1 s' t' + a0 sh + y4 k,костя0шек
костяшками,* k a1 s' t' a0 + sh + k / a4 m' i4,костя0шками
котелках,* k a2 t' i1 l + k / a0 h,котелка0х
котлованами,* k a2 t l a1 v a0 n / a4 m' i4,котлова0нами
которая,* k a1 t o0 r / a4 - i4,кото0рая
которого,* k a1 t o0 r / a4 v a4,кото0рого
которое,* k a1 t o0 r / a4 - i4,кото0рое
которой,* k a1 t o0 r / a4 -,кото0рой
котором,* k a1 t o0 r / a4 m,кото0ром
которому,* k a1 t o0 r / a4 m u4,кото0рому
которую,* k a1 t o0 r / u4 j u4,кото0рую
которые,* k a1 t o0 r / y4 - i4,кото0рые
который,* a1 t o0 r y4 / j p,кото0рый
которым,* k a1 t o0 r / y4 m,кото0рым
которых,* k a1 t o0 r / y4 h,кото0рых
кофточка,* k o0 f t + a4 ch k / a4,ко0фточка
кофточку,* k o0 f t + a4 ch k / u4,ко0фточку
кофту,* k o0 f t / u4,ко0фту
кочевряжиться,* k a2 ch i1 v r' a0 zh + y4 ^ c a4,кочевря0житься
кошмар,* k a1 sh m a0 r,кошма0р
кпж,* k a0 p e0 zh e0,кпж
краем,* k r a0 + - / i4 m,кра0ем
край,* k r a0 + j,кра0й
крайней,* k r a0 j + n' / i4 j,кра0йней
крайнем,* k r a0 j + n' / i4 m,кра0йнем
кран,* k r a0 n,кра0н
крана,* k r a0 n / a4,кра0на
красавицей,* k r a1 s + a0 v' + i4 c / y4 j,краса0вицей
красавчик,* k r a1 s + a0 f + ch i4 g,краса0вчик
красивая,* k r a1 s' + i0 v / a4 j a4,краси0вая
красивее,* k r a1 s' + i0 v' + i4 j i4,краси0вее
красивое,* k r a1 s' + i0 v / a4 j i4,краси0вое
красивый,* k r a1 s' + i0 v / y4 j,краси0вый
красивым,* k r a1 s' + i0 v / y4 m,краси0вым
красивыми,* k r a1 s' + i0 v / y4 m' i4,краси0выми
краска,* k r a0 s + k / a4,кра0ска
краски,* k r a0 s + k' / i4,кра0ски
краской,* - r a0 s + k / a4 j,кра0ской
красная,* k r a0 s + n / a4 j a4,кра0сная
красновато,* k r a2 s + n + a1 v a0 t + a4,краснова0то
красного,* k r a0 s + n / a4 v a4,кра0сного
красном,* k r a0 s + n / a4 m,кра0сном
красный,* k r a0 s + n / y4 j,кра0сный
красным,* k r a0 s + n / y4 m,кра0сным
красных,* k r a0 s + n / y4 h,кра0сных
краткой,* k r a0 t + k / a4 j,кра0ткой
крашенных,* k r a0 sh + y4 n / y4 h,кра0шенных
крашеной,* k r a0 sh + y4 n / a4 j,кра0шеной
края,* k r a0 + - / i4,кра0я
крематорий,* k r' i1 m + a1 t + o0 r' / i4 j,кремато0рий
крематория,* k r' i1 m + a1 t + o0 r' / i4 j a4,кремато0рия
крениться,* k r' i1 n' + i0 ^ c a4,крени0ться
крепко,* k r' e0 p + k + a4,кре0пко
крепости,* k r' e0 p + a4 s' t' / i4,кре0пости
крепче,* k r' e0 p + ch + i4,кре0пче
кретин,* k r' i1 t' i0 n,крети0н
кретином,* k r' i1 t' i0 n / a4 m,крети0ном
криками,* k r' i0 k / a4 m' i4,кри0ками
крикнет,* k r' i0 k + n' / i4 t,кри0кнет
крикнул,* k r' i0 k + n u4 + l,кри0кнул
крикнула,* k r' i0 k + n u4 + l / a4,кри0кнула
крикнуть,* k r' i0 k + n u4 / t',кри0кнуть
кристи,* k r' i0 s' t' i4,кри0сти
кричал,* k r' i1 ch + a0 + l,крича0л
кричат,* k r' i1 ch / a0 d,крича0т
кричит,* k r' i1 ch / i0 d,кричи0т
кроватей,* k r a1 v a0 t' / i4 j,крова0тей
кровати,* k r a1 v a0 t' / i4,крова0ти
кровом,* k r o0 v / a4 m,кро0вом
кровь,* k r o0 f',кро0вь
кровяное,* k r a2 v' + i1 n / o0 - i4,кровяно0е
кроме,* k r o0 m' i4,кро0ме
крошках,* k r o0 sh + k / a4 h,кро0шках
круг,* k r u0 g,кру0г
круглый,* k r u0 g + l / y4 j,кру0глый
кругом,* k r u1 g / o0 m,круго0м
кружками,* k r u0 sh + k / a4 m' i4,кру0жками
крупной,* k r u0 p + n / a4 j,кру0пной
крупные,* k r u0 p + n / y4 - i4,кру0пные
крупным,* k r u0 p + n / y4 m,кру0пным
крупными,* k r u0 p n\y4 m' i4,кру0пными
крыша,* k r y0 + sh / a4,кры0ша
крыше,* k r y0 + sh / y4,кры0ше
крючок,* k r' u1 ch + o0 k,крючо0к
кряхтела,* k r' i1 h t' + e0 + l / a4,кряхте0ла
ксенией,* k s' e0 n' i4 / i4 j,ксе0нией
ксении,* k s' e0 n' i4 / i4,ксе0нии
ксению,* k s' e0 n' i4 / j u4,ксе0нию
ксения,* k s' e0 n' e4 / j a4,ксе0ния
кстати,* k s t a0 t' i4,кста0ти
кто-нибудь,* k t / o0 + n' i4 b u4 d',кто0-нибудь
кто-то,* k k / t + o0 t,кто0-то
ктонибудь,* k t o0 + n' i4 b u4 t',кто0нибудь
кубатуры,* j k u1 + b a1 + t u0 / r,кубату0ры
куда-то,* k u1 d a0 + t a4,куда0-то
кудрявым,* k u1 d r' + a0 v / y4 m,кудря0вым
кузнецком,* k u1 z' + n' + e0 c + k / a4 m,кузне0цком
культуры,* k u1 l' t u0 r / y4,культу0ры
купайся,* k u1 p + a0 + j ^ s' a4,купа0йся
купания,* k u1 p + a0 + n' i4 j / a4,купа0ния
купаться,* k u1 p + a0 ^ c a4,купа0ться
купил,* k u1 p' + i0 + l,купи0л
купила,* k u1 p' + i0 + l + a4,купи0ла
купили,* k u1 p' + i0 + l' / i4,купи0ли
купить,* k u1 p' + i0 / t',купи0ть
купленная,* k u0 p + l' i4 n / a4 j a4,ку0пленная
купленной,* k u0 p + l' + i4 n - / a4 j,ку0пленной
купленным,* k u0 p l' + i4 n / y4 m,ку0пленным
купленных,* k u0 p + l' + i4 n / y4 h,ку0пленных
купчих,* k u0 p + ch / i4 h,ку0пчих
курения,* k u1 r' + e0 n' i4 j / a4,куре0ния
курильщицы,* k u1 r' + i0 + l' + sc i4 c / y4,кури0льщицы
курорт,* k u1 r o0 r t,куро0рт
курортном,* k u1 r o0 r t + n / a4 m,куро0ртном
курсах,* k u0 r s / a4 h,ку0рсах
курсе,* k u0 r s' / i4,ку0рсе
курчавая,* k u1 r ch + a0 v / a4 j a4,курча0вая
курчавилась,* k u1 r ch + a0 v' + i4 + l / a4 ^ s',курча0вилась
курчавой,* k u1 r ch + a0 v / a4 j,курча0вой
кусочком,* k u1 s + o0 ch + k / a4 m,кусо0чком
кустам,* k u1 s t / a0 m,куста0м
кустами,* k u1 s t / a0 m' i4,куста0ми
кухне,* k u0 h n' / i4,ку0хне
кухню,* k u0 h n' / u4,ку0хню
кухонным,* k u0 h + a4 n + - / y4 m,ку0хонным
кучками,* k u0 ch + k / a4 m' i4,ку0чками
кушать,* k u0 sh + a4 / t',ку0шать
кушетку,* k u1 sh e0 t + k / u4,куше0тку
лагере,* l a0 g' i4 / r',ла0гере
лагерях,* l a2 g' i1 r' / a0 h,лагеря0х
ладно,* l a0 d + n + a4,ла0дно
ладонь,* a1 d o0 n' k,ладо0нь
ладонью,* l a1 d o0 n' / j u4,ладо0нью
лазаревна,* l a0 z a0 r' + i4 v + n / a4,ла0заревна
лазаревне,* l a0 z a4 r' + i4 v + n' / i4,ла0заревне
лазаревной,* l a0 z a4 r' + i4 v + n / a4 j,ла0заревной
лазаревну,* l a0 z a4 r' + i4 v + n / u4,ла0заревну
лазаревны,* l a0 z a4 r' + i4 v + n / y4,ла0заревны
лампочки,* l a0 m p + a4 ch k' / i4,ла0мпочки
лампу,* l a0 m p / u4,ла0мпу
лампы,* l a0 m p / y4,ла0мпы
ларьками,* l a1 r' + k / a0 m' i4,ларька0ми
ласка,* l a0 s k / a4,ла0ска
ласки,* l a0 s k' / i4,ла0ски
ласково,* l a0 s k + a4 v + a4,ла0сково
лаской,* l a0 s k / a4 j,ла0ской
лгуном,* l g + u1 n / o0 m,лгуно0м
левый,* l' e0 v / y4 j,ле0вый
лег,* l' o0 k,ле0г
легкий,* l' o0 h + k' / i4 j,ле0гкий
легким,* l' o0 h + k' / i4 m,ле0гким
легких,* l' o0 h k' / i4 h,ле0гких
легкой,* l' o0 h + k / a4 j,ле0гкой
легкость,* l' o0 h + k + a4 s' t',ле0гкость
легонько,* l' i1 g + o0 n' k + a4,лего0нько
легче,* l' e0 h ch + i4,ле0гче
ледяного,* l' i1 d' + i1 n / o0 v a4,ледяно0го
ледяными,* l' i1 d' + i1 n / y0 m' i4,ледяны0ми
лежа,* l' o0 zh + a4,ле0жа
лежавший,* l' i1 zh + a0 + f sh / y4 j,лежа0вший
лежал,* l' i1 zh + a0 + l,лежа0л
лежала,* l' i1 zh + a0 + l / a4,лежа0ла
лежали,* l' i1 zh + a0 + l' / i4,лежа0ли
лежало,* l' i1 zh + a0 + l / a4,лежа0ло
лежит,* l' i1 zh / y0 d,лежи0т
лекарства,* l' i1 k a0 r + s t v / a4,лека0рства
лекарствами,* l' i1 k + a0 r + s t v / a4 m,лека0рствами
лекарство,* l' i1 k a0 r + s t v / a4,лека0рство
лекции,* l' e0 k c y4 / i4,ле0кции
лелеяли,* l' i1 l' e0 + - i4 + l' / i4,леле0яли
лена,* - e0 n / a4,ле0на
лене,* l' e0 n' / e4,ле0не
леней,* l' e0 n' / i4 j,ле0ней
лени,* l' e0 n' / i4,ле0ни
ленка,* l' e0 n + k / a4,ле0нка
леной,* - e0 n / a4 j,ле0ной
леночка,* l' e0 n + a4 ch k / a4,ле0ночка
леночке,* l' e0 n + a4 ch k' / i4,ле0ночке
лену,* l' e0 n / u4,ле0ну
ленусе,* l' i1 n + u0 s' / e4,лену0се
лены,* l' e0 n / y4,ле0ны
ленька,* l' o0 n' + k / a4,ле0нька
ленькой,* l' o0 n' + k / a4 j,ле0нькой
леню,* - o0 n' / u4,ле0ню
леня,* - o0 n' / a4,ле0ня
леонид,* l' i1 a1 n' i0 d,леони0д
леонидом,* l' i1 a1 n' i0 d / a4 m,леони0дом
леониду,* l' i1 a1 n' i0 d / u4,леони0ду
лес,* l' e0 s,ле0с
лесах,* l' i1 s / a0 h,леса0х
лесом,* l' e0 s / a4 m,ле0сом
лесоторговой,* l' e0 s = a4 * t a1 r g + o0 v / a4 j,ле0соторговой
лесочке,* l' i1 s + o0 ch k' / i4,лесо0чке
лестница,* l' e0 s + n' i4 c / a4,ле0стница
лестнице,* l' e0 s n' i4 c / y4,ле0стнице
лестницу,* l' e0 s + n' i4 c / u4,ле0стницу
лет,* e0 t s,ле0т
лета,* l' e0 t / a4,ле0та
летела,* l' i1 t' + e0 + l / a4,лете0ла
летело,* l' i1 t' + e0 + l / a4,лете0ло
летнее,* l' e0 t + n' / i4 j i4,ле0тнее
летний,* l' e0 t + n' / i4 j,ле0тний
летним,* l' e0 t + n' / i4 m,ле0тним
летними,* l' e0 t + n' / i4 m' i4,ле0тними
лето,* l' e0 t / a4,ле0то
летом,* l' e0 t / a4 m,ле0том
лечение,* l' i1 ch + e0 n' i4 - / i4,лече0ние
лечить,* i1 ch + i0 / t',лечи0ть
ликует,* l' i1 k + u0 / j i4 t,лику0ет
ликую,* l' i1 k + u0 / j u4,лику0ю
лимонада,* l' i1 m a1 n + a0 d / a4,лимона0да
линейкой,* l' i1 n' + e0 j k / a4 j,лине0йкой
линейку,* l' i1 n' + e0 j k / u4,лине0йку
линии,* l' i0 n' / i4 i4,ли0нии
линий,* l' i0 n' / i4 j,ли0ний
лип,* l' i0 p,ли0п
липы,* l' i0 p / y4,ли0пы
листах,* l' i1 s t / a0 h,листа0х
листвой,* l' i1 s t + v / o0 j,листво0й
листву,* - i1 s t + v / u0,листву0
листочки,* l' i1 s t + o0 ch k' / i4,листо0чки
лифт,* l' i0 f t,ли0фт
лихач,* l' i1 h + a0 ch,лиха0ч
лихо,* l' i0 h + a4,ли0хо
лиц,* l' i0 c,ли0ц
лица,* - i0 c / a4,ли0ца
лицевой,* l' i1 c + y1 v / o0 j,лицево0й
лицом,* l' i1 c / o0 m,лицо0м
личиком,* l' i0 ch + i4 k / a4 m,ли0чиком
лично,* l' i0 ch + n + a4,ли0чно
лишенного,* l' i1 sh + o0 n - / a4 v a4,лише0нного
лишим,* l' i1 sh / y0 m,лиши0м
лишние,* l' i0 sh + n' / i4 j i4,ли0шние
лишь,* l' i0 sh,ли0шь
лоб,* l o0 p,ло0б
логика,* l o0 g' i4 k / a4,ло0гика
лоджии,* l o0 ch zh y4 / i4,ло0джии
лодке,* l o0 t + k' / i4,ло0дке
лодки,* l o0 t + k' / i4,ло0дки
лодочной,* l o0 d + a4 ch + n / a4 j,ло0дочной
ложась,* l a1 zh + a0 ^ s',ложа0сь
ложе,* l o0 zh / e4,ло0же
ложь,* l o0 sh,ло0жь
локтем,* l a1 k t' / o0 m,локте0м
локтями,* l a1 k t' / a0 m' i4,локтя0ми
ломал,* l a1 m + a0 + l,лома0л
ломти,* l o0 m + t' / i4,ло0мти
лопаткам,* l a1 p a0 t + k / a4 m,лопа0ткам
лопни,* l o0 p + n' + i4,ло0пни
лора,* l o0 r / a4,ло0ра
лоре,* l o0 r' / i4,ло0ре
лорка,* l o0 r + k / a4,ло0рка
лорой,* l o0 r / a4 j,ло0рой
лорочкой,* l o0 r + a4 ch k / a4 j,ло0рочкой
лору,* l o0 r / u4,ло0ру
лорхен,* l o0 r h' i4 n,ло0рхен
лоры,* l o0 r / y4,ло0ры
лошадь,* l o0 sh a4 t',ло0шадь
луг,* l u0 k,лу0г
лукьянов,* l u1 k' j a0 n + a4 f,лукья0нов
лукьяновской,* l u1 k j a0 n + a4 f + s k / a4 j,лукья0новской
лукьяновы,* l u1 k j a0 n + a4 v / y4,лукья0новы
лукьяноподобия,* l u1 k' j a0 n = a4 ~ p a1 * d o0 b' / i4 j a4,лукья0ноподобия
лучше,* - u0 ch + sh + y4,лу0чше
лучшее,* l u0 ch + sh + y4 j i4,лу0чшее
лучшей,* l u0 ch + sh / y4 -,лу0чшей
лучшие,* l u0 ch + sh / y4 j i4,лу0чшие
лучший,* l u0 ch + sh / y4 j,лу0чший
лучших,* l u0 ch + sh / y4 h,лу0чших
лыжный,* l y0 zh + n / y4 j,лы0жный
лысого,* l y0 s / a4 v a4,лы0сого
лысый,* l y0 s / y4 j,лы0сый
лысым,* l y0 s / y4 m,лы0сым
льстивым,* l' s' t' + i0 v / y4 m,льсти0вым
любая,* l' u1 b / a0 j a4,люба0я
любезен,* l' u1 b' + e0 z' + i4 n,любе0зен
любезно,* l' u1 b' + e0 z + n + a4,любе0зно
любезности,* l' u1 b' + e0 z + n + a4 s' t' / i4,любе0зности
любившие,* l' u1 b' + i0 + f sh / y4 - i4,люби0вшие
любил,* l' u1 b' + i0 + l,люби0л
любила,* l' u1 b' + i0 + l / a4,люби0ла
любимого,* l' u1 b' + i0 m / a4 v a4,люби0мого
любимой,* l' u1 b' + i0 m / a4 j,люби0мой
любимый,* l' u1 b' + i0 m / y4 -,люби0мый
любимым,* l' u1 b' + i0 m / y4 m,люби0мым
любит,* l' u0 b' / i4 c,лю0бит
любить,* l' u1 b' + i0 / t',люби0ть
любишь,* - u0 b' / i4 sh,лю0бишь
любовь,* l' u1 b + o0 f',любо0вь
любовью,* l' u1 b o0 v' / j u4,любо0вью
любого,* l' u1 b / o0 v a4,любо0го
любое,* l' u1 b / o0 j i4,любо0е
любой,* l' u1 b / o0 j,любо0й
любопытством,* l' u1 b = a1 * p y0 c + t v / a4 m,любопы0тством
любую,* l' u1 b / u0 j u4,любу0ю
любят,* l' u0 b' / i4 d,лю0бят
людей,* l' u1 d' / e0 j,люде0й
людей-то,* l' u1 d' / e0 j * t a4,люде0й-то
люди,* - u0 d' / i4,лю0ди
людмила,* - u1 d m' i0 l / a4,людми0ла
людмиле,* l' u1 d m' i0 l' / i4,людми0ле
людмилин,* l' u1 d m' i0 l' + i4 n,людми0лин
людмилино,* l' u1 d m' i0 l' + i4 n / a4,людми0лино
людмилиного,* l' u1 d m' i0 l' + i4 n / a4 v a4,людми0линого
людмилиной,* l' u1 d m' i0 l' + i4 n / a4 j,людми0линой
людмилиным,* l' u1 d m' i0 l' + i4 n / y4 m,людми0линым
людмилиных,* l' u1 d m' i0 l' + i4 n / y4 h,людми0линых
людмилой,* l' u1 d m' i0 l / a4 j,людми0лой
людмилу,* l' u1 d m' i0 l / u4,людми0лу
людмилы,* l' u1 d m' i0 l / y4,людми0лы
людям,* l' u0 d' / i4 m,лю0дям
людях,* l' u0 d' / a4 h,лю0дях
люкс,* l' u0 k s,лю0кс
люси,* l' u0 s' / i4,лю0си
люстру,* l' u0 s t r / u4,лю0стру
магазин,* m a2 g a1 z' i0 n,магази0н
май,* m a0 j,ма0й
майского,* m a0 j + s k / a4 v a4,ма0йского
маклер,* m a0 k l' i4 r,ма0клер
маклера,* m a0 k l' i4 r / a4,ма0клера
максимум,* m a0 k s' i4 m + u4 m,ма0ксимум
мал,* m a0 l,ма0л
малейший,* m a1 l' + e0 j sh / y4 j,мале0йший
малейшим,* m a1 l' + e0 j sh / y4 m,мале0йшим
маленькая,* m a0 l' + i4 n' k / a4 j a4,ма0ленькая
маленький,* m a0 l' + i4 n' k' / i4 j,ма0ленький
маленьким,* m a0 l' + i4 n' k' / i4 m,ма0леньким
маленького,* m a0 l' + i4 n' k / a4 v a4,ма0ленького
маленькой,* m a0 l' + i4 n' k / a4 j,ма0ленькой
маленькую,* m a0 l' + i4 n' k / u4 j u4,ма0ленькую
мало,* m a0 l + a4,ма0ло
малоимущие,* m a0 l = a2 * i1 m + u0 sc / i4 j i4,ма0лоимущие
малой,* m a0 l / a4 j,ма0лой
малосодержательным,* m a2 l = a2 s ~ a2 * d' i1 r zh + a0 + t' i4 l' n / y4 m,малосодержа0тельным
малость,* m a0 l + a4 s' t',ма0лость
мальчик,* m a0 l' + ch i4 k,ма0льчик
мальчика,* m a0 l' + ch i4 k / a4,ма0льчика
мальчики,* m a0 l' + ch i4 k' / i4,ма0льчики
мальчиковые,* m a2 l' + ch i1 k + o0 v / y4 j i4,мальчико0вые
мальчику,* m a0 l' + ch i4 k / u4,ма0льчику
мальчишка,* m a1 l' + ch i0 sh + k / a4,мальчи0шка
мальчишки,* - a1 l' + ch i0 sh + k' / i4,мальчи0шки
мальчишку,* m a1 l' + ch i0 sh + k / u4,мальчи0шку
мам,* m a0 m,ма0м
мама,* m a0 m / a4,ма0ма
мамаша,* m a1 m + a0 sh / a4,мама0ша
маме,* m a0 m' / e4,ма0ме
мамин,* m a0 m' + i4 n,ма0мин
мамино,* m a0 m' + i4 n / a4,ма0мино
маминого,* m a0 m' + i4 n / a4 v a4,ма0миного
маминой,* m a0 m' + i4 n / a4 j,ма0миной
мамину,* m a0 m' + i4 n / u4,ма0мину
мамой,* m a0 m / a4 j,ма0мой
мамочка,* m a0 m + a4 ch k / a4,ма0мочка
маму,* m a0 m / u4,ма0му
мамы,* m a0 / m,ма0мы
мандельштама,* m a2 n d y1 l' sh t a0 m / a4,мандельшта0ма
манера,* m a1 n' e0 r / a4,мане0ра
манерой,* m a1 n' e0 r / a4 j,мане0рой
марины,* m a1 r' i0 n / y4,мари0ны
марками,* m a0 r k / a4 m' i4,ма0рками
маркович,* m a0 r k + a4 v' + i4 ch,ма0ркович
марковича,* m a0 r k + a4 v' + i4 ch / a4,ма0рковича
маркой,* m a0 r - k / a4 j,ма0ркой
маркушевича,* m a2 r k + u1 sh + e0 v' + i4 ch / a4,маркуше0вича
маркушевичами,* m a2 r k + u1 sh + e0 v' + i4 ch / a4 m' i4,маркуше0вичами
маркушевичей,* m a2 r k + u1 sh + e0 v' + i4 ch / e4 j,маркуше0вичей
маркушевичи,* m a2 r k + u1 sh + e0 v' + i4 ch / i4,маркуше0вичи
марьи,* m a0 r' j / i4,ма0рьи
марьиной,* m a0 r' j + i4 n / a4 j,ма0рьиной
марья,* m a0 r' j / a4,ма0рья
марьянка,* m a1 r' j a0 n + k / a4,марья0нка
масло,* m a0 s l / a4,ма0сло
масса,* m a0 s - / a4,ма0сса
мастер,* m a0 s t' i4 r,ма0стер
мастерская,* m a2 s' t' i1 r + s k / a0 j a4,мастерска0я
мастерской,* m a2 s' t' i1 r + s k / o0 j,мастерско0й
матвей,* m a1 t v' e0 j,матве0й
математике,* m a2 t' i1 m a0 t' i4 k' / i4,матема0тике
математикой,* m a2 t' i1 m a0 t' i4 k / a4 j,матема0тикой
математичка,* m a2 t' i1 m a1 t' i0 ch + k / a4,математи0чка
матери,* m a0 t' i4 r' / i4,ма0тери
материнская,* m a2 t' i1 r' + i0 n + s k / a4 j a4,матери0нская
матерью,* m a0 t' i4 r' / i4 j,ма0терью
матрац,* m a1 t r a0 c,матра0ц
матушке,* m a0 t + u4 sh k' / i4,ма0тушке
матчами,* m a0 ch / i4 m' i4,ма0тчами
мать,* m a0 d',ма0ть
махал,* m a1 h + a0 + l,маха0л
махнув,* m a1 h + n u0 + f,махну0в
махнул,* m a1 h + n u0 + l,махну0л
махнула,* m a1 h + n u0 + l / a4,махну0ла
махнули,* m a1 h + n u0 + l' / i4,махну0ли
машиной,* m a1 sh y0 n / a4 j,маши0ной
машиностроительном,* m a1 sh y0 n = a2 * s t r a1 + i0 + t' i4 l' n / a4 m,маши0ностроительном
машину,* m a1 sh y0 n / u4,маши0ну
мгновение,* m g + n + a1 v' + e0 n' i4 j / i4,мгнове0ние
мгновенная,* m g + n + a1 v' + e0 n / a4 j a4,мгнове0нная
мгновенно,* m g + n + a1 v' + e0 n - + a4,мгнове0нно
мгновенны,* m g + n + a1 v' + e0 n / y4,мгнове0нны
мебели,* m' e0 b' i4 l' / i4,ме0бели
мебель,* m' e0 b' i4 l',ме0бель
мебельщики,* m' e0 b' i4 l' + sc i4 k' / i4,ме0бельщики
медленно,* m' e0 d l' + i4 n + a4,ме0дленно
медленный,* e0 d l' i4 + n - y4 / j v,ме0дленный
медной,* m' e0 d + n / a4 j,ме0дной
медового,* m' i1 d + o0 v / a4 v a4,медо0вого
между,* m' e0 zh d u4,ме0жду
мелкие,* m' e0 l + k' / i4 j i4,ме0лкие
мелкий,* m' e0 l + k' / i4 j,ме0лкий
мелких,* m' e0 l + k' / i4 h,ме0лких
мелкобуржуазным,* m' e1 l k = a2 * b u1 r zh u1 + a0 z + n / y4 m,мелкобуржуа0зным
мелкозастекленными,* m' e0 l k = a4 ~ z a4 * s' t' i1 k l' + o0 n / y4 m' i4,ме0лкозастекленными
мелком,* m' e0 l + k / a4 m,ме0лком
мелодию,* m' i1 l o0 d' i4 / j u4,мело0дию
мелочам,* - i1 l + a1 ch / a0 m,мелоча0м
мелочах,* m' i1 l + a1 ch / a0 h,мелоча0х
мелочь,* m' e0 l + a4 ch,ме0лочь
мелькнуло,* m' i1 l' k + n u0 + l / a4,мелькну0ло
мельник,* m' e0 l' + n' i4 g,ме0льник
менее,* m' e0 n' / i4 - - i4,ме0нее
меньше,* m' e0 n' + sh / y4,ме0ньше
меняет,* m' i1 n' + a0 / j i4 t,меня0ет
менял,* m' i1 n' + a0 + l,меня0л
менялось,* m' i1 n' + a0 + l / a4 ^ -,меня0лось
менялся,* m' i1 n' + a0 + l ^ s' a4,меня0лся
менять,* m' i1 n' + a0 / t',меня0ть
меняться,* m' i1 n' + a0 ^ c a4,меня0ться
меняю,* m' i1 n' + a0 / j u4,меня0ю
мере,* m' e0 r' / i4,ме0ре
мерзавец,* m' i1 r z + a0 v' + i4 c,мерза0вец
мерзавца,* m' i1 r z + a0 f + c / a4,мерза0вца
мерзавцев,* m' i1 r z + a0 f + c / y4 f,мерза0вцев
мерзавцем,* m' i1 r z + a0 f + c / y4 m,мерза0вцем
мерли,* m' o0 r l' i4,ме0рли
мест,* m e0 s t,ме0ст
места,* m' e0 s t / a4,ме0ста
месте,* m' e0 s' t' / e4,ме0сте
местечко,* m' i1 s' t' + e0 ch k / a4,месте0чко
место,* m' e0 s t / a4,ме0сто
месту,* m' e0 s t / u4,ме0сту
месяц,* m' e0 s' a4 c,ме0сяц
месяца,* - e0 s' i4 c / a4,ме0сяца
месяцами,* m' i1 s' i1 c / a0 m' i4,месяца0ми
месяце,* m' e0 s' i4 c / y4,ме0сяце
месяцев,* m' e0 s' a4 c / y4 f,ме0сяцев
месяцы,* m' e0 s' a4 c / y4,ме0сяцы
металла,* m' i1 t a0 l / a4,мета0лла
металлическую,* m' i1 t a1 l' + i0 ch + i4 s k / u4 j u4,металли0ческую
метнулся,* m i1 t + n u0 + l ^ s' a4,метну0лся
метод,* m' e0 t a4 t,ме0тод
методы,* - e0 t a4 d / y4,ме0тоды
метра,* m' e0 t r / a4,ме0тра
метрах,* m' e0 t r / a4 h,ме0трах
метров,* m' e0 t r / a4 f,ме0тров
мечтал,* m' i1 ch t + a0 + l,мечта0л
мечтала,* m' i1 ch t + a0 + l / a4,мечта0ла
мечтали,* m' i1 ch t + a0 + l' / i4,мечта0ли
мешает,* m' i1 sh + a0 / - i4 t,меша0ет
мешало,* m' i1 sh + a0 + l / a4,меша0ло
мешают,* m' i1 sh + a0 / j u4 t,меша0ют
мешаясь,* m' i1 sh + a0 + j i4 ^ s',меша0ясь
мешочек,* m' i1 sh + o0 ch + i4 k,мешо0чек
мещанством,* m' i1 sc + a0 n + s t v / a4 m,меща0нством
миг,* m' i0 g,ми0г
мигрень,* m' i1 g r' e0 n',мигре0нь
мизинца,* m' i1 z' i0 n + c / a4,мизи0нца
милая,* m' i0 l / a4 j a4,ми0лая
милиции,* m' i1 l' i0 c y4 / i4,мили0ции
милицию,* m' i1 l' i0 c y4 / j u4,мили0цию
милый,* m' i0 l / y4 j,ми0лый
мимо,* m' i0 m a4,ми0мо
мимоездом,* m' i1 m = a1 * j e0 z d / a4 m,мимое0здом
мимоходом,* m' i1 m = a1 * h o0 d / a4 m,мимохо0дом
миновали,* m' i1 n + a1 v a0 + l' / i4,минова0ли
минут,* m' i1 n u0 d,мину0т
минутку,* m' i1 n u0 t + k / u4,мину0тку
минутной,* m' i1 n u0 t + n / a4 j,мину0тной
минутой,* m' i1 n u0 t / a4 j,мину0той
минуточку,* m' i1 n u0 t + a4 ch k / u4,мину0точку
минуту,* m' i1 n u0 t / u4,мину0ту
минуты,* m' i1 n u0 t / y4,мину0ты
мир,* m' i0 r,ми0р
мира,* m' i0 r / a4,ми0ра
мире,* m' i0 r' / i4,ми0ре
мирится,* m' i0 r' / i4 ^ c a4,ми0рится
мирить,* m' i1 r' + i0 / t',мири0ть
мириться,* m' i1 r' + i0 ^ c a4,мири0ться
мирно,* m' i0 r + n + a4,ми0рно
миром,* m' i0 r / a4 m,ми0ром
мироныч,* m' i1 r o0 n + y4 ch,миро0ныч
миронычу,* m' i1 r o0 n + y4 ch / u4,миро0нычу
миру,* m' i0 r / u4,ми0ру
мирюсь,* m' i1 r' / u0 ^ s',мирю0сь
миссию,* m' i0 s' i4 / j u4,ми0ссию
мифами,* m' i0 f / a4 m' i4,ми0фами
младший,* m l a0 ch + sh / y4 j,мла0дший
мнение,* m n' + e0 n' i4 - / i4,мне0ние
мнением,* m n' + e0 n' i4 j / i4 m,мне0нием
мнению,* m n' + e0 n' i4 j / u4,мне0нию
многие,* m n o0 g' / - j i4,мно0гие
многим,* m n o0 / g' i4 m,мно0гим
многих,* m n o0 g' / i4 h,мно0гих
много,* m n o0 g + -,мно0го
многое,* m n o0 g / - j i4,мно0гое
многолетние,* m n a2 g = a1 * l' e0 t + n' / i4 j i4,многоле0тние
многоэтажные,* m n a2 g = a2 * i1 t a0 zh + n / y4 j i4,многоэта0жные
множество,* m n o0 zh + y4 s t v / a4,мно0жество
мной,* m n / o0 j,мно0й
мною,* m n o0 / j u4,мно0ю
мобилизуются,* m a2 b' i1 l' + i1 z + u0 / j u4 ^ c a4,мобилизу0ются
мог,* m o0 -,мо0г
могиле,* m a1 g' i0 l' / i4,моги0ле
могилы,* m a1 g' i0 l / y4,моги0лы
могут,* m o0 g / u4 c,мо0гут
могучий,* m a1 g + u0 ch / i4 j,могу0чий
модницей,* m o0 d + n' i4 c / y4 j,мо0дницей
модный,* m o0 d + n / y4 j,мо0дный
модными,* m o0 d + n / y4 m' i4,мо0дными
моей,* m a1 - / e0 j,мое0й
моем,* m a1 / j o0 m,мое0м
моему,* m o0 / j i4 m u4,мо0ему
моется,* m o0 / - i4 c ^ - a4,мо0ется
можем,* m o0 zh / y4 m,мо0жем
может,* m o0 zh / e4 t,мо0жет
можете,* m o0 zh / y4 t' i4,мо0жете
можешь,* m o0 zh / y4 sh,мо0жешь
можно,* m o0 zh + n + a4,мо0жно
мозговые,* m a2 z g + a1 v / y0 - i4,мозговы0е
мозолила,* m a1 z o0 l' + i4 + l / a4,мозо0лила
мои,* a1 i0 / n,мои0
моим,* m a1 / i0 m,мои0м
моих,* m a1 / i0 h,мои0х
мой,* m o0 j,мо0й
мокрое,* m o0 k r / a4 j i4,мо0крое
мокрой,* m o0 k r / a4 j,мо0крой
мокрыми,* m o0 k r / y4 m' i4,мо0крыми
мокрых,* m o0 k r / y4 h,мо0крых
мокряди,* m o0 k r' + a4 d' / i4,мо0кряди
мол,* m o0 l,мо0л
молодая,* m a2 l a1 d / a0 - i4,молода0я
молодец,* m a2 l a1 d' + e0 c,молоде0ц
молодого,* m a2 l a1 d / o0 v a4,молодо0го
молодой,* m a2 l a1 d / o0 j,молодо0й
молодости,* m o0 l a4 d + a4 s' t' / i4,мо0лодости
молодую,* m a2 l a1 d / u0 j u4,молоду0ю
молодые,* m a2 l a1 d / y0 - i4,молоды0е
молодым,* m a2 l a1 d / y0 m,молоды0м
молодыми,* m a2 l a1 d / y0 m' i4,молоды0ми
молодых,* m a2 l a1 d / y0 h,молоды0х
моложе,* m a1 l o0 zh + y4,моло0же
молоком,* l a1 k o0 m / y1 h,моло0ком
молча,* m o0 l ch + a4,мо0лча
молчавший,* m a1 l ch + a0 + f sh / y4 j,молча0вший
молчал,* m a1 l ch + a0 + l,молча0л
молчала,* m a1 l ch + a0 + l / a4,молча0ла
молчании,* m a1 l ch + a0 + n' i4 / i4,молча0нии
молчать,* m a1 l ch + a0 / t',молча0ть
момент,* m a1 m' e0 n d,моме0нт
моментов,* m a1 m' e0 n t / a4 f,моме0нтов
монстр,* m o0 n s t r,мо0нстр
моральный,* m a1 r a0 l' + n / y4,мора0льный
морде,* m o0 r d' / i4,мо0рде
море,* m o0 r' / i4,мо0ре
морем,* m o0 r' / i4 m,мо0рем
морковку,* m a1 r k o0 f + k / u4,морко0вку
моросящим,* m a2 r a1 s' + a0 sc / i4 m,морося0щим
морщинах,* m a1 r + sc i0 n / a4 h,морщи0нах
московским,* m a1 s k o0 f + s k' / i4 m,моско0вским
мостом,* m a1 s t / o0 m,мосто0м
мотив,* j m a1 t' i0,моти0в
мотопед,* m a2 t a1 * p' e0 t,мотопе0д
моторной,* m a1 t o0 r + n / a4 j,мото0рной
моторные,* m a1 t o0 r + n / y4 j i4,мото0рные
мощно,* m o0 sc + n + a4,мо0щно
мощным,* m o0 sc + n / y4 m,мо0щным
моя,* m a1 / j a0,моя0
мрачность,* m r a0 ch + n + a4 s' t',мра0чность
мрачным,* m r a0 ch + n / y4 m,мра0чным
мстительным,* m s' t' + i0 + t' i4 l' n / y4 m,мсти0тельным
мудрого,* m u0 d r / a4 v a4,му0дрого
мудрости,* m u0 d r + a4 s' t' / i4,му0дрости
муж,* m u0 sh,му0ж
мужей,* m u1 zh / e0 j,муже0й
мужской,* m u1 sh + s k / o0 -,мужско0й
мужчин,* m u1 + sc i0 n,мужчи0н
мужчина,* m u1 + sc i0 n / a4,мужчи0на
мужчинам,* m u1 + sc i0 n / a4 m,мужчи0нам
мужчине,* m u1 + sc i0 n' / i4,мужчи0не
мужчиной,* m u1 + sc i0 n / a4 j,мужчи0ной
мужчины,* m u1 + sc i0 n / y4,мужчи0ны
мужьями,* m u1 zh / j a0 m' i4,мужья0ми
музей,* m u1 z' e0 j,музе0й
музыка,* m u0 z y4 k / a4,му0зыка
музыкальная,* m u1 z y1 k + a0 l' n / a4 j a4,музыка0льная
музыкального,* m u1 z y1 k + a0 l' n / a4 v a4,музыка0льного
музыкальную,* m u1 z y1 k + a0 l' n / u4 j u4,музыка0льную
музыкальные,* m u1 z y1 k + a0 l' n / y4 - i4,музыка0льные
музыкальных,* m u1 z y1 k + a0 l' n / y4 h,музыка0льных
музыке,* m u0 z y4 k' / i4,му0зыке
музыкой,* - u0 z y4 k / a4 j,му0зыкой
музыку,* m u0 z y4 k / u4,му0зыку
мулаткой,* m u1 l a0 t + k / a4 j,мула0ткой
мучает,* m u0 ch + i4 / - i4 t,му0чает
мучил,* m u0 ch + i4 + l,му0чил
мучилась,* m u0 ch + i4 + l / a4 ^ s',му0чилась
мучило,* m u0 ch + i4 + l / a4,му0чило
мучился,* m u0 ch + i4 + l ^ s' a4,му0чился
мучительства,* m u1 ch + i0 + t' i4 l' + s t v / a4,мучи0тельства
мчался,* m ch + a0 + l ^ s' a4,мча0лся
мчатся,* m ch / a0 ^ c a4,мча0тся
мыл,* m y0 + l,мы0л
мыслей,* m y0 s l' / i4 j,мы0слей
мысленно,* m y0 s l' + i4 n + a4,мы0сленно
мысли,* m y0 s l' / -,мы0сли
мысль,* m y0 s l',мы0сль
мыслью,* m y0 s l' / j u4,мы0слью
мыться,* m y0 / c ^ - a4,мы0ться
мышь,* m y0 sh,мы0шь
мягкая,* m' a0 h + k / a4 j a4,мя0гкая
мягко,* m' a0 h + k + a4,мя0гко
мягкой,* m' a0 h + k / a4 j,мя0гкой
мямли,* m' a0 m + l' / i4,мя0мли
мятым,* m' a0 + t / y4 m,мя0тым
мячик,* m' a0 ch + i4 k,мя0чик
набережная,~ n a0 * b' i4 r' i4 zh + n / a4 j a4,на0бережная
набережной,~ n a0 * b' i4 r' i4 zh + n / a4 j,на0бережной
набережную,~ n a0 * b' i4 r' i4 zh + n / u4 j u4,на0бережную
наблюдал,~ n a2 * b l' u1 d + a0 + l,наблюда0л
наблюдательность,~ n a2 * b l' u1 d + a0 + t' i4 l' + n + a4 s' t',наблюда0тельность
наблюдать,~ n a2 * b l' u1 d + a0 / d',наблюда0ть
наблюдение,~ n a2 * b l' u1 d' + e0 n' i4 - / i4,наблюде0ние
набок,~ n a0 * b a4 k,на0бок
набором,~ n a1 * b o0 r / a4 m,набо0ром
набраться,~ n a1 * b r + a0 ^ c a4,набра0ться
навеки,~ n a1 * v' e0 k' / i4,наве0ки
наверно,~ n a1 * v' e0 r + n + a4,наве0рно
наверное,~ - a1 * v' e0 r + n + a4 - i4,наве0рное
наветов,* n a1 v' e0 t / a4 f,наве0тов
наволочкой,~ n a0 * v a4 l a4 ch + k / a4 j,на0волочкой
наврал,~ n a1 * v r + a0 + l,навра0л
навстречу,~ n a1 * f s t r' e0 ch + u4,навстре0чу
нагатине,* n a1 g a0 t' i4 n' / i4,нага0тине
наглостью,* n a0 g l + a4 s' t' / j u4,на0глостью
нагнулась,~ n a1 * g + n u0 + l / a4 ^ s',нагну0лась
нагнулся,~ n a1 * g n + u0 + l ^ s' a4,нагну0лся
наговаривать,~ n a2 * g a1 v a0 r' + i4 v a4 / t',нагова0ривать
нагрубил,~ n a2 * g r u1 b' + i0 + l,нагруби0л
над,* n a0 d,на0д
надавать,~ n a2 * d a1 + v a0 / t',надава0ть
надавить,~ n a2 * d a1 v' + i0 / t',надави0ть
надвигавшуюся,~ n a2 * d v' i1 g + a0 + f sh / u4 j u4 ^ s' a4,надвига0вшуюся
надвигался,~ n a2 * d v' i1 g + a0 + l ^ s' a4,надвига0лся
надевала,~ n a2 * d' i1 + v a0 + l / a4,надева0ла
надежда,~ n a1 * d' e0 + zh d / a4,наде0жда
надеждам,~ n a1 * d' e0 + zh d / a4 m,наде0ждам
надежде,* n a1 d' e0 zh + d' / i4,наде0жде
надеждой,~ n a1 * d' e0 + zh d / a4 j,наде0ждой
надежды,~ n a1 * d' e0 + zh d / y4,наде0жды
надежные,* n a1 d' o0 zh + n / y4 j i4,наде0жные
надела,~ n a1 * d' e0 + l / a4,наде0ла
надень,~ n a1 * d' e0 + n',наде0нь
надеюсь,~ n a1 * d' e0 / j u4 ^ s',наде0юсь
надеяться,~ n a1 * d' e0 + j i4 ^ c a4,наде0яться
надменности,* n a1 d m' e0 n + a4 s' t' / i4,надме0нности
надо,* a0 d a4 + d,на0до
надоели,* n a2 d a1 j e0 + l' / i4,надое0ли
надоело,* n a2 d a1 j e0 + l / a4,надое0ло
назад,~ n a1 * z a0 d,наза0д
назвал,~ n a1 * z v + a0 + l,назва0л
назвали,~ n a1 * z v + a0 + l' / i4,назва0ли
названием,~ n a1 * z v + a0 + n' i4 - / i4 m,назва0нием
назвать,~ n a1 * z v + a0 / t',назва0ть
назначений,~ n a2 * z n a1 ch + e0 n' i4 j,назначе0ний
назначению,~ n a2 * z n a1 ch + e0 n' i4 j / u4,назначе0нию
назначено,~ n a1 * z n a0 ch + i4 n / a4,назна0чено
называвшимся,~ n a2 * z y1 v + a0 + f sh / y4 m ^ s' a4,называ0вшимся
называет,~ n a2 * z y1 v + a0 / - i4 c,называ0ет
называй,~ n a2 * z y1 v + a0 + j,называ0й
называл,~ n a2 * z y1 v + a0 + l,называ0л
называла,~ n a2 * z y1 v + a0 + l / a4,называ0ла
называли,~ n a2 * z y1 v + a0 + l' / i4,называ0ли
называлось,~ n a2 * z y1 v + a0 + l / a4 ^ s',называ0лось
назывался,~ n a2 * z y1 v + a0 + l ^ s' a4,называ0лся
называть,~ n a2 * z y1 v + a0 / t',называ0ть
называют,~ n a2 * z y1 v + a0 / j u4 t,называ0ют
наибольшим,~ n a2 i1 * b o0 l' sh / y4 m,наибо0льшим
наизусть,~ n a2 ~ i1 z * u0 s' t',наизу0сть
наилучших,~ n a2 i1 * l u0 ch + sh / y4 h,наилу0чших
найдена,~ n a0 * j d' + i4 n / a4,на0йдена
найдется,~ n a1 * j d' / o0 ^ c a4,найде0тся
найдешь,~ n a1 * j d' / o0 sh,найде0шь
найдут,~ n a1 * j d / u0 t,найду0т
наказывать,~ n a1 * k a0 z + y4 v a4 / d',нака0зывать
накануне,~ n a2 * k a1 n u0 n' + i4,накану0не
накинули,~ n a1 * k' i0 + n u4 + l' / i4,наки0нули
наконец,~ n a2 * k a1 n' e0 c,наконе0ц
накрапывал,~ n a1 * k r a0 p + y4 v a4 + l,накра0пывал
накричать,~ n a2 * k r' i1 ch + a0 / t',накрича0ть
наливаются,~ a2 l' * i1 v + a0 j / u4 c ^ a4 k,налива0ются
налил,~ n a0 * l' i4 + l,на0лил
налилось,~ n a2 * l' i0 + l / a4 ^ s',нали0лось
нам,* n a0 m,на0м
намек,* n a1 m' o0 k,наме0к
намеками,* n a1 m' o0 k / a4 m' i4,наме0ками
нами,* n a0 m' / i4,на0ми
нанесенной,~ n - * n' i1 s' + o0 n - / a4 j,нане0сенной
наносит,~ n a1 * n o0 s' / i4 t,нано0сит
нанял,~ n a0 * n' i4 + l,на0нял
наоборот,~ n a2 * a1 b a1 r o0 t,наоборо0т
напевает,~ n a2 * p' i1 + v a0 / - i4 t,напева0ет
напевал,~ n a2 * p' i1 + v a0 + l,напева0л
напечатан,~ n a2 * p' i1 ch a0 t + a4 + n,напеча0тан
написал,~ n a2 * p' i1 s + a0 + l,написа0л
написанные,~ n a1 * p' i0 s + a4 + n / y4 - i4,напи0санные
написано,~ n a1 * p' i0 s + a4 + n + a4,напи0сано
написать,~ n a2 * p' i1 s + a0 / t',написа0ть
напиток,~ n a1 * p' i0 t + a4 k,напи0ток
наплевать,~ n a2 * p l' i1 v + a0 / t',наплева0ть
наполовину,~ n a2 * p a2 l a1 v' i0 n / u4,наполови0ну
напоминавшими,~ n a2 ~ p a2 * m' i1 n + a0 + f sh / y4 m' i4,напомина0вшими
напомнили,~ n a1 * p o0 m n' + i4 + l' / i4,напо0мнили
напомнить,~ n a1 ~ p o0 * m n' + i4 / t',напо0мнить
направление,~ n a2 * p r a1 v + l' + e0 n' i4 j / i4,направле0ние
направлении,~ n a2 * p r a1 v + l' + e0 n' i4 / i4,направле0нии
направо,~ n a1 * p r a0 v + a4,напра0во
напрашивайся,~ n a1 * p r a0 sh + y4 v a4 + j ^ s' a4,напра0шивайся
напрашивался,~ a1 p * r a0 sh - + v a4 l + s' ^ a4 n,напра0шивался
например,~ n a2 * p r' i1 m' e0 r,наприме0р
напролет,~ n a2 ~ p r a1 * l' o0 t,напроле0т
напросто,~ n a0 * p r a4 s t + a4,на0просто
напротив,~ n a1 * p r o0 t' i4 f,напро0тив
напрягалась,~ n a2 * p r' i1 g + a0 + l + a4 ^ s',напряга0лась
напряжения,~ n a2 * p r' i1 zh + e0 n' i4 j / a4,напряже0ния
напряженно,~ n a2 * p r' i1 zh + o0 n + a4,напряже0нно
напудренная,~ n a1 * p u0 d r' + i4 n / a4 j a4,напу0дренная
нарезала,~ n a1 * r' i1 z + a0 + l / a4,нареза0ла
народами,~ n a1 * r o0 d / a4 m' i4,наро0дами
народишка,* n a1 r o0 d' + i4 sh k / a4,наро0дишка
народу,* n a1 r o0 d / u4,наро0ду
нарочно,* n a1 r o0 sh + n + a4,наро0чно
нарядная,~ n a1 * r' a0 d + n / a4 j a4,наря0дная
нарядным,~ n a1 * r' a0 d + n / y4 m,наря0дным
нас,* n a0 s,на0с
насаженная,~ n a1 * s a0 zh + y4 n / a4 j a4,наса0женная
насвистывая,~ n a1 * s v' i0 s t + y4 v a4 + - i4,насви0стывая
насиженных,~ n a1 * s' i0 zh + y4 + n / y4 h,наси0женных
насквозь,~ n a1 * s k v o0 s',наскво0зь
насладиться,~ n a2 * s l a1 d' + i0 + c ^ - a4,наслади0ться
наслаждался,~ n a2 * s l a1 zh d + a0 + l ^ s' a4,наслажда0лся
наследник,~ n a1 * s l' e0 d + n' i4 g,насле0дник
наследники,~ n a1 * s l' e0 d + n' i4 k' / i4,насле0дники
наследников,~ n a1 * s l' e0 d + n' i4 k / a4 f,насле0дников
наследство,~ n a1 * s l' e0 + c t v / a4,насле0дство
наслушаться,~ n a1 * s l u0 sh + a4 ^ c a4,наслу0шаться
насмешливо,~ n a1 * s m' e0 sh + l' i4 v + a4,насме0шливо
насмешливый,~ - a1 * s m' e0 sh + l' i4 v / y4 j,насме0шливый
насосы,~ n a1 * s o0 s / y4,насо0сы
настенных,~ n a1 * s' t' e0 + n / y4 h,насте0нных
настойчивость,~ n a1 * s t o0 + j + ch i4 v + a4 s' t',насто0йчивость
настолько,~ n a1 * s t o0 l' k + a4,насто0лько
настольной,~ n a1 * s t o0 l' + n / a4 j,насто0льной
настороженный,~ n a2 * s t a1 r o0 zh + y4 n / y4 j,насторо0женный
настоял,~ n a2 * s t a1 + j + a0,настоя0л
настоящего,~ n a2 * s t a1 + j a0 sc / i4 v a4,настоя0щего
настоящие,* n a2 s t a1 j a0 sc / i4 j i4,настоя0щие
настоящий,~ n a2 * s t a1 + j a0 sc / i4 j,настоя0щий
настраивать,~ n a1 * s t r + a0 + i4 v a4 / t',настра0ивать
настроение,~ n a2 * s t r a1 + j e0 n' i4 - / i4,настрое0ние
настроения,~ n a2 * s t r a1 + j e0 n' i4 j / a4,настрое0ния
наступившей,~ n a2 * s t u1 p' + i0 + f sh / y4 j,наступи0вшей
наступил,~ n a2 * s t u1 p' + i0 + l,наступи0л
наступление,~ n a2 * s t u1 p + l' + e0 n' i4 - / i4,наступле0ние
насчет,~ n a1 * sc o0 d,насче0т
наталкивался,~ n a1 * t a0 l k' + i4 v a4 + l ^ s' a4,ната0лкивался
наташ,* n a0 t a4 sh,на0таш
наташеньке,* n a1 t a0 sh + i4 n' k' / i4,ната0шеньке
наташка,* n a1 t a0 sh + k / a4,ната0шка
наташки,* n a1 t a0 sh + k' / i4,ната0шки
наташкины,* n a1 t a0 sh + k' + i4 n / y4,ната0шкины
наташкиных,* n a1 - - sc + - + o0 - / - t,ната0шкиных
наташкой,* n a1 t a0 sh + k / a4 j,ната0шкой
наташку,* n a1 t a0 sh + k / u4,ната0шку
натворил,~ n a2 * t v a1 r' + i0 + l,натвори0л
натерпелся,~ n a2 * t' i1 r p' + e0 + l ^ s' a4,натерпе0лся
натерт,~ n a1 * t' o0 r + t,нате0рт
натертых,~ n a1 * t' o0 r + t / y4 h,нате0ртых
наткнувшись,~ n a1 * t k + n u0 + f sh + y4 ^ z',наткну0вшись
натуга,~ n a1 * t u0 g / a4,нату0га
натур,* n a1 t u0 r,нату0р
натуру,* n a1 t u0 r / u4,нату0ру
наук,~ n a1 * u0 k,нау0к
наутро,~ n a1 * u0 t r + a4,нау0тро
научилась,~ n a2 * u1 ch + i0 + l / a4 ^ s',научи0лась
научился,~ n a2 * u1 ch + i0 + l ^ s' a4,научи0лся
научит,~ n a1 * u0 ch / i4 t,нау0чит
научусь,~ n a2 * u1 ch / u0 ^ s',научу0сь
нахмурившись,~ n a1 * h m u0 r' + i4 + f sh y4 ^ s',нахму0рившись
нахмурится,~ n a1 * h m u0 r' / i4 ^ c a4,нахму0рится
находится,~ n a1 * h o0 d' + i4 ^ c a4,нахо0дится
находиться,~ n a2 * h a1 d' + i0 ^ c a4,находи0ться
находясь,~ n a2 * h a1 d' + a0 ^ s',находя0сь
начал,~ n a0 * ch + a4 + l,на0чал
начала,* n a1 ch + a0 + l / a4,нача0ла
начали,* n a0 ch + i4 + l' / i4,на0чали
началось,~ n a2 * ch + i1 + l / o0 ^ s',начало0сь
начался,~ n a1 * ch + a0 + l ^ s' a4,нача0лся
начальника,~ n a1 * ch a0 + l' n' i4 k a4,нача0льника
начальницы,~ n a1 * ch a0 + l' + n' i4 c / y4,нача0льницы
начального,~ n a1 * ch a0 + l' + n / a4 v a4,нача0льного
начать,~ n a1 * ch + a0 / d',нача0ть
начинает,* n a2 ch + i1 n + a0 / - i4 t,начина0ет
начинается,~ n a2 * ch i1 n + a0 / - i4 c ^ - a4,начина0ется
начинал,~ n a2 * ch i1 n + a0 + l,начина0л
начинала,~ n a2 * ch i1 n + a0 + l / a4,начина0ла
начинали,* n a2 ch + i1 n + a0 + l / i4,начина0ли
начиналось,~ n a2 * ch i1 n + a0 + l / a4 ^ s',начина0лось
начинать,~ - a2 * ch i1 n + a0 / t',начина0ть
начинаю,* a2 ch i1 + n a0 + j / u4 zh,начина0ю
начинают,~ n a2 * ch i1 n + a0 j / u4 d,начина0ют
начисто,~ n a0 * ch i4 s t + a4,на0чисто
начищал,~ n a2 * ch i1 sc + a0 + l,начища0л
начнет,~ n a1 * ch n' / o0 d,начне0т
начнут,* n a1 ch + n / u0 t,начну0т
наш,* n a0 sh,на0ш
наша,* n a0 sh / a4,на0ша
нашего,* n a0 sh / y4 v a4,на0шего
нашей,* - a0 sh / y4 j,на0шей
нашел,~ n a1 * sh o0 + -,наше0л
нашем,* n a0 sh / y4 m,на0шем
наши,* n a0 sh / y4,на0ши
нашим,* n a0 sh / y4 m,на0шим
нашими,* n a0 sh / y4 m' i4,на0шими
нашу,* n a0 sh / u4,на0шу
неблагодарность,~ n' i1 * b l a2 g a1 d a0 r + n + a4 s' t',неблагода0рность
неблагозвучное,~ n' i1 * b l a2 g = a1 * z v u0 ch + n / a4 j i4,неблагозву0чное
небо,* n e0 b / a4,не0бо
небольшую,~ n' i1 * b a1 l' sh / u0 j u4,небольшу0ю
неважно,~ n' i1 * v a0 zh n + a4,нева0жно
невезения,~ n' i1 * v' i1 z' + e0 n' i4 j / a4,невезе0ния
невероятные,~ n' i1 * v' i1 r a1 j a0 t n / y4 - i4,невероя0тные
невесел,~ n' i1 * v' e0 s' i4 l,неве0сел
невесело,~ n' i1 * v' e0 s' i4 l + a4,неве0село
невесомой,~ n' i1 * v' i1 s + o0 m / a4 j,невесо0мой
невестой,* n' i1 v' e0 s t / a4 j,неве0стой
невесты,* n' i1 v' e0 s t / y4,неве0сты
невзгоды,* n' i1 v z g o0 d / y4,невзго0ды
невидимо,~ n' i1 * v' i0 d' + i4 m + a4,неви0димо
невинного,~ n' i1 * v' i0 + n / a4 v a4,неви0нного
невнятицу,~ n' i1 * v n' a0 t' + i4 c / u4,невня0тицу
невозможно,~ n' i1 ~ v a1 z * m o0 zh + n + a4,невозмо0жно
невозможности,~ n' i1 ~ v a1 z * m o0 zh + n + a4 s' t' / i4,невозмо0жности
невозможным,~ n' i1 ~ v a1 z * m o0 zh + n / y4 m,невозмо0жным
невольных,~ n' i1 * v o0 l' + n / y4 h,нево0льных
невразумительным,~ i1 ~ v ~ r a2 z * u1 m' + i0 + t' i4 l' + n / y4 m,невразуми0тельным
невыдержанная,~ n' i1 ~ v y0 * d' i4 r zh + a4 + n / a4 j a4,невы0держанная
невыносимая,~ i1 n' ~ i1 v * y1 n a1 + s' i0 / m a4 j,невыносима0я
невыносимо,~ n' i1 ~ v y1 * n a1 s' + i0 m / a4,невыноси0мо
невыносимый,~ n' i1 ~ v y1 * n a1 s' + i0 m / y4 j,невыноси0мый
невысокий,~ n' i1 * v y1 s + o0 k' / i4 j,невысо0кий
невысокими,~ n' i1 * v y1 s + o0 k' / i4 m' i4,невысо0кими
невядомским,* n' i1 v' i1 d o0 m + s k' / i4 m,невядо0мским
невядомского,* n' i1 v' i1 d o0 m + s k / a2 v a4,невядо0мского
невядомском,* n' i1 v' i1 d o0 m + s k / a4 m,невядо0мском
невядомскому,* n' i1 v' i1 d o0 m + s k / a4 m u4,невядо0мскому
негнущимися,~ n' i1 * g + n + u0 sc / i4 m' i4 ^ s' a4,негну0щимися
него,* i1 / v o0 m',него0
негодяй,* n' i1 g a1 d' / a0 j,негодя0й
недавней,~ n' i1 * d a0 v n' / i4 j,неда0вней
недавно,~ i1 d * a0 v n a4 + d,неда0вно
недалекими,~ n' i1 * d a1 l' o0 k' / i4 m' i4,недале0кими
недалеко,~ n' i1 * d a1 l' o0 k + a4,недале0ко
недаром,~ n' i1 * d a0 r / a4 m,неда0ром
неделей,* n' i1 d' e0 l' / i4 j,неде0лей
недели,* n' i1 d' e0 l' / i4,неде0ли
неделю,* n' i1 d' e0 l' / u4,неде0лю
недоверием,~ n' i1 ~ d a1 * v' e0 r' + i4 j / i4 m,недове0рием
недоверию,~ n' i1 ~ d a1 * v' e0 r' + i4 j / u4,недове0рию
недовольна,~ n' i1 * d a1 v o0 l' + n / a4,недово0льна
недоразвитость,~ n' i1 d a1 ~ r a0 z * v' i4 + t + a4 s' -,недора0звитость
недорого,~ n' i1 * d o0 r a4 g / a4,недо0рого
недостатки,~ n' i1 * d a1 s t a0 + t + k' / i4,недоста0тки
недостатком,~ n' i1 * d a1 s t a0 + t + k / a4 m,недоста0тком
недостижимой,~ n' i1 ~ d a2 * s' t' i1 zh + y0 m / a4 j,недостижи0мой
недоумении,~ n' i1 d a2 * u1 m' + e0 n' i4 / i4,недоуме0нии
недочеловеческое,~ n' i1 d a2 * ch i1 l a1 v' e0 ch + i4 s k / a4 - i4,недочелове0ческое
недугах,* n' i1 d u0 g / a4 h,неду0гах
недурным,~ n' i1 * d u1 r + n / y0 m,недурны0м
нее,* n' / i1 j o0,нее0
неженатыми,~ n' i1 * zh y1 n + a0 + t / y4 m' i4,нежена0тыми
нежнейшим,* n' i1 zh + n' + e0 j sh / y4 m,нежне0йшим
нежно,* n' e0 zh + n + a4,не0жно
нежностями,* n' e0 zh + n + a4 s' t' / i4 m' i4,не0жностями
нежную,* n' e0 zh + n / u4 j u4,не0жную
независимость,~ n' i1 ~ z a1 * v' i0 s' + i4 m + a4 s' t',незави0симость
незаметно,~ n' i1 ~ z a1 * m' e0 t + n + a4,незаме0тно
незаметных,~ n' i1 ~ z a1 * m' e0 t + n / y4 h,незаме0тных
незамусоренной,~ n' i1 ~ z a1 * m u0 s a4 r' + i4 n / a4 j,незаму0соренной
незастегнутом,~ n' i1 ~ z a1 * s' t' o0 g + n u4 + t / a4 m,незасте0гнутом
нездоров,~ n' i1 * z d a1 r o0 f,нездоро0в
нездоровым,~ n' i1 * z d a1 r o0 v / y4 m,нездоро0вым
незнакомому,~ n' i1 * z n a1 + k + o0 m / a4 m u4,незнако0мому
незнакомый,~ n' i1 * z n a1 k o0 m / y4 j,незнако0мый
незначительным,~ n' i1 * z n a1 ch + i0 + t' i4 l' n / y4 m,незначи0тельным
неизбежной,~ n' i1 ~ i1 z * b' e0 zh + n / a4 j,неизбе0жной
неизбывном,~ n' i1 ~ i1 z * b y0 + v + n / a4 m,неизбы0вном
неизвестно,~ n' i1 ~ i1 z * v' e0 s + n + a4,неизве0стно
неинтересно,~ n' i1 * i1 n' t' i1 r' e0 s + n + a4,неинтере0сно
ней,* n' / e0 j,не0й
нейлоновую,* n y1 j l o0 n + a4 v / u4 j u4,нейло0новую
некогда,~ n' e0 * k a4 g d a4,не0когда
некоего,~ n' e0 * k a4 / j i4 v a4,не0коего
некоторая,~ n' e0 * k a4 t a4 r / a4 - i4,не0которая
некоторое,~ n' e0 * k a4 t a4 r / a4 j i4,не0которое
некоторой,~ n' e0 * k a4 t a4 r / a4 j,не0которой
некоторые,~ n' e0 * k a4 t a4 r / y4 - i4,не0которые
некоторым,~ n' e0 * k a4 t a4 r / y4 m,не0которым
некоторых,~ n' e0 * k a4 t a4 r / y4 h,не0которых
некрасивая,~ n' i1 * k r a1 s' + i0 v / a4 - i4,некраси0вая
некрасиво,~ n' i1 * k r a1 s' + i0 v + a4,некраси0во
некрасивом,~ n' i1 * k r a1 s' + i0 v / a4 m,некраси0вом
некрашеного,~ n' i1 * k r a0 sh + y4 n / a4 v a4,некра0шеного
нелепая,* n' i1 l' e0 p / - j a4,неле0пая
нелепой,* n' i1 l' e0 p / a4 j,неле0пой
нелепость,~ n' i1 * l' e0 p + a4 s' t',неле0пость
нелепым,~ n' i1 * l' e0 p / y4 m,неле0пым
неловко,~ n' i1 * l o0 f + k + a4,нело0вко
нем,* n' / e0 m,не0м
немалой,~ n' i1 * m a0 l / a4 j,нема0лой
немалом,~ n' i1 * m a0 l / a4 m,нема0лом
немедленно,~ n' i1 * m' e0 d l' + i4 n + a4,неме0дленно
немного,~ n' i1 * m n o0 g + a4,немно0го
немногое,~ n' i1 * m n o0 g / a4 j i4,немно0гое
немножко,~ n' i1 * m n o0 sh + k + a4,немно0жко
ненавижу,* n' i1 n a1 v' i0 zh / u4,ненави0жу
ненадолго,~ n' i1 ~ n a1 * d o0 l g + a4,ненадо0лго
ненастье,~ n' i1 * n a0 s' t' j / e4,нена0стье
ненужный,~ n' i1 * n u0 zh + n / y4 j,нену0жный
необходим,~ n' i1 ~ a2 p * h a1 d' + i0 m,необходи0м
необходимо,~ n' i1 ~ a2 p * h a1 d' + i0 m / a4,необходи0мо
необычайным,~ b u4 * t' n' i1 a2 + b y1 + ch / a0 j,необычайны0м
необычно,~ n' i1 * a1 b y0 ch + n + a4,необы0чно
необычное,~ n' i1 * a1 b y0 ch + n / a4 j i4,необы0чное
неожиданно,~ n' i1 ~ a1 * zh y0 d + a4 + n - + a4,неожи0данно
неожиданности,~ n' i1 ~ a1 * zh y0 d + a4 + n a4 s' t' / i4,неожи0данности
неожиданный,~ n' i1 ~ a1 * zh y0 d + a4 + n / y4 j,неожи0данный
неосмотрительно,~ n' i1 ~ a1 * s m a1 t r' + i0 + t' i4 l' n + a4,неосмотри0тельно
неостывшее,~ n' i1 ~ a1 * s t y0 + f sh / y4 - i4,неосты0вшее
неотделима,~ n' i1 ~ a2 * d' i1 l' + i0 m / a4,неотдели0ма
неотложки,~ n' i1 ~ a1 t * l o0 sh + k' / i4,неотло0жки
неотложку,~ n' i1 ~ a1 t * l o0 sh + k / u4,неотло0жку
неплохой,~ n' i1 * p l a1 h / o0 j,неплохо0й
неподалеку,~ n' i1 ~ p a2 * d a1 l' o0 k + u4,неподале0ку
неподвижное,~ n' i1 ~ p a1 * d v' i0 zh + n / a4 j i4,неподви0жное
неподвижность,~ n' i1 ~ p a1 * d v' i0 zh + n + a4 s' t',неподви0жность
неподвижные,~ n' i1 ~ p a1 * d v' i0 zh + n / y4 j i4,неподви0жные
неподдельна,~ n' i1 ~ p a1 * d d' e0 + l' / n,неподде0льна
непоколебленного,~ n' i1 ~ p a2 * k a1 l' e0 b l' + i4 n / a4 v a4,непоколе0бленного
непонятно,~ n' i1 * p a1 n' a0 + t + n + a4,непоня0тно
непонятное,~ n' i1 ~ p a1 * n' a0 t + n / a4 j i4,непоня0тное
непоправимого,~ n' i1 ~ p a2 * p r a1 v' + i0 m / a4 v a4,непоправи0мого
непостижимо,~ n' i1 ~ p a1 * s' t' i1 zh + y0 m / a4,непостижи0мо
непохоже,~ n' i1 ~ p a1 * h o0 zh + y4,непохо0же
непохожи,~ n' i1 ~ p a1 * h o0 zh / y4,непохо0жи
неправду,~ n' i1 * p r a0 v + d / u4,непра0вду
непременно,~ n' i1 ~ p r' i1 * m' e0 + n + a4,непреме0нно
неприязни,~ n' i1 * p r' i1 j a0 + z' n' / i4,неприя0зни
неприязнь,~ n' i1 * p r' i1 j a0 + z' n',неприя0знь
неприятен,~ n' i1 * p r' i1 j a0 t' + i4 n,неприя0тен
неприятии,~ n' i1 * p r' i1 j a0 + t' i4 / i4,неприя0тии
неприятно,~ n' i1 * p r' i1 j a0 + t + n + a4,неприя0тно
неприятное,~ n' i1 * p r' i1 j a0 t + n / a4 j a4,неприя0тное
неприятны,~ n' i1 * p r' i1 j a0 + t + n / y4,неприя0тны
неприятный,~ n' i1 * p r' i1 j a0 t + n / y4 j,неприя0тный
неравноправие,~ n' i1 * r a2 v n = a1 * p r a0 v' + i4 j / i4,неравнопра0вие
неразговором,~ n' i1 ~ r a2 z * g a1 v o0 r / a4 m,неразгово0ром
нервничает,* n' e0 r v n' + i4 ch + i4 / j i4 t,не0рвничает
нервно,* n' e0 r v + n + a4,не0рвно
нервы,* n' e0 r v / y4,не0рвы
нерешительно,~ n' i1 * r' i1 sh + y0 + t' i4 l' n + a4,нереши0тельно
неряшливо,* n' i1 r' a0 sh + l' i4 v + a4,неря0шливо
нескладно,~ n' i1 ~ s * k l a0 d + n + a4,нескла0дно
нескольких,~ n' e0 * s k a4 l' k' / i4 h,не0скольких
несколько,~ n' e0 * s k a4 l' k + a4,не0сколько
нескольку,~ n' e0 * s k a4 l' k / u4,не0скольку
несладко,~ n' i1 * s l a0 t + k + a4,несла0дко
несмятых,~ n' i1 ~ s * m' a0 + t / y4 h,несмя0тых
несправедлива,~ n' i1 ~ s * p r a2 v' + i1 d + l' i0 v / a4,несправедли0ва
несправедливо,~ n' i1 ~ s * p r a2 v' + i1 d + l' i0 v + a4,несправедли0во
несправедливость,~ n' i1 ~ s * p r a2 v' i1 d + l' i0 v + a4 s' t',несправедли0вость
несущественно,~ n' i1 * s u1 sc + e0 s t v' + i4 n + a4,несуще0ственно
несчастные,~ n' i1 * sc a0 s + n / y4 j e4,несча0стные
несчастным,~ n' i1 * sc a0 s + n / y4 m,несча0стным
несчастье,~ n' i1 * sc a0 s' t' + j / i4,несча0стье
несчастьях,~ n' i1 * sc a0 s' t' + i4 / j i4,несча0стьях
нет,* n' e0 c,не0т
неточность,~ n' i1 * t o0 ch n + a4 s' t',нето0чность
нету,* n' e0 t u4,не0ту
неуверенно,~ n' i1 ~ u1 * v' e0 r' + i4 n + a4,неуве0ренно
неудачливый,~ n' i1 ~ u1 * d a0 + ch + l' i4 v / y4 j,неуда0чливый
неудобнейшем,~ n' i1 ~ u1 * d o0 b + n' + i4 j sh / y4 m,неудо0бнейшем
неудобно,~ n' i1 ~ u1 * d o0 b + n + a4,неудо0бно
неужели,* n' i1 u1 zh e0 l' i4,неуже0ли
неужто,* n' i1 u0 sh t a4,неу0жто
неумением,~ n' i1 * u1 m' + e0 n' i4 j / i4 m,неуме0нием
неусыпному,~ n' i1 ~ u1 * s y0 p + n / a4 m u4,неусы0пному
неутомимость,~ n' i1 ~ u1 * t a1 m' + i0 m + a4 s' t',неутоми0мость
нечаевой,~ n' i1 * ch a0 + j i4 v / a4 j,неча0евой
нечаеву,~ n' i1 * ch a0 + j i4 v / u4,неча0еву
нечаянной,~ i1 ch * a0 - + i4 n + a4 j /,неча0янной
нечитаных,~ n' i1 * ch i0 t + a4 n / y4 h,нечи0таных
нечто,~ n' e0 * ch t / a4,не0что
нею,* n' / e0 j u4,не0ю
неясно,~ n' i1 * j a0 s n + a4,нея0сно
нибудь,+ n i1 b u0 t',нибу0дь
ниже,* n' i0 zh + y4,ни0же
нижнего,* n' i0 zh + n' / i4 v a4,ни0жнего
нижней,* n' i0 zh + n' / i4 j,ни0жней
нижнюю,* n' i0 zh + n' / u4 j u4,ни0жнюю
нижняя,* n' i0 zh + n' / i4 j a4,ни0жняя
низким,* n' i0 s + k' / i4 m,ни0зким
низко,* n' i0 s + k + a4,ни0зко
низкорослого,* n' i1 s k = a1 * r o0 s + l / a4 v a4,низкоро0слого
низом,* n' i0 z + a4 m,ни0зом
никак,~ n' i1 * k a0 k,ника0к
никаких,~ n' i1 * k a1 k' / i0 h,никаки0х
никакого,~ n' i1 * k a1 k / o0 v a4,никако0го
никакой,~ n' i1 * k a1 k / o0 j,никако0й
николаевич,* n' i1 k a1 l a0 + i4 ch v + y0 m,никола0евич
николаевичем,* n' i1 k a1 l a0 + j i4 v' + i4 ch / i4 m,никола0евичем
николай,* n' i1 k a1 l a0 j,никола0й
николая,* n' i1 k a1 l a0 / j a4,никола0я
ним,* n' / i0 m,ни0м
ними,* n' / i0 m' -,ни0ми
ниткин,* n' i0 t + k' + i4 n,ни0ткин
ниткой,* n' i0 t + k / a4 j,ни0ткой
них,* n' / i0 -,ни0х
ничего,~ n' i1 * ch / i1 v o0,ничего0
ничем,~ n' i1 * ch / e0 m,ниче0м
ничтожной,~ j n' * i1 ch t + o0 + zh / n a4,ничто0жной
ничуть,~ n' i1 * ch u0 t',ничу0ть
но,* o0 n,но0
новая,* n o0 v / a4 j a4,но0вая
нового,* n o0 v / a4 v a4,но0вого
новое,* n o0 v / a4 j i4,но0вое
новом,* n o0 v / a4 m,но0вом
новость,* n o0 v + a4 s' t',но0вость
новую,* n o0 v / u4 j u4,но0вую
новые,* n o0 v / y4 i4 m',но0вые
новый,* - o0 v / y4 j,но0вый
новым,* n o0 v / y4 m,но0вым
новых,* n o0 v / y4 h,но0вых
ног,* n o0 g,но0г
ногами,* n a1 g / a0 m' i4,нога0ми
ножках,* n o0 sh + k / a4 h,но0жках
ноль,* n o0 l',но0ль
номер,* n o0 m' i4 r,но0мер
нора,* n o0 r / a4,но0ра
нормальная,* n a1 r m + a0 l' + n / a4 j a4,норма0льная
нормальному,* n a1 r m + a0 l' n / a4 m u4,норма0льному
нормальные,* n a1 r m + a0 l' + n / y4 - i4,норма0льные
нормальный,* n a1 r m + a0 l' + n / y4 j,норма0льный
нормах,* n o0 r m / a4 h,но0рмах
норме,* n o0 r m' / i4,но0рме
норовивших,* n a2 r a1 v' + i0 + f sh / y4 h,норови0вших
норовит,* n a2 r a1 v' / i0 t,норови0т
норой,* n o0 r / a4 j,но0рой
нос,* n o0 s,но0с
носа,* n o0 s / a4,но0са
носивший,* n a1 s' + i0 + f sh / y4 -,носи0вший
носике,* n o0 s' + i4 k' / i4,но0сике
носил,* a1 s' i0 + l + v,носи0л
носился,* n a1 s' + i0 + l ^ s' a4,носи0лся
носить,* n a1 s' + i0 / t,носи0ть
носом,* n o0 s / a4 m,но0сом
ночами,* n a1 ch / a0 m' i4,ноча0ми
ночи,* n o0 ch / i4,но0чи
ночной,* n a1 ch + n / o0 j,ночно0й
ночным,* n a1 ch + n / y0 m,ночны0м
ночью,* n o0 ch / j u4,но0чью
нравилась,* n r a0 v' + i4 + l / a4 ^ s',нра0вилась
нравились,* n r a0 v' + i4 + l' / i4 ^ s',нра0вились
нравилось,* - r a0 v' + i4 + l / a4 ^ s',нра0вилось
нравился,* n r a0 v' + i4 + l ^ s' a4,нра0вился
нравится,* n r a0 v' + i4 ^ c a4,нра0вится
нравятся,* - r a0 v' / i4 ^ c a4,нра0вятся
ну-c,* n u0 s,ну0-c
нудности,* n u0 d + n + a4 s' t' / i4,ну0дности
нудный,* n u0 d + n / y4 j,ну0дный
нуждался,* n u1 zh d + a0 + l ^ s' a4,нужда0лся
нужен,* n u0 zh + y4 n,ну0жен
нужно,* n u0 zh + n / a4,ну0жно
нужные,* n u0 zh + n / y4 j i4,ну0жные
нужным,* n u0 zh + n / y4 m,ну0жным
нынешними,* n y0 n' i4 + sh n' / i4 m' i4,ны0нешними
нынче,* n y0 n' + ch i4,ны0нче
нэпа,* n a0 n / e0,нэ0па
нэпмана,* n e0 p * m a4 n / a4,нэ0пмана
нюхала,* n' u0 h + a4 + l / a4,ню0хала
няньку,* n' a0 n' + k / u4,ня0ньку
оба,* o0 b / a4,о0ба
обвинили,~ a1 b * v' i1 n' + i0 + l' / i4,обвини0ли
обвинить,~ a1 b * v' i1 n' + i0 / t',обвини0ть
обвиняешь,~ a1 b * v' i1 n' + a0 / - i4 zh,обвиня0ешь
обдумывала,~ a1 b * d u0 m + y4 v a4 + l / a4,обду0мывала
обе,* o0 b' / i4,о0бе
обед,~ a1 b' * e0 t,обе0д
обеда,~ a1 b' * e0 d / a4,обе0да
обедал,* a1 b' e0 d + a4 + l,обе0дал
обедать,* a1 b' e0 d + a4 / t',обе0дать
обеденного,~ a1 b' * e0 d' + i4 n - / a4 v a4,обе0денного
обеденный,~ a1 b' * e0 d' + i4 n / y4 j,обе0денный
обеднял,~ a2 * b' i1 d + n' + e0 + l,обедня0л
обеды,~ a1 b' * e0 d / y4,обе0ды
обеим,* a1 b' / e0 i4 m,обе0им
оберегая,~ a1 * b' i1 r' i1 g + a0 + j a4,оберега0я
обернулся,* a1 b' i1 r + n u0 + l ^ s' a4,оберну0лся
обертку,~ a1 * b' o0 r t + k / u4,обе0ртку
обескураженный,~ a1 ~ b' i1 s * k u1 r a0 zh + y4 n / y4 j,обескура0женный
обеспечить,~ a1 ~ b' i1 s * p' e0 ch + i4 / t',обеспе0чить
обещал,* a1 b' i1 sc + a0 + l,обеща0л
обещала,* a1 b' i1 sc + a0 + l / a4,обеща0ла
обещать,* a1 b' i1 sc + a0 / t',обеща0ть
обидах,* a1 b' i0 d / a4 h,оби0дах
обиделась,* a1 b' i0 d' + i4 + l / a4 ^ s',оби0делась
обиделся,* a1 b' i0 d' + i4 + l ^ s' a4,оби0делся
обидеться,* a1 b' i0 d' + i4 ^ c a4,оби0деться
обидишься,* a1 b' i0 d' / i4 sh ^ s' a4,оби0дишься
обидно,* a1 b' i0 d + n + a4,оби0дно
обиду,* a1 b' i0 d / u4,оби0ду
обиды,* a1 b' i0 d / y4,оби0ды
обижайтесь,* a1 b' i1 zh + a0 j / t' i4 ^ z',обижа0йтесь
обитым,~ a1 * b' i0 + t / y4 m,оби0тым
обклеит,~ a1 p * k l' e0 / i4 t,обкле0ит
обладала,~ a1 b * l a1 d + a0 + l / a4,облада0ла
область,* o0 b l a4 s' t',о0бласть
облачная,* o0 b l a4 ch + n / a4 j a4,о0блачная
облегчение,~ a1 b * l' i1 h + ch + e0 n' - j / i4,облегче0ние
облегчить,~ a1 b * l' e0 h + ch + i4 / t',обле0гчить
обмануть,~ a1 b * m a1 n + u0 / t',обману0ть
обмен,~ a1 b * m' e0 n,обме0н
обмена,~ a1 b * m' e0 n / a4,обме0на
обмене,~ a1 b * m' e0 n' / e4,обме0не
обменивались,~ a1 b * m' e0 n' + i4 v a4 + l' / i4 ^ s',обме0нивались
обмениваются,~ a1 b * m' e0 n' + i4 v a4 / j u4 ^ c a4,обме0ниваются
обменом,~ a1 b * m' e0 n / a4 m,обме0ном
обменяемся,~ a1 b * m' i1 n' + a0 / j i4 m ^ s' a4,обменя0емся
обменять,~ a1 b * m' i1 n' + a0 / t',обменя0ть
обменяться,~ a1 b * m' i1 n' + a0 ^ c a4,обменя0ться
обменяются,~ a1 b * m' i1 n' + a0 / j u4 c ^ - a4,обменя0ются
обмякшие,~ a1 b * m' a0 k + sh / y4 - i4,обмя0кшие
обнимала,~ a1 b * n' i1 m + a0 + l / a4,обнима0ла
обнимая,~ a1 b * n' i1 m + a0 / j a4,обнима0я
обнял,~ o0 b * n' a4 + l,о0бнял
обнять,~ a1 b * n' a0 / t',обня0ть
обогнув,~ a1 b a1 * g + n u0 + f,обогну0в
ободках,~ a1 * b a1 t + k / a0 h,ободка0х
ободрить,~ a1 * b a1 d r' + i0 / t',ободри0ть
обожают,* a1 b a1 zh + a0 / j u4 t,обожа0ют
обозначены,~ a1 b ~ a1 * z n a0 + ch + i4 n / y4,обозна0чены
обои,~ a1 * b o0 / i4,обо0и
обоими,* a1 b / o0 i4 m' i4,обо0ими
обойдется,~ a1 b a1 * j d' / o0 c ^ - a4,обойде0тся
оборачивались,~ a1 b ~ a1 * r a0 ch + i4 v a4 + l' / i4 ^ s',обора0чивались
обостряет,~ a1 b * a1 s t r' + a0 / j i4 t,обостря0ет
обострялось,~ a1 b * a1 s t r' + a0 + l / a4 ^ s',обостря0лось
обоям,~ a1 * b o0 - / i4 m,обо0ям
обоями,~ a1 * b o0 j / i4 m' i4,обо0ями
обоях,~ a1 * b o0 / j i4 h,обо0ях
обрадовалась,~ a1 b * r a0 d + a4 v a4 + l / a4 ^ s',обра0довалась
обрадовался,~ a1 b * r a0 d + a4 v a4 + l ^ s' a4,обра0довался
обрадованно,~ a1 b * r a0 d + a4 v a4 + n + a4,обра0дованно
образом,* o0 b r a4 z / a4 m,о0бразом
образуется,* a1 b r a1 z + u0 / j i4 ^ c a4,образу0ется
обратилась,~ a1 b * r a1 t' + i0 + l / a4 ^ s',обрати0лась
обратился,~ a1 b * r a1 t' + i0 + l ^ s' a4,обрати0лся
обратно,~ a1 b * r a0 t + n + a4,обра0тно
обращается,~ a1 b * r a1 sc + a0 / j i4 ^ c a4,обраща0ется
обращал,~ a1 b * r a1 sc + a0 + l,обраща0л
обращалась,~ a1 b * r a1 sc + a0 + l / a4 ^ s',обраща0лась
обращали,~ a1 b * r a1 sc + a0 + l' / i4,обраща0ли
обращался,~ a1 b * r a1 sc + a0 + l ^ s' a4,обраща0лся
обращаться,~ a1 b * r a1 sc + a0 ^ c a4,обраща0ться
обращаются,~ a1 b * r a1 sc + a0 / j u4 ^ c a4,обраща0ются
обращаясь,~ a1 b * r a1 sc + a0 + j i4 ^ s',обраща0ясь
обругать,~ a1 b * r u1 g + a0 / t',обруга0ть
обрывавшими,~ a1 b * r y1 v + a0 + f sh / y4 m' i4,обрыва0вшими
обсели,~ a1 p * s' e0 + l' / i4,обсе0ли
обслуживание,~ a1 p * s l u0 zh + y4 v a4 + n' i4 - / i4,обслу0живание
обстоятельствам,~ a1 p * s t a1 + j a0 + t' i4 l' + s t v / a4 m,обстоя0тельствам
обстоятельствах,~ a1 p * s t a1 + j a0 + t' i4 l' s t v / a4 h,обстоя0тельствах
обсудим,~ a1 p * s u0 d' / i4 m,обсу0дим
обсуждать,~ a1 p * s u1 zh d + a0 / t',обсужда0ть
обчелся,~ a1 p * ch o0 + l ^ s' a4,обче0лся
общего,* o0 p sc / i4 v a4,о0бщего
общем,* o0 p sc / i4 m,о0бщем
объединению,~ a1 b * j i1 d' i1 n' + e0 n' i4 j / u4,объедине0нию
объединенное,~ a1 b * j i1 d' i1 n' + o0 n / a4 j i4,объедине0нное
объезд,~ a1 b * j e0 s t,объе0зд
объективность,* a1 b j i1 k t' + i0 v + n + a4 s' t',объекти0вность
объявился,~ a1 b * j i1 v' + i0 + l ^ s' a4,объяви0лся
объявление,~ a1 b * j i1 v l' + e0 n' i4 j / i4,объявле0ние
объявления,~ a1 b * j i1 v + l' + e0 n' i4 j / a4,объявле0ния
объявлениями,~ a1 b * j i1 v + l' + e0 n' i4 j / i4 m' i4,объявле0ниями
объявлениях,~ a1 b * j i1 v l' + e0 n' i4 j / i4 h,объявле0ниях
объявляет,~ a1 b * j i1 v + l' + a0 / j i4 t,объявля0ет
объяснил,~ a1 b * j i1 s' n' + i0 + l,объясни0л
объяснила,~ a1 b * j i1 s' n' + i0 + l / a4,объясни0ла
объяснить,~ a1 b * j i1 s' n' + i0 / t',объясни0ть
объясню,~ u0 a1 * b j i1 s' / n',о0бъясню
объясняет,~ a1 b * j i1 s' n' + a0 / j i4 t,объясня0ет
объяснял,~ a1 b * j i1 s' n' + a0 + l,объясня0л
объяснят,~ a1 b * j i1 s' n' / a0 t,объясня0т
объяснять,~ a1 b * j i1 s' n' + a0 / t',объясня0ть
объясняться,~ a1 b * j i1 s' n' + a0 ^ c a4,объясня0ться
обыграла,~ a1 b * y1 g r + a0 + l / a4,обыгра0ла
обыкновенно,* a1 b y1 k + n + a1 v' e0 + n + a4,обыкнове0нно
обыкновенный,* a1 b y1 k + n + a1 v' + e0 n / y4 j,обыкнове0нный
обычная,* a1 b y0 ch + n / a4 j a4,обы0чная
обычно,* a1 b y0 ch + n + a4,обы0чно
обычной,* a1 b y0 ch + n / a4 j,обы0чной
обычные,* a1 b y0 ch + n / y4 j i4,обы0чные
обычный,* a1 b y0 ch + n / y4 j,обы0чный
обязали,* a1 b' i1 z + a0 + l' / i4,обяза0ли
обязан,* a1 b' a0 z + a4 n,обя0зан
обязательно,* a1 b' i1 z + a0 + t' i4 l' n + a4,обяза0тельно
оглушенный,~ a1 * g l u1 sh + o0 n / y4 j,оглуше0нный
огляделся,~ a1 * g l' i1 d' + e0 + l ^ s' a4,огляде0лся
оглядывала,~ a1 * g l' a0 d + y4 v a4 + l / a4,огля0дывала
огород,~ a1 * g a1 r o0 t,огоро0д
огорода,~ a1 * g a1 r o0 d / a4,огоро0да
огороды,~ a1 * g a1 r o0 d / y4,огоро0ды
огорчать,~ - * g a1 r ch + a0 / t',ого0рчать
огорчением,~ a1 * g a1 r ch + e0 n' i4 j / i4 m,огорче0нием
огорчило,~ a1 * g a1 r ch + i0 + l / a4,огорчи0ло
огорчить,~ a1 * g a1 r ch + i0 / t',огорчи0ть
огпу,* o0 g e0 p e0 u0,о0гпу
ограничен,~ a1 * g r a1 n' i0 ch + i4 n,ограни0чен
огромная,~ a1 * g r o0 m + n / a4 j a4,огро0мная
огромного,~ a1 * g r o0 m + n / a4 v a4,огро0много
огромное,~ a1 * g r o0 m + n / a4 - i4,огро0мное
огромном,~ a1 * g r o0 m + n / a4 m,огро0мном
огромные,~ a1 * g r o0 m + n / y4 j i4,огро0мные
огромный,~ a1 * g r o0 m + n / y4 j,огро0мный
огромным,~ a1 * g r o0 m + n / y4 m,огро0мным
огромных,~ a1 * g r o0 m + n / y4 h,огро0мных
огурцах,* a1 g u1 r c / a0 h,огурца0х
одалживает,~ a1 * d a0 l zh + y4 v a4 / j i4 d,ода0лживает
одевался,~ a1 * d' i1 + v a0 + l ^ s' a4,одева0лся
одежды,~ a1 * d' e0 + zh d / y4,оде0жды
одессы,* a1 d' e0 s / s,оде0ссы
одетая,~ a1 * d' e0 + t / a4 j a4,оде0тая
одеяла,~ a1 * d' i1 + j a0 l / a4,одея0ла
одеялом,~ a1 * d' i1 + j a0 l / a4 m,одея0лом
один,* a1 d' i0 n,оди0н
одинаковая,* a1 d' i1 n a0 k a4 v / a4 j a4,одина0ковая
одинакового,* a1 d' i1 n a0 k a4 v / a4 v a4,одина0кового
одиннадцати,* a1 a4 i0 n ~ s o0 * - y4 t' / k,одинна0дцати
одиннадцатого,* a1 d' i0 ~ n a4 * c - a4 t / a4 v a4,оди0ннадцатого
одиннадцатый,* a1 d' i0 ~ n a4 * c a4 t / y4 j,оди0ннадцатый
одинок,* a1 d' i1 n + o0 k,одино0к
одинокие,* a1 d' i1 n + o0 k' / i4 j i4,одино0кие
одиноким,* a1 d' i1 n + o0 k' / i4 m,одино0ким
одиноко,* a1 d' i1 n + o0 k + a4,одино0ко
одиночества,* a1 d' i1 n + o0 ch + i4 s t v / a4,одино0чества
одиночки,* a1 d' i1 n + o0 ch + k' / i4,одино0чки
одиночку,* a1 d' i1 n + o0 ch + k / u4,одино0чку
однажды,* a1 d n + a0 + zh d y4,одна0жды
однако,* a1 d n a0 k a4,одна0ко
одним,* a1 d n' / i0 m,одни0м
одних,* a1 d n' / i0 h,одни0х
одновременно,* a1 d n = a1 * v r' e0 m' + i4 n + a4,одновре0менно
одной,* a1 d n / o0 -,одно0й
одном,* a1 d n / o0 m,одно0м
однообразного,* a1 d n = a2 * a1 b r a0 z + n / a4 v a4,однообра0зного
односторонняя,* a1 d n = a2 * s t a1 r o0 + n' / a4 j a4,односторо0нняя
одноэтажных,* a1 d n = a2 * i1 t a0 zh + n / y4 h,одноэта0жных
одолжил,~ a1 * d a1 l zh + y0 + l,одолжи0л
одолжить,~ a1 * d a1 l zh + y0 / t',одолжи0ть
одурманенный,~ a1 * d u1 r m a0 n' + i4 n / y4 j,одурма0ненный
одышкой,~ a1 * d y0 sh + k / a4 j,оды0шкой
ожидал,~ a1 * zh y1 d + a0 + l,ожида0л
ожидание,~ a1 * zh y1 d + a0 + n' i4 j / i4,ожида0ние
ожили,~ o0 * zh y4 + l' / i4,о0жили
озабочена,~ a1 * z a1 b o0 ch + i4 n / a4,озабо0чена
озера,* o0 z' i4 r / a4,о0зера
озеро,* o0 z' i4 r / a4,о0зеро
озлобления,~ a1 * z l a1 b l' + e0 n' i4 j / a4,озлобле0ния
означал,~ a1 * z n a1 ch + a0 + l,означа0л
означало,~ a1 * z n a1 ch + a0 + l / a4,означа0ло
ой,* o0 j,о0й
окажутся,~ a1 * k a0 zh / u4 ^ c a4,ока0жутся
оказавшееся,~ a1 * k a1 z + a0 + f sh / i4 j i4 ^ s' a4,оказа0вшееся
оказалась,~ a1 * k a1 z + a0 + l / a4 ^ s',оказа0лась
оказалось,~ - * k a1 z + a0 + l / a4 ^ s',ока0залось
оказался,~ a1 * k a1 z + a0 + l ^ s' a4,оказа0лся
оказывается,~ a1 * k a0 z + y4 v a4 / j i4 ^ c a4,ока0зывается
оказывались,~ a1 * k a0 z + y4 v a4 + l' / i4 ^ s',ока0зывались
окна,* o0 k + n / a4,о0кна
окнами,* o0 k + n / a4 m' i4,о0кнами
окном,* a1 k + n / o0 m,окно0м
около,* o0 k a4 l a4,о0коло
оконном,* a1 k o0 n + - / a4 m,око0нном
окончательная,~ a1 * k a1 n' ch + a0 + t' i4 l' n / a4 - a4,оконча0тельная
окончательно,~ a1 * k a1 n ch + a0 + t' i4 l' n + a4,оконча0тельно
окончившего,~ a1 * k o0 n' ch + i4 + f sh / y4 v a4,око0нчившего
окончивших,~ a1 * k o0 n' ch + i4 + f sh / y4 h,око0нчивших
окончил,~ a1 * k o0 n' ch + i4 + l,око0нчил
окончился,~ a1 * k o0 n' ch + i4 + l ^ s' a4,око0нчился
окостеневшей,~ a1 * k a2 s t' + i1 n' + e0 + f sh / a4 j,окостене0вшей
окраинами,~ a1 * k r a0 + i4 n / a4 m' i4,окра0инами
окружают,~ a1 * k r u1 zh + a0 / j u4 t,окружа0ют
окутанный,~ a1 * k u0 t + a4 + n / y4 j,оку0танный
олукьянилось,~ a1 * l u1 k' j a0 n' + i4 + l / a4 ^ s',олукья0нилось
олукьянился,~ a1 * l u1 k' j a0 n' + i4 + l ^ s' a4,олукья0нился
он,* o0 -,о0н
он-то,* o0 n + t a4,о0н-то
онегина,~ a1 * n' e0 g' + i4 n / a4,оне0гина
опасно,* a1 p a0 s + n + a4,опа0сно
опасность,~ a1 * p a0 s + n + a4 s' t',опа0сность
опель,* o0 p' i4 l',о0пель
опеля,* a4 v a4 o0 / p',опеля0
опер,* o0 p' i4 r,о0пер
операцию,* a1 p' i1 r a0 c + y4 j / u4,опера0цию
опершись,~ a1 * p' i1 r + sh + y0 ^ s',оперши0сь
оперы,* o0 p' i4 r / y4,о0перы
оповещали,~ a1 ~ p a2 * v' i1 sc + a0 + l' / i4,оповеща0ли
опоздаем,~ a1 * p a1 z d + a0 / j i4 m,опозда0ем
опоздает,~ a1 * p a1 z d + a0 / j i4 t,опозда0ет
оправдание,~ a1 * p r a1 v d + a0 + n' i4 - / i4,оправда0ние
определенное,* a1 p r' i1 d' i1 l' + o0 n / a4 j i4,определе0нное
определить,~ a1 ~ p r' i1 * d' i1 l' + i0 / c,определи0ть
опрокинул,~ a1 ~ p r a1 * k' i0 + n u4 + l,опроки0нул
опрометью,* o0 p r a4 m' i4 t' / j u4,о0прометью
оптимизма,* a1 p t' i1 m' + i0 z m / a4,оптими0зма
оптимизмом,* a1 p t' i1 m' + i0 z m / a4 m,оптими0змом
опустив,~ a1 * p u1 s' t' + i0 + v,опусти0в
опытнейший,* o0 p y4 t + n' + i4 j sh / y4 j,о0пытнейший
опытом,* o0 p y4 t / a4 m,о0пытом
опять,* - p' a0 t',о0пять
оравы,* a1 r a0 v / y4,ора0вы
орал,* a1 r + a0 + l,ора0л
орать,* a1 r + a0 / t',ора0ть
организовать,* a1 r g a2 n' + i1 z + a1 v a0 / t',организова0ть
ордер,* o0 r d' i4 r,о0рдер
оружие,* a1 r u0 zh y4 / - i4,ору0жие
оружия,* a1 r u0 zh y4 / j a4,ору0жия
освободил,~ a1 * s v a2 b a1 d' + i0 + l,освободи0л
осенило,~ a1 * s' i1 n' + i0 + l / a4,осени0ло
осенний,* a1 s' e0 n' + - / i4 -,осе0нний
осенняя,* a1 s' e0 + n' / i4 j a4,осе0нняя
осенью,* o0 s' i4 n' / j u4,о0сенью
осеняет,~ a1 * s' i1 n' + a0 / - i4 t,осеня0ет
оскорблений,~ a1 * s k a1 r b + l' + e0 n' i4 j,оскорбле0ний
оскорблениями,~ a1 * s k a1 r b + l' + e0 n' i4 j / i4 m' i4,оскорбле0ниями
ослаблением,~ a1 * s l a1 b l' + e0 n' i4 j / i4 m,ослабле0нием
ослабнет,~ a1 * s l a0 b + n' / i4 t,осла0бнет
оснований,* a1 s n a1 v / a0 n' i4 j,основа0ний
особенно,~ a1 * s o0 b' + i4 n / a4,осо0бенно
особенного,~ a1 * s o0 b' + i4 n / a4 v a4,осо0бенного
особенное,~ a1 * s o0 b' + i4 n / a4 j i4,осо0бенное
особенному,* a1 s o0 b + i4 n / a4 m u4,осо0бенному
особому,* a1 s o0 b / a4 m u4,осо0бому
особую,~ a1 * s o0 b / u4 j u4,осо0бую
особый,* a1 s o0 b / y4 j,осо0бый
осознавать,~ a2 ~ s a2 * z n a1 + v a0 / t',осознава0ть
осознал,~ a1 ~ s a1 * z n a0 + l,осозна0л
оставались,~ a1 * s t a1 v + a0 + l' / i4 ^ s',остава0лись
оставался,~ a1 * s t a1 v + a0 + l ^ s' a4,остава0лся
оставил,~ a1 * s t a0 v' + i4 + l,оста0вил
оставить,~ a1 * s t a0 + v' + i4 / t',оста0вить
оставишь,~ a1 * s t + a0 v' / i4 sh,оста0вишь
оставляем,~ a1 * s t a1 v + l' + a0 / j i4 m,оставля0ем
оставляет,~ a1 * s t a1 v + l' + a0 / - i4 d,оставля0ет
оставляешь,~ a1 * s t + a1 v + l' + a0 / - i4 sh,оставля0ешь
остается,~ a1 * s t a1 / j o0 ^ c a4,остае0тся
осталась,~ a1 * s t + a0 + l / a4 ^ s',оста0лась
остались,~ a1 * s t + a0 + l' / i4 ^ z',оста0лись
осталось,~ a1 * s t + a0 + l / a4 ^ s',оста0лось
остался,~ a1 * s t a0 + l ^ s' a4,оста0лся
остальное,~ a1 * s t + a1 + l' + n / o0 j i4,остально0е
остальном,~ a1 * s t a1 + l' + n / o0 m,остально0м
останавливалась,~ a1 * s t a1 + n + a0 v + l' i4 v a4 + l / a4 ^ s',остана0вливалась
останешься,~ a1 * s t a0 + n' / i4 sh ^ s' a4,оста0нешься
остановил,~ a1 * s t a2 + n + a1 v' + i0 + l,останови0л
остановилось,~ a1 * s t a2 + n + a1 v' + i0 + l / a4 ^ s',останови0лось
остановился,~ a1 * s t a2 + n + a1 v' + i0 + l ^ s' a4,останови0лся
остановится,~ a1 * s t a1 + n + o0 v' / i4 c ^ - a4,остано0вится
остановка,~ a1 * s t a1 + n + o0 f + k / a4,остано0вка
остановке,~ a1 * s t a1 + n + o0 f + k' / e4,остано0вке
остановки,~ a1 * s t a1 + n + o0 f + k' / i4,остано0вки
остановку,~ a1 * s t a1 + n + o0 f + k / u4,остано0вку
остановлюсь,~ a1 * s t a2 + n + a1 v + l' / u0 ^ s',остановлю0сь
останусь,~ a1 * s t a0 + n u4 ^ s',оста0нусь
остаться,~ a1 * s t a0 ^ c a4,оста0ться
осторожно,~ a1 * s t a1 r o0 zh + n + a4,осторо0жно
осторожностью,~ a1 * s t a1 r o0 zh + n + a4 s' t' / j u4,осторо0жностью
острейшим,* a1 s t r' + e0 j sh / y4 m,остре0йшим
остро,* o0 s t r / a4,о0стро
острые,* o0 s t r / y4 j i4,о0стрые
остывающий,~ a1 * s t y1 + v a0 j + u4 sc / i4 j,остыва0ющий
осушил,~ a1 * s u1 sh + y0 + l,осуши0л
отбивалась,~ a1 d * b' i1 + v a0 + l / a4 ^ s',отбива0лась
отбирать,~ a1 d * b' i1 r + a0 / t',отбира0ть
отблагодарить,~ a1 d * b l a2 g = a2 * d a1 r' + i0 / t',отблагодари0ть
отвезли,~ v' i1 * z l' i0 + v / b,отве0зли
отвернувшись,~ a1 t * v' i1 r + n u0 + f sh / y4 ^ s',отверну0вшись
ответ,* a1 t v' e0 t,отве0т
ответа,* a1 t v' e0 t / a4,отве0та
ответил,~ a1 t * v' e0 t' + i4 + l,отве0тил
ответила,~ a1 t * v' e0 t' + i4 + l / a4,отве0тила
ответит,~ a1 t * v' e0 t' / i4 d,отве0тит
ответить,~ a1 t * v' e0 t' + i4 / t',отве0тить
ответствовала,~ a1 t * v' e0 + c t v + a4 v a4 + l / a4,отве0тствовала
ответу,* a1 t v' e0 t / u4,отве0ту
отвечает,* a1 t v' i1 ch + a0 / j i4 t,отвеча0ет
отвечал,~ a1 t * v' i1 ch + a0 + l,отвеча0л
отвечала,~ a1 t * v' i1 ch + a0 + l / a4,отвеча0ла
отвечать,~ a1 t * v' i1 ch + a0 / c,отвеча0ть
отвечают,~ a1 t * v' i1 ch + a0 / j u4 -,отвеча0ют
отвлекать,~ a1 t * v l' i1 k + a0 / t',отвлека0ть
отвлеклись,~ a1 t * v l' i1 k + l' / i0 ^ s',отвлекли0сь
отворил,~ a1 * t v a1 r' + i0 + l,отвори0л
отвратительна,~ a1 t * v r a1 t' + i0 + t' i4 l' + n / a4,отврати0тельна
отвратительнее,* a1 t v r a1 t' + i0 + t' i4 l' n' + i4 j i4,отврати0тельнее
отвратительной,~ a1 t * v r a1 t' + i0 + t' i4 l' + n / a4 j,отврати0тельной
отговаривать,~ a1 d * g a1 v a0 r' + i4 v a4 / d',отгова0ривать
отгул,~ a1 d * g u0 l,отгу0л
отдаленных,~ a1 * d a1 l' + o0 n / y4 h,отдале0нных
отдел,~ a1 d' * - e0 l,отде0л
отделе,~ - d' * d' e0 l' / i4,о0тделе
отделов,~ a1 * d' e0 l / a4 f,отде0лов
отдельная,~ a1 * d' e0 l' + n / a4 j a4,отде0льная
отдельно,~ a1 * d' e0 l' + n + a4,отде0льно
отдельном,~ a1 * d' e0 l' + n / a4 m,отде0льном
отдельности,~ a1 * d' d' e0 + l' + n a4 s' / t',отде0льности
отдельную,~ a1 d' * - e0 l' + n / u4 - u4,отде0льную
отдельные,~ a1 * d' e0 l' + n / y4 j i4,отде0льные
отделял,~ a1 * d' i1 l' + a0 + l,отделя0л
отдохнуть,~ a1 * d a1 h + n u0 / t',отдохну0ть
отдых,~ o0 * d y4 h,о0тдых
отдыха,~ o0 * d y4 h a4,о0тдыха
отдыхе,~ o0 * d y4 h' i4,о0тдыхе
отдышался,~ a1 * d y1 sh + a0 + l ^ s' a4,отдыша0лся
отец,* a1 t' e0 c,оте0ц
откажемся,~ a1 t * k a0 zh / y4 m ^ s' a4,отка0жемся
откажет,~ a1 t * k a0 zh / y4 t,отка0жет
отказ,~ a1 t * k a0 s,отка0з
отказался,~ a1 t * k a1 z + a0 + l ^ s' a4,отказа0лся
отказом,~ a1 t * k a0 z / a4 m,отка0зом
отказывалась,~ a1 t * k a0 z + y4 v a4 + l / a4 ^ s',отка0зывалась
отказывать,~ a1 t * k a0 z + y4 v\a4 t',отка0зывать
отказываются,~ a1 t * k a0 z + y4 v a4 / j u4 ^ c a4,отка0зываются
откачки,~ a1 t * k a0 ch + k' / i4,отка0чки
откинув,~ a1 t * k' i0 + n u4 + f,отки0нув
откликаются,~ a1 t * k l' i1 k + a0 / j u4 ^ c a4,отклика0ются
откликнулся,~ a1 t * k l' i0 k + n u4 + l ^ s' a4,откли0кнулся
откос,~ a1 t * k o0 s,отко0с
открыв,~ a1 t * k r y0 + f,откры0в
открывалась,~ a1 t * k r y1 v + a0 + l / a4 ^ s',открыва0лась
открывались,~ a1 t * k r y1 + v a0 + l' / i4 ^ s',открыва0лись
открывать,~ a1 t * k r y1 + v a0 / d',открыва0ть
открывшуюся,~ a1 t * k r y0 + f sh / u4 j u4 ^ s' a4,откры0вшуюся
открыл,~ a1 t * k r y0 + l,откры0л
открыла,~ a1 t * k r y0 + l\a4,откры0ла
открыта,~ a1 t * k r y0 + t / a4,откры0та
открытия,~ a1 t * k r y0 + t' + i4 j + a4,откры0тия
открыто,~ a1 t * k r y0 + t / a4,откры0то
открытой,~ a1 t * k r y0 + t / a4 j,откры0той
открыть,~ a1 t * k r y0 / d',откры0ть
откуда,~ a1 t * k u0 d a4,отку0да
откуда-нибудь,~ a1 t * k u0 d a4 + n' i4 b u4 t',отку0да-нибудь
откуда-то,~ a1 t * k u0 d a4 + t a4,отку0да-то
отлив,~ a1 t * l' i0 + v,отли0в
отличала,~ a1 t * l' i1 ch + a0 + l / a4,отлича0ла
отличить,~ a1 t * l' i1 ch + i0 / t',отличи0ть
отличная,~ a1 t * l' i0 ch + n / a4 j a4,отли0чная
отличницы,~ a1 t * l' i0 ch + n' + i4 c / y4,отли0чницы
отлично,~ a1 t * l' i0 ch + n + a4,отли0чно
отличной,~ a1 t * l' i0 ch + n / a4 j,отли0чной
отличные,~ a1 t * l' i0 ch + n / y4 j i4,отли0чные
отличный,~ a1 t * l' i0 ch + n / y4 j,отли0чный
отложены,~ a1 t * l o0 zh + y4 n / y4,отло0жены
отложил,~ a1 t * l a1 zh + y0 + l,отложи0л
отметки,~ a1 t * m' e0 t + k' / i4,отме0тки
отмечал,~ a1 t * m' i1 ch + a0 + l,отмеча0л
отнекиваться,~ a1 t * n' e0 + k' + i4 v a4 ^ c a4,отне0киваться
отнимая,~ a1 t * n' i1 m + a0 + j a4,отнима0я
относилась,~ a1 t * n a1 s' + i0 + l / a4 ^ s',относи0лась
относились,~ a1 t * n a1 s' + i0 + l' + i4 ^ s',относи0лись
относится,~ a1 t * n o0 s' / i4 ^ c a4,отно0сится
относиться,~ a1 t * n a1 s' + i0 ^ c a4,относи0ться
отношении,~ a1 t * n a1 sh + e0 n' i4 / i4,отноше0нии
отношений,~ a1 t * n a1 sh + e0 n' i4 j,отноше0ний
отношения,~ a1 t * n a1 sh + e0 n' - j / a4,отноше0ния
отношениях,~ a1 t * n a1 sh + e0 n' i4 - / i4 h,отноше0ниях
отношусь,~ a1 t * n a1 sh / u0 ^ s',отношу0сь
отодвинул,~ a1 t a1 * d v' i0 + n u4 + l,отодви0нул
отодвинулась,~ a1 t a1 * d v' i0 + n u4 + l / a4 ^ s',отодви0нулась
отойдет,~ a1 t a1 * j d' / o0 t,отойде0т
отомкнул,~ a1 t a1 * m k + n u0 + l,отомкну0л
отпадает,~ a1 t * p a1 d + a0 / j i4 t,отпада0ет
отпали,~ a1 t * p a0 + l' / i4,отпа0ли
отпечаталась,~ a1 t * p' i1 ch a0 t + a4 + l / a4 ^ s',отпеча0талась
отпечатывалось,~ a1 t * p' i1 ch a0 t + y4 v a4 + l / a4 ^ s',отпеча0тывалось
отпирает,~ a1 t * p' i1 r + a0 / j i4 t,отпира0ет
отплывавший,~ a1 t * p l y1 v + a0 + f sh / y4 j,отплыва0вший
отправили,~ a1 t * p r a0 v' + i4 + l' / i4,отпра0вили
отправился,~ a1 t * p r a0 v' + i4 + l ^ s' a4,отпра0вился
отправить,~ a1 t * p r a0 v' + i4 / t',отпра0вить
отправиться,~ a1 t * p r a0 v' + i4 ^ c a4,отпра0виться
отпросилась,~ a1 t * p r a1 s' + i0 + l / a4 ^ s',отпроси0лась
отпускал,~ a1 t * p u1 s k + a0 + l,отпуска0л
отраженным,~ a1 t * r a1 zh + o0 n - / y4 m,отраже0нным
отрывисто,~ a1 t * r y0 v' + i4 s t + a4,отры0висто
отрывочно,~ a1 t * r y0 v + a4 ch + n + a4,отры0вочно
отряхивался,~ a1 t * r' a0 h' + i4 v a4 + l ^ s' a4,отря0хивался
отряхнув,~ a1 * t r' i1 h + n u0 + f,отряхну0в
отстаивал,~ a1 * c t a0 + i4 v a4 + l,отста0ивал
отсутствие,~ a1 * c s u0 + c t v' / i4 j i4,отсу0тствие
отсутствии,~ a1 c * c u0 + c t v' + i4 / i4,отсу0тствии
отсюда,~ a1 c * s' u0 d a4,отсю0да
оттуда,~ a1 t * - u0 d a4,отту0да
оттягивал,~ a1 * t' a0 g' + i4 v a4 + l,оття0гивал
отужинали,~ a1 t * u0 zh y4 n + a4 + l' / i4,оту0жинали
отходившем,~ a1 t * h a1 d' + i0 + f sh / y4 m,отходи0вшем
отцовский,* a1 c o0 + f + s k' / i4 j,отцо0вский
отцом,* a1 c / c o0,отцо0м
отчаянная,* a1 ch a0 + j i4 + n / a4 j a4,отча0янная
отчаянья,* a1 ch - a0 - + i4 + n' i4 / e4,отча0янья
отчеканились,~ a1 * ch ch i1 k a0 + n' + i4 / l' ^ i4,отчека0нились
отчесала,~ a1 * ch i1 s + a0 + l / a4,отчеса0ла
отчество,* o0 ch + i4 s t v / a4,о0тчество
отчеству,* o0 ch + i4 s t / v,о0тчеству
отчетливо,~ a1 * ch o0 t + l' i4 v + a4,отче0тливо
отчетливый,~ a1 * ch o0 t + l' i4 v / y4 j,отче0тливый
отчитает,~ a1 * ch i1 t + a0 / j i4 t,отчита0ет
отчитывает,~ a1 * ch i0 t + y4 v a4 / j i4 t,отчи0тывает
отъезд,~ a1 t * j e0 s t,отъе0зд
отъезда,~ a1 t * j e0 z d / a4,отъе0зда
отъездом,~ a1 t * j e0 z d / a4 m,отъе0здом
отыскал,~ a1 t * y1 s k + a0 + l,отыска0л
отыщет,~ a1 t * y0 sc / i4 t,оты0щет
оформить,~ a1 * f o0 r m' + i4 / t',офо0рмить
охваченный,* h v a0 ch + i4 n - / y4 j -,о0хваченный
охладел,~ a1 * h l a1 d' + e0 + l,охладе0л
охладею,~ a1 * h l a1 d' + e0 / j u4,охладе0ю
охота,~ a1 * h o0 t / a4,охо0та
охотой,~ a1 * h o0 t / a4 j,охо0той
оцепенение,~ a1 * c y1 p' + i1 n' + e0 + n' i4 j / i4,оцепене0ние
очень,* o0 - - -,о0чень
очереди,~ o0 * ch i4 r' i4 d' / i4,о0череди
очередь,~ o0 * ch i4 r' i4 c,о0чередь
очиненный,~ a1 * ch i0 n' + i4 n / y4 j,очи0ненный
очистили,~ a1 * ch i0 s' t' + i4 + l' / i4,очи0стили
очистки,~ a1 * ch i0 s t + k' / i4,очи0стки
очках,* a1 ch + k / a0 h,очка0х
очков,* a1 ch + k / o0 f,очко0в
очутились,* a1 ch u1 t' + i0 + l' / i4 ^ s',очути0лись
ошеломила,~ a1 * sh e1 l a1 m' + i0 + l / a4,ошеломи0ла
ошибаюсь,~ a1 * sh y1 b + a0 j / u4 ^ s',ошиба0юсь
ошибки,~ a1 * sh y0 p + k' / i4,оши0бки
ощупь,~ o0 * sc u4 p',о0щупь
ощутил,~ a1 * sc u1 t' + i0 + l,ощути0л
ощущая,~ a1 * sc u1 sc + a0 j / a4,ощуща0я
павлинове,* p a1 v l' i0 n + a4 v' / i4,павли0нове
павлиново,* p a1 v l' i0 n + a4 v / a4,павли0ново
павлиновской,* p a1 v l' i0 n + a4 f + s k / a4 j,павли0новской
падавшего,* p a0 d + a4 + f sh / y4 v a4,па0давшего
падал,* p a0 d + a4 + l,па0дал
палатке,* - a1 l a0 t + k' / i4,пала0тке
палец,* p a0 l' + i4 c,па0лец
палка,* p a0 l + k / a4,па0лка
палку,* p a0 l + k / u4,па0лку
пальца,* p a0 l' + c / a4,па0льца
пальцами,* p a0 l' + c / a4 m' i4,па0льцами
пальцем,* p a0 l' + c / y4 m,па0льцем
пальцы,* p a0 l' + c / y4,па0льцы
памяти,* p a0 m' i4 t' / i4,па0мяти
памятку,* p a0 m' i4 t + k / u4,па0мятку
память,* p a0 m' i4 t',па0мять
памятью,* p a0 m' i4 t' / j u4,па0мятью
папа,* p a0 p / a4,па0па
папиросками,* p a2 p' i1 r o0 s + k / a4 m' i4,папиро0сками
папки,* p a0 p + k' / i4,па0пки
папой,* p a0 p / a4 j,па0пой
папу,* p a0 p / u4,па0пу
папы,* p a0 p / y4,па0пы
пара,* p a0 r / a4,па0ра
парадном,* p a1 r a0 d + n / a4 m,пара0дном
парень,* p a0 r' + i4 n',па0рень
парк,* p a0 r k,па0рк
парке,* p a0 r k' / i4,па0рке
паркет,* p a1 r k' e0 t,парке0т
парня,* p a0 r + n' / a4,па0рня
парочками,* p a0 r + a4 ch k / a4 m' i4,па0рочками
партизан,* p a2 r t' i1 z a0 n,партиза0н
партизана,* p a2 r t' i1 z a0 n / a4,партиза0на
партизанам,* p a2 r t' i1 z a0 n / a4 m,партиза0нам
партизаном,* p a2 r t' i1 z a0 n / a4 m,партиза0ном
партийных,* p a1 r t' i0 j + n / y4 h,парти0йных
партнер,* p a1 r t n' o0 r,партне0р
пары,* p a0 r / y4,па0ры
пассажиров,* p a2 s - a1 zh y0 r / a4 f,пассажи0ров
пастернака,* p a2 s t y1 r n a0 k / a4,пастерна0ка
патефонной,* p a2 t' i1 f o0 + n / a4 j,патефо0нной
паузы,* p a0 u4 z / y4,па0узы
пахло,* p a0 h + l / a4,па0хло
пахнущих,* p a0 h + n + u4 sc / i4 h,па0хнущих
пачку,* a0 ch k + u4 / d',па0чку
паша,* p a0 sh / a4,па0ша
пел,* - e0 + l,пе0л
пенсионеры,* p' i1 n' s' i1 + a1 n' + e0 r / y4,пенсионе0ры
пенсионном,* p' i1 n' s' i1 + o0 n / a4 m,пенсио0нном
первая,* p' e0 r v / a4 j a4,пе0рвая
первого,* e0 r v a4 / v a4 v,пе0рвого
первое,* - e0 r v / a4 - i4,пе0рвое
первой,* p' e0 r v / a4 j,пе0рвой
первом,* p' e0 r v / a4 m,пе0рвом
первую,* p' e0 r v / u4 j u4,пе0рвую
первый,* p' e0 r v / y4 j,пе0рвый
первым,* p' e0 r v / y4 m,пе0рвым
первыми,* e0 r v y4 / m' i4 v,пе0рвыми
первых,* p' e0 r v / y4 h,пе0рвых
перебарщивай,~ p' i1 r' i1 * b a0 r sc + i4 v a4 + -,переба0рщивай
перебивали,~ p' i1 r' i1 * b' i1 + v a0 + l' / i4,перебива0ли
перебил,~ p' i1 r' i1 * b' + i0 + l,переби0л
перевез,~ p' i1 r' i1 * v' o0 s,переве0з
перевесила,~ p' i1 r' i1 * v' e0 s' + i4 + l / a4,переве0сила
перевешивайте,~ p' i1 r' i1 * v' e0 sh + y4 v a4 + j + t' i4,переве0шивайте
переводами,~ p' i1 r' i1 * v o0 d / a4 m' i4,перево0дами
переводил,~ p' i1 r' i1 * v a1 d' + i0 + l,переводи0л
переводу,~ p' i1 r' i1 * v o0 d / u4,перево0ду
переводчицей,~ p' i1 r' i1 * v o0 ch + ch i4 / c y4,перево0дчицей
переглянулись,~ p' i1 r' i1 * g l' i1 + n u0 + l' / i4 ^ s',перегляну0лись
переговаривались,~ p' i1 r' i1 * g a1 v a0 r' + i4 v a4 + l' / i4 ^ z',перегова0ривались
перед,* p' e0 r' i4 d,пе0ред
передал,~ p' e0 r' i4 * d a4 + l,пе0редал
передали,~ p' e0 r' i4 * d a4 + l' / i4,пе0редали
передалось,~ p' i1 r' i1 * d a1 + l / o0 ^ s',передало0сь
передать,~ p' i1 r' i1 * d a0 / t',переда0ть
передачи,~ p' i1 r' i1 * d a0 + ch / i4,переда0чи
переделывает,~ p' i1 r' i1 * d' e0 l + y4 v a4 / j i4 t,переде0лывает
передо,* p' e0 r' i4 d a4,пе0редо
передразнивает,~ p' i1 r' i1 * d r a0 z' n' + i4 v a4 / - i4 t,передра0знивает
переедем,~ p' i1 r' i1 * j e0 d' / i4 m,перее0дем
переедет,~ p' i1 r' i1 * j e0 d' / i4 t,перее0дет
переедете,~ p' i1 r' i1 * j e0 d' / i4 t' i4,перее0дете
переедут,~ p' i1 r' i1 * j e0 d / u4 t,перее0дут
переезжать,~ p' i1 r' i1 * j i1 zh + a0 / t',переезжа0ть
переехав,~ p' i1 r' i1 * j e0 h + a4 + f,перее0хав
переехал,~ p' i1 r' i1 * j e0 h + a4 + l,перее0хал
переехать,~ p' i1 r' i1 * j e0 h + a4 / t',перее0хать
переженились,~ p' i1 r' i1 * zh y1 n' + i0 + l' / i4 ^ s',пережени0лись
переживает,~ p' i1 r' i1 * zh y1 + v + a0 / j i4 t,пережива0ет
переживал,~ p' i1 r' i1 * zh y1 + v a0 + l,пережива0л
переживала,~ p' i1 r' i1 * zh y1 + v a0 + l / a4,пережива0ла
переживания,~ p' i1 r' i1 * zh y1 + v a0 + n' i4 j / a4,пережива0ния
переживают,~ p' i1 r' i1 * zh y1 + v + a0 / j u4 t,пережива0ют
пережил,~ p' e0 r' i4 * zh y4 + l,пе0режил
переиначивает,~ p' i1 r' i1 * i1 n a0 ch + i4 + v a4 / j i4 c,переина0чивает
переиначивать,~ p' i1 r' i1 * i1 n a0 ch + i4 + v a4 / t',переина0чивать
переиначил,~ p' i1 r' i1 * i1 n a0 ch + i4 + l,переина0чил
переключил,~ p' i1 r' i1 * k l' u1 ch + i0 + l,переключи0л
переключили,~ p' i1 r' i1 * k l' u1 ch + i0 + l' / i4,переключи0ли
переливаются,~ p' i1 r' i1 * l' i1 + v a0 / j u4 ^ c a4,перелива0ются
перемерли,~ p' e1 r' i1 * m' o0 r + l' / i4,переме0рли
перемучиться,~ p' i1 r' i1 * m u0 ch + i4 / c - ^ - a4,перему0читься
перенес,~ p' i1 r' i1 * n' o0 s,перене0с
переоделась,~ p' i1 r' i1 ~ a1 * d' e0 + l / a4 ^ s',переоде0лась
перепалки,~ p' i1 r' * i1 p a0 + l / k',перепа0лки
переписаны,~ p' i1 r' i1 * p' i0 s + a4 + n / y4,перепи0саны
переписывает,~ p' i1 r' i1 * p' i0 s + y4 v a4 / - i4 t,перепи0сывает
переплете,~ p' i1 r' i1 * p l' o0 t' / i4,перепле0те
переплетением,~ p' i1 r' i1 * p l' i1 t' + e0 n' i4 j / i4 m,переплете0нием
переполнялась,~ p' i1 r' i1 * p a1 l n' + a0 + l / a4 ^ s',переполня0лась
перепоясанный,~ p' i1 r' i1 * p a1 j a0 s + a4 n / y4 j,перепоя0санный
перепутал,~ p' i1 r' i1 * p u0 t + a4 + l,перепу0тал
перерыв,~ p' i1 r' i1 * r y0 f,переры0в
пересадки,~ p' i1 r' i1 * s a0 t + k' / i4,переса0дки
пересек,~ p' i1 r' i1 * s' o0 k,пересе0к
переселить,~ p y1 r' i1 * s' i1 l' + i0 / t',пересели0ть
переселиться,~ p' i1 r' i1 * s' i1 l' + i0 ^ c a4,пересели0ться
переспросила,~ p' i1 r' i1 ~ s * p r a1 s' + i0 + l / a4,переспроси0ла
переставляя,~ p' i1 r' i1 * s t a1 v l' + a0 + - i4,переставля0я
перестали,~ p' i1 r' i1 * s t + a0 + l' / i4,переста0ли
перестань,~ p' i1 r' i1 * s t a0 n',переста0нь
перестукиваться,~ p' i1 r' i1 * s t u0 k' + i4 v a4 ^ c a4,пересту0киваться
перетягивать,~ p' i1 r' i1 * t' a0 g' + i4 v a4 + t',перетя0гивать
переулок,~ p' i1 r' i1 * u0 l + a4 g,переу0лок
перехвалить,~ p' i1 r' i1 * h v a1 l' + i0 / t',перехвали0ть
переход,~ p' i1 r' i1 * h o0 t,перехо0д
перрону,* p' i1 r o0 n / u4,перро0ну
песен,* p' e0 s' i4,пе0сен
песни,* p' e0 s' n' / i4,пе0сни
песню,* p' e0 s' n' / u4,пе0сню
песчаный,* p' i1 + sc + a0 n / y4 j,песча0ный
петербургский,* p' i1 t' i1 r b u0 r + k s / k' i4,петербу0ргский
петровича,* p' i1 t r + o0 v' + i4 ch / a4,петро0вича
петровна,* p' i1 t r + o0 v + n / a4,петро0вна
петровны,* p' i1 t r + o0 v + n / y4,петро0вны
петька,* p' e0 t' + k / a4,пе0тька
петьки,* p' e0 t' + k' / i4,пе0тьки
печали,* p' i1 ch a0 l' / i4,печа0ли
печально,* p' i1 ch a0 l' + n + a4,печа0льно
печального,* p' i1 ch a0 l' + n / a4 v a4,печа0льного
печатают,* p' i1 ch a0 t + a4 / j u4 c,печа0тают
печатными,* p' i1 ch a0 t + n / y4 m' i4,печа0тными
пешком,* p' i1 sh + k + o0 m,пешко0м
пивного,* p' i1 v + n / o0 v a4,пивно0го
пиджак,* p' i1 d zh a0 k,пиджа0к
пижамах,* p' i1 zh a0 m / a4 h,пижа0мах
пижамные,* p' i1 zh a0 m + n / y4 j i4,пижа0мные
пижамных,* p' i1 zh a0 m + n / y4 h,пижа0мных
пижаму,* p' i1 zh a0 m / u4,пижа0му
пил,* p' i0 + l,пи0л
пили,* p' i0 + l' / i4,пи0ли
пинг-понг,* p' i1 n - p o0 n k,пинг-по0нг
пирог,* p' i1 r o0 k,пиро0г
пирожное,* p' i1 r o0 zh + n / a4 j i4,пиро0жное
писал,* p' i1 s + a0 + l,писа0л
писатели,* p' i1 s + a0 + t' i4 l' / -,писа0тели
писать,* p' i1 s + a0 / d',писа0ть
писем,* p' i0 s' + i4 m,пи0сем
письма,* p' i0 s' + m / a4,пи0сьма
письменный,* p' i0 s' + m' + i4 n - / y4 j -,пи0сьменный
письмо,* p' i1 s' + m / o0,письмо0
питание,* p' i1 t + a0 + n' i4 - / i4,пита0ние
пить,* p' i0 / t',пи0ть
пишет,* p' i0 sh / y4 t,пи0шет
пишут,* p' i0 sh / u4 t,пи0шут
плавали,* p l a0 v + a4 + l' / i4,пла0вали
плавают,* p l a0 v + a4 / j u4 t,пла0вают
плакала,* p l a0 k + a4 + l / a4,пла0кала
план,* l a0 n n',пла0н
плане,* l a0 n' i4 / k,пла0не
планы,* p l a0 n / y4,пла0ны
пластинки,* p l a1 s t' + i0 n + k' / i4,пласти0нки
пластмассовую,* p l a1 s * m a0 s + a4 v / u4 j u4,пластма0ссовую
пластмассовые,* p l a1 s * m a0 s + a4 v / y4 j i4,пластма0ссовые
пластмассовых,* p l a1 s * m a0 s + a4 v / y4 h,пластма0ссовых
пластмассы,* p l a1 s * m a0 s / y4,пластма0ссы
платком,* p l a1 t + k / o0 m,платко0м
платье,* p l a0 t' j / i4,пла0тье
платьев,* p l a0 t' j / i4 f,пла0тьев
платья,* p l a0 t' + j / a4,пла0тья
платьях,* p l a0 t' j / i4 h,пла0тьях
плачем,* p l a0 ch / i4 m,пла0чем
плащей,* p l a1 sc / e0 j,плаще0й
племянник,* p l' i1 m' a0 - + n' i4 k,племя0нник
племянника,* p l' i1 m' a0 - + n' i4 k / a4,племя0нника
племянникам,* p l' i1 m' a0 n' + i4 k / a4 m,племя0нникам
племянником,* p l' i1 m' a0 + n' i4 k / a4 m,племя0нником
плетеное,* l' i1 t' o0 + n n / a4 j -,плете0ное
плетеный,* p l' i1 t' + o0 n / y4 j,плете0ный
плетут,* p l' i1 t / u0 t,плету0т
плечами,* p l' i1 ch / a0 m' i4,плеча0ми
плечах,* p l' i1 ch / a0 h,плеча0х
плечи,* p l' e0 ch / i4,пле0чи
плитам,* p l' i0 t / a4 m,пли0там
плитах,* p l' i0 t / a4 h,пли0тах
плохих,* p l a1 h' / i0 h,плохи0х
плохо,* p l o0 h + a4,пло0хо
плохого,* p l a1 h / o0 v a4,плохо0го
плохое,* p l a1 h / o0 - i4,плохо0е
плохой,* p l a1 h / o0 j,плохо0й
плохому,* p l a1 h / o0 m u4,плохо0му
площади,* p l o0 sc i4 d' / i4,пло0щади
площадке,* p l a1 sc a0 t + k' / i4,площа0дке
площадь,* p l o0 sc a4 t',пло0щадь
пляж,* p l' a0 sh,пля0ж
пляжем,* p l' a0 zh / y4 m,пля0жем
пнях,* p n' / a0 h,пня0х
по-видимому,~ p a1 * v' i0 d' + i4 m + a4 m u4,по-ви0димому
по-военному,~ p a2 * v a1 j e0 n + - + a4 m u4,по-вое0нному
по-женски,~ p a1 * zh e0 n + s k' i4,по-же0нски
по-каковски,~ p a2 * k a1 k + o0 f + s k' i4,по-како0вски
по-моему,~ p a1 * m o0 + - i4 m u4,по-мо0ему
по-настоящему,~ p a2 ~ n a2 * s t a1 + j a0 sc + i4 m u4,по-настоя0щему
по-отечески,~ p a2 * a1 t' e0 ch + i4 s k' + i4,по-оте0чески
по-прежнему,~ p a1 * p r' e0 zh n' + i4 m u4,по-пре0жнему
по-разному,~ p a1 * r a0 z n / a4 m u4,по-ра0зному
по-своему,~ p a1 * s v o0 + - i4 m u4,по-сво0ему
по-человечески,~ p a2 * ch i1 l a1 v' e0 ch + i4 s k' / i4,по-челове0чески
по-честному,~ p a1 * ch e0 s + n / a4 m u4,по-че0стному
побаиваются,~ p a1 * b + a0 + i4 v a4 / j u4 ^ c a4,поба0иваются
победил,* p a2 b' i1 d' + i0 / l,победи0л
побежал,~ p a2 * b' i1 zh + a0 + l,побежа0л
побежала,~ p a2 * b' i1 zh + a0 + l / a4,побежа0ла
побеждают,* p a2 b' i1 zh d + a0 / j u4 t,побежда0ют
побежденный,* p a2 b' i1 zh d' + o0 n / y4 j,побежде0нный
побежит,~ p a2 * b' i1 zh / y0 d,побежи0т
побеседуем,~ p a2 * b' i1 s' e0 d + u4 / j i4 m,побесе0дуем
поблагодарить,~ p a2 * b l a2 g a2 d a1 r' + i0 + t',поблагодари0ть
побледнел,~ p a2 * b l' i1 d n' + e0 + l,побледне0л
поблескивающих,~ p a1 * b l' o0 s k' + i4 v a4 + j u4 sc / i4 h,побле0скивающих
поближе,~ p a1 * b l' i0 zh + y4,побли0же
поблизости,~ p a1 * b l' i0 z + a4 s' t' / i4,побли0зости
побольше,~ p a1 * b o0 l' + sh + y4,побо0льше
поборами,~ p a1 * b o0 r / a4 m' i4,побо0рами
побрился,~ p a1 * b r' i0 + l ^ s' a4,побри0лся
побудившие,~ p a2 * b u1 d' + i0 + f sh / y4 j i4,побуди0вшие
побуревший,~ p a2 * b u1 r' + e0 + f sh / y4 j,побуре0вший
побыстрее,~ p a2 * b y1 s t r' + e0 - i4,побыстре0е
побыть,~ p a1 * b y0 / t',побы0ть
поверил,~ p a1 * v' e0 r' + i4 + l,пове0рил
поверит,~ p a1 * v' e0 r' / i4 t,пове0рит
повернитесь,~ p a2 * v' i1 r + n' + i0 t' i4 ^ s',поверни0тесь
повернулась,~ p a2 * v' i1 r + n u0 + l / a4 ^ s',поверну0лась
повернулся,~ p a2 * v' i1 r + n u0 + l ^ s' a4,поверну0лся
повернуться,~ p a2 * v' i1 r + n u0 ^ c a4,поверну0ться
поверхности,~ p a1 * v' e0 r h + n + a4 s' t' / i4,пове0рхности
поверь,~ p a1 * v' e0 r',пове0рь
повеселел,~ p a2 * v' i1 s' i1 l' + e0 + l,повеселе0л
повесил,~ p a1 * v' e0 s' + i4 + l,пове0сил
повесила,~ p a1 * v' e0 s' + i4 + l / a4,пове0сила
повесили,~ p a1 * v' e0 s' + i4 + l' / i4,пове0сили
повесить,~ p a1 * v' e0 s' + i4 / t',пове0сить
повзрослел,~ p a2 ~ v z * r a1 s + l' + e0 + l,повзросле0л
повода,~ p o0 * v a4 d / a4,по0вода
поводу,~ p o0 * v a4 d / u4,по0воду
поворачивается,~ p a2 * v a1 r a0 ch + i4 v - / j i4 c ^ c a4,повора0чивается
поворачиваться,~ p a2 * v a1 r a0 ch + i4 v a4 ^ c a4,повора0чиваться
повсюду,~ p a1 * f s' u0 d u4,повсю0ду
повторил,~ p a2 * f t a1 r' + i0 + l,повтори0л
повторила,~ p a2 * f t a1 r' + i0 + l / a4,повтори0ла
повторит,~ p a2 * f t a1 r' / i0 c,повтори0т
повторяет,~ p a2 * f t a1 r' + a0 / - i4 t,повторя0ет
повторял,~ p a2 * f t a1 r' + a0 + l,повторя0л
повторять,~ p a2 * f t a1 r' + a0 / t',повторя0ть
повысил,~ p a1 * v y0 s' + i4 + l,повы0сил
повышением,~ p a2 * v y1 sh + e0 n' i4 j / i4 m,повыше0нием
поглаживала,~ p a1 * g l a0 zh + y4 v a4 + l / a4,погла0живала
поглаживать,~ p a1 * g l a0 zh + y4 v a4 / t',погла0живать
поглядеть,~ p a2 * g l' i1 d' + e0 / t',погляде0ть
поглядим,~ p a2 * g l' i1 d' / i0 m,погляди0м
поглядывал,~ p a1 * g l' a0 d + y4 v a4 + l,погля0дывал
поглядывала,~ p a1 * g l' a0 d + y4 v a4 + l / a4,погля0дывала
поглядывая,~ p a1 * g l' a0 d + y4 v a4 + j a4,погля0дывая
поговорим,~ p a2 * g a2 v a1 r' / i0 m,поговори0м
поговорить,~ p a2 * g a2 v a1 r' + i0 / t',поговори0ть
погода,* - p a1 g o0 d / a4,пого0да
поголовно,~ p a2 * g a1 l o0 v + n + a4,поголо0вно
погостить,~ p a2 * g a1 s' t' + i0 / d',погости0ть
погромче,~ p a1 * g r o0 m + ch + i4,погро0мче
погружается,~ p a2 * g r u1 zh + a0 / - i4 ^ c a4,погружа0ется
погубить,~ p a2 * g u1 b' + i0 / t',погуби0ть
погуляй,~ p a2 * g u1 l' ^ a0 j,погуля0й
подавленный,~ p a1 * d a0 v + l' + i4 n / n y4,пода0вленный
подает,~ p a2 * d a1 / j o0 t,подае0т
подальше,~ p a1 * d a0 l' + sh + y4,пода0льше
подарки,~ p a1 * d a0 r + k' / i4,пода0рки
подарком,~ p a1 * d a0 r + k / a4 m,пода0рком
подарок,~ p a1 * d a0 r + a4 k,пода0рок
подбородка,~ p a2 d * b a1 r o0 t + k / a4,подборо0дка
подбородке,~ p a2 d * b a1 r o0 t + k' / i4,подборо0дке
подбрасывал,~ p a1 d * b r a0 s + y4 v a4 + l,подбра0сывал
подбрасывать,~ p a1 d * b r a0 s + y4 v a4 / t',подбра0сывать
подбросил,~ p a1 d * b r o0 s' + i4 + l,подбро0сил
подвалом,~ p a1 d * v a0 l / a4 m,подва0лом
подвернулось,~ p a2 d * v' i1 r + n u0 + l / a4 ^ s',подверну0лось
подвигов,* p o0 d v' i4 g / a4 f,по0двигов
подвластно,~ p a1 d * v l a0 s + n + a4,подвла0стно
подглядел,~ p a2 d * g l' i1 d' + e0 + l,подгляде0л
подготовилась,~ p a2 d * g a1 t o0 v' + i4 + l / a4 ^ s',подгото0вилась
подготовить,~ p a2 d * g a1 t o0 v' + i4 / t',подгото0вить
подготовь,~ p a2 d * g a1 t o0 f',подгото0вь
поддержал,~ p a2 * d' i1 r zh + a0 + l,поддержа0л
поддержала,~ p a2 * d' d' i1 r + zh + a0 / l,поддержа0ла
поддержали,~ p a2 * d i1 r zh + a0 + l' / i4,поддержа0ли
поддерживали,~ p a1 * d' e0 r zh + y4 v a4 + l' / i4,подде0рживали
поделаешь,~ p a1 * d' e0 + l / a4 j i4,поде0лаешь
поделать,~ p a1 * d' e0 + l + a4 / d',поде0лать
поделится,~ p a1 * d' e0 l' / i4 c ^ - a4,поде0лится
поделиться,~ p a2 * d' i1 l' + i0 ^ c a4,подели0ться
подержите,~ p a1 * d' e0 r zh + y4 + t' i4,поде0ржите
подземелье,~ p a2 d * z' i1 m' e0 + l' + j / i4,подземе0лье
подземелья,~ p a2 d * z' i1 m' e0 + l' + j / a4,подземе0лья
подкладкой,~ p a1 t * k l a0 t + k / a4 j,подкла0дкой
подкрадется,~ p a2 t * k r a1 d' / o0 ^ c a4,подкраде0тся
подкрасила,~ p a1 t * k r a0 s' + i4 + l / a4,подкра0сила
подлизывался,~ p a1 d * l' i0 z + y4 v a4 + l ^ s',подли0зывался
подлиннее,~ p a2 * d l' i1 + n' + e0 j i4,подлинне0е
подметить,~ p a1 d * m' e0 t' + i4 / t',подме0тить
подмосковный,~ p a2 d * m a1 s k o0 v + n / y4 j,подмоско0вный
поднимал,~ p a2 d * n' i1 m + a0 + l,поднима0л
поднимала,~ p a2 d * n' i1 m + a0 + l / a4,поднима0ла
поднималась,~ p a2 d * n' i1 m + a0 + l / a4 ^ s',поднима0лась
поднимались,~ p a2 d * n' i1 m + a0 + l' / i4 ^ s',поднима0лись
подниматься,~ p a2 d * n' i1 m + a0 ^ c a4,поднима0ться
поднимающий,~ p a2 d * n' i1 m + a0 + j u4 sc / i4 j,поднима0ющий
поднялась,~ p a2 d * n' i1 + l / a0 ^ s',подняла0сь
поднялись,~ p a2 d * n' i1 + l' / i0 ^ s',подняли0сь
поднялся,~ p a1 d * n' a0 + l ^ s' a4,подня0лся
поднятыми,~ p o0 d * n' a4 + t / y4 m' i4,по0днятыми
поднять,~ p a1 d * n' a0 / d',подня0ть
подняться,~ p a1 d * n' a0 ^ c a4,подня0ться
подобного,~ p a1 * d o0 b + n / a4 v a4,подо0бного
подождала,~ p a2 d a1 * zh d + a0 + l / a4,подожда0ла
подождать,~ p a2 d a1 * zh d + a0 / t',подожда0ть
подозрением,~ p a2 d a1 * z r' + e0 n' i4 j / i4 m,подозре0нием
подозрительно,~ p a2 d a1 * z r' + i0 + t' i4 l' n + a4,подозри0тельно
подойдет,~ p a2 d a1 * j d' / o0 t,подойде0т
подоконниках,~ a2 d a1 * k o0 n' + n' i4 k / a4 -,подоко0нниках
подолгу,~ p a1 * d o0 l g + u4,подо0лгу
подошел,~ p a2 d a1 * sh o0 + l,подоше0л
подпоясанном,~ p a2 t * p a1 j a0 s + a4 + n - / a4 m,подпоя0санном
подражать,~ p a2 d * r a1 zh + a0 / t',подража0ть
подробно,~ p a1 * d r o0 b + n + a4,подро0бно
подробностях,~ p a1 * d r o0 b + n + a4 s t' / i4 h,подро0бностях
подросший,~ p a1 d * r o0 + sh / y4 j,подро0сший
подруг,~ p a1 * d r u0 k,подру0г
подружились,~ p a2 * d r u1 zh + y0 + l' / i4 ^ s',подружи0лись
подряд,~ p a1 d * r' a0 t,подря0д
подслеповатым,~ p a2 * c l' i1 p + a1 v a0 t / y4 m,подслепова0тым
подслушал,~ a1 c * s l u0 sh + a4 + l,подслу0шал
подслушать,~ p a1 * c l u0 sh + a4 / t',подслу0шать
подслушивать,~ p a1 * c l u0 sh + y4 v a4 / t',подслу0шивать
подсмеивался,~ p a1 * c m' e0 + i4 v a4 + l ^ s' a4,подсме0ивался
подсобить,~ p a2 c * s a1 b' + i0 / t',подсоби0ть
подсобной,~ p a1 c * s o0 b + n / a4 -,подсо0бной
подсчитала,~ p a2 ch * sc i1 t + a0 + l / a4,подсчита0ла
подтвердила,~ p a2 * t v' i1 r d' + i0 + l / a4,подтверди0ла
подтвердилось,~ p a2 * t t v' i1 r + d' + i0 / l ^ a4,подтверди0лось
подтвердит,~ p a2 * t v' i1 r d' / i0 t,подтверди0т
подтеки,~ p a1 * t' o0 k' / i4,подте0ки
подтолкнуть,~ p a2 * t a1 l k + n u0 / d',подтолкну0ть
подумав,~ p a1 * d u0 m + a4 + f,поду0мав
подумает,~ p a1 * d u0 m + a4 / j i4 t,поду0мает
подумай,~ p a1 * d u0 m + a4 j,поду0май
подумайте,~ p a1 * d u0 m + a4 j + t' i4,поду0майте
подумал,~ p a1 * d u0 m + a4 + l,поду0мал
подумала,~ p a1 * d u0 m + a4 + l / a4,поду0мала
подумали,~ p a1 * d u0 m + a4 + l' / i4,поду0мали
подумать,~ p a1 * d u0 m + a4 / t',поду0мать
подумаю,~ p a1 * d u0 m + a4 / j u4,поду0маю
подушка,~ p a1 d * u0 sh + k / a4,поду0шка
подушки,~ p a1 d * u0 sh + k' / i4,поду0шки
подходила,~ p a2 t * h a1 d' + i0 + l / a4,подходи0ла
подходили,~ p a2 t * h a1 d' + i0 + l' / i4,подходи0ли
подходит,~ - a1 t * h o0 d' / i4 t,подхо0дит
подходить,~ p a2 t * h a1 d' + i0 / t',подходи0ть
подходящую,~ p a2 t * h a1 d' + a0 sc + u4 j u4,подходя0щую
подчеркивало,~ p a1 * ch o0 r k' + i4 v a4 + l / a4,подче0ркивало
подчеркивать,~ p a1 * ch o0 r k' + i4 v a4 / t',подче0ркивать
подшучивает,~ p a1 ch * sh u0 ch + i4 v a4 / j i4 t,подшу0чивает
подъезд,~ p a1 d * j e0 s t,подъе0зд
подъезда,~ p a1 d * j e0 z d / a4,подъе0зда
подъездам,~ p a1 d * j e0 z d / a4 m,подъе0здам
подъездах,~ p a1 d * j e0 z d / a4 h,подъе0здах
подъездов,~ p a1 d * j e0 z d / a4 f,подъе0здов
подъезжают,~ p a2 d * j i1 zh + a0 / j u4 t,подъезжа0ют
подымалась,~ p a2 * d y1 m + a0 + l / a4 ^ s',подыма0лась
подыскивалось,~ p a1 d * y0 s k' + i4 v a4 + l / a4 ^ s',поды0скивалось
подыщем,~ p a1 d * y0 sc / i4 m,поды0щем
поедем,~ p a1 * j e0 d' / i4 m,пое0дем
поедет,~ p a1 * j e0 d' / i4 t,пое0дет
поедете,~ p a1 * j e0 d' / i4 t' i4,пое0дете
поедешь,~ p a1 * j e0 d' / i4 sh,пое0дешь
поедут,~ p a1 * j e0 d / u4 t,пое0дут
поездкам,~ p a1 * j e0 s t + k / a4 m,пое0здкам
поет,* p a1 / j o0 t,пое0т
поехала,~ j e0 * h a4 l + a4 + n / a1,по0ехала
поехали,~ p a1 * j e0 h + a4 + l' / i4,пое0хали
поехать,~ p a1 * j e0 h + a4 / t',пое0хать
пожал,~ p a1 * zh + a0 + l,пожа0л
пожала,~ p a1 * zh + a0 + l / a4,пожа0ла
пожалел,~ p a2 * zh a1 l' + e0 + l,пожале0л
пожалуй,~ p a1 * zh a0 l + u4 + j,пожа0луй
пожалуйста,* p a1 zh a0 l u4 s t a4,пожа0луйста
пожарную,~ p a1 * zh a0 r + n / u4 j u4,пожа0рную
пожарный,~ p a1 * zh a0 r + n / y4 j,пожа0рный
пожелала,~ p a2 * zh y1 l + a0 + l / a4,пожела0ла
пожелают,~ p a2 * zh y1 l + a0 / j u4 t,пожела0ют
пожелтевшим,~ p a2 * zh e1 l t' + e0 + f sh / y4 m,пожелте0вшим
поженились,~ p a2 * zh y1 n' + i0 + l' / i4 ^ s',пожени0лись
пожилые,~ p a2 * zh y1 + l / y0 j i4,пожилы0е
позабыл,~ p a2 ~ z a1 * b y0 + l,позабы0л
позвал,~ p a1 * z v + a0 + l,позва0л
позволил,~ p a1 ~ z * v o0 l' + i4 + l,позво0лил
позвонил,~ p a2 * z v a1 n' + i0 + l,позвони0л
позвонила,~ p a2 * z v a1 n' + i0 + l / a4,позвони0ла
позвонили,~ p a2 * z v a1 n' + i0 + l' / i4,позвони0ли
позвонит,~ p a2 * z v a1 n' / i0 t,позвони0т
позвонить,~ p a2 * z v a1 n' + i0 / t',позвони0ть
позвонят,~ p a2 * z v a1 n' / a0 t,позвоня0т
позднего,* p o0 z' + n' / i4 v a4,по0зднего
поздние,* p o0 z + n' / i4 j i4,по0здние
поздний,* p o0 z + n' / i4 j,по0здний
поздним,* p o0 z + n' / i4 m,по0здним
поздно,* i4 o0 z + n + a4,поздно0
поздновато,* p a2 z + n + a1 v a0 t + a4,позднова0то
поздоровался,~ p a2 * z d a1 r o0 v + a4 + l ^ s' a4,поздоро0вался
поздравили,* p a1 z d r a0 v' + i4 l' / i4,поздра0вили
поздравляем,* p a2 z d r a1 v l' + a0 / j i4 m,поздравля0ем
позже,* p o0 zh - + y4,по0зже
познается,~ p a2 * z n a1 / j o0 ^ c a4,познае0тся
познакомились,~ p a2 * z n a1 k + o0 m' + i4 + l' / i4 ^ s',познако0мились
познакомился,~ p a2 * z n a1 + k + o0 m' + i4 + l ^ s' a4,познако0мился
познакомим,~ p a2 * z n a1 k + o0 m' / i4 m,познако0мим
познакомиться,~ p a2 * z n a1 + k + o0 m' + i4 ^ c a4,познако0миться
познакомьтесь,~ p a2 * z n a1 k + o0 m' + t' i4 ^ s',познако0мьтесь
поили,* p a1 + i0 + l' / i4,пои0ли
поинтересовалась,~ p a2 * i1 n' t' i1 r' i1 s + a1 v a0 + l / a4 ^ s',поинтересова0лась
поинтересовался,~ p a2 * i1 n' t' i1 r' i1 s + a1 v a0 + l ^ s' a4,поинтересова0лся
поискать,~ p a2 * i1 s k + a0 / t',поиска0ть
поисков,~ p o0 * i4 s k / a4 f,по0исков
пойдем,~ p a1 * j d' / o0 m,пойде0м
поймал,~ p a1 * j m + a0 + l,пойма0л
поймет,~ p a1 * j m' / o0 t,пойме0т
поймешь,~ p a1 * j m' + o0 sh,пойме0шь
пойму,~ p o0 * j m / u4,по0йму
поймут,~ p a1 * j m / u0 t,пойму0т
пойти,~ a1 j * t' / i0 s,пойти0
показались,~ p a2 * k a1 z + a0 + l' + i4 ^ s',показа0лись
показалось,~ p a2 * k a1 z + a0 + l / a4 ^ s',показа0лось
показался,~ p a2 * k a1 z + a0 + l ^ s' a4,показа0лся
показать,~ p a2 * k a1 z + a0 / ch,показа0ть
показаться,~ p a2 * k a1 z + a0 ^ c a4,показа0ться
показывал,~ p a1 * k a0 z + y4 v a4 + l,пока0зывал
покачивая,~ p a1 * k a0 ch + i4 v a4 + j a4,пока0чивая
покер,* p o0 k' i4 r,по0кер
покидали,~ p a2 * k' i1 d + a0 + l' / i4,покида0ли
покидать,~ p a2 * k' i1 d + a0 / t',покида0ть
покинет,~ p a1 * k' i0 n' / i4 t,поки0нет
поклонился,~ p a2 * k l a1 n' + i0 + l ^ s' a4,поклони0лся
покой,* p a1 k o0 + j,поко0й
покоробило,~ p a2 * k a1 r o0 b' + i4 + l / a4,покоро0било
покорябанный,~ p a2 * k a1 r' a0 b + a4 n / y4 j,покоря0банный
покраснев,~ p a2 * k r a1 s' n' + e0 + f,покрасне0в
покраснело,~ p a2 * k r a1 s' n' + e0 + l / a4,покрасне0ло
покупает,~ p a2 * k u1 p + a0 / j i4 d,покупа0ет
покупал,~ p a2 * k u1 p + a0 + l,покупа0л
покупать,~ p a2 * k u1 p + a0 / t',покупа0ть
покупками,~ p a1 * k u0 p + k / a4 m' i4,поку0пками
покушать,~ p a1 * k u0 sh + a4 / t',поку0шать
пол,* p o0 l,по0л
полагали,~ p a2 * l a1 g + a0 + l' / i4,полага0ли
полагалось,~ p a2 * l a1 g + a0 + l / a4 ^ s,полага0лось
полах,* p a1 l / a0 h,пола0х
полгода,* p a1 l * g o0 d / a4,полго0да
полголовы,~ p a2 l * g a2 l a1 v / y0,полголовы0
поле,* p o0 l' / i4,по0ле
полевой,* p a2 l' + i1 v / o0 j,полево0й
полез,~ p a1 * l' e0 s,поле0з
полезного,* p a1 l' e0 z + n / a4 v a4,поле0зного
полезное,* p a1 l' e0 z + n / a4 - i4,поле0зное
полем,* p o0 l' / i4 m,по0лем
ползет,* p a1 l z' / o0 t,ползе0т
поливать,~ p a2 * l' i1 + v a0 / t',полива0ть
полированному,* p a2 l' i1 r + o0 v a4 + n / a4 m u4,полиро0ванному
полированный,* p a2 l' i1 r + o0 v a4 + n / y4 j,полиро0ванный
полковник,* p a1 l k + o0 v + n' i4 k,полко0вник
полку,* p a1 l k / u0,полку0
поллитрами,* p o0 * l l' i0 t / r a4 m',по0ллитрами
полная,* p o0 l n / a4 j a4,по0лная
полнилась,* p o0 l n' + i4 + l / a4 ^ s,по0лнилась
полноватый,* p a2 l n + a1 v a0 t / y4 j,полнова0тый
полное,* p o0 l n / a4 j i4,по0лное
полной,* p o0 l n / a4 j,по0лной
полную,* p o0 l n / u4 j u4,по0лную
полным,* p a1 l n / y0 m,полны0м
полов,* p a1 l / o0 f,поло0в
половецком,* p a2 l a1 v' + e0 c + k / a4 m,полове0цком
половине,* p a2 l + a1 v' + i0 n' / i4,полови0не
половиной,* p a2 l a1 v' i0 n / a4 j,полови0ной
положение,~ p a2 * l a1 zh + e0 n' i4 j / i4,положе0ние
положении,~ p a2 * l a1 zh + e0 n' i4 / i4,положе0нии
положений,~ p a2 * l a1 zh + e0 n' i4 j,положе0ний
положил,~ p a2 * l a1 zh + y0 + l,положи0л
положила,~ p a2 * l a1 zh + y0 + l / a4,положи0ла
положительные,* p a2 l a1 zh + y0 + t' i4 l' n / i4 j i4,положи0тельные
положительных,* p a2 l a1 zh + y0 + t' i4 l' n / y4 h,положи0тельных
полоская,* p a2 l a1 s k + a0 + - i4,полоска0я
полотенце,* p a2 l a1 t' + e0 n + c / e4,полоте0нце
полотенцем,* p a2 l a1 t' + e0 n + c / y4 m,полоте0нцем
полочках,* p o0 l + a4 ch k / a4 h,по0лочках
полпути,~ p o0 l * p u4 t' / i0,по0лпути
полтора,* a2 l t a1 r a0 / m',полтора0
полтораста,* p a2 l t a1 r a0 * s t / a4,полтора0ста
полуженатиков,* p a2 l u1 * zh y1 n + a0 t' + i4 k / a4 f,полужена0тиков
полузнакомые,* p a2 l u1 * z n a1 k + o0 m / y4 j i4,полузнако0мые
полуподвале,* p o1 l u1 ~ p a1 d * v a0 l' / i4,полуподва0ле
полупустой,* p o0 l u4 * p u1 s t / o0 j,по0лупустой
полутора,* p a1 l u0 t a4 r / a4,полу0тора
получает,* p a2 l u1 ch + a0 / - i4 t,получа0ет
получается,* p a2 l u1 ch + a0 / j i4 ^ c a4,получа0ется
получал,* p a2 l u1 ch + a0 + l,получа0л
получали,* p a2 l u1 ch + a0 + l' / i4,получа0ли
получалось,* p a2 l u1 ch + a0 + l / a4 ^ s',получа0лось
получат,* p a1 l u0 ch / a4 t,полу0чат
получать,* p a2 l u1 ch + a0 / d',получа0ть
получаю,* p a2 l u1 ch + a0 / j u4,получа0ю
получают,* p a2 l u1 ch + a0 / j u4 t,получа0ют
полученные,* a1 l u0 ch i4 + n - / j y4 i4,полу0ченные
получил,* p a2 l u1 ch + i0 + l,получи0л
получилось,* p a2 l u1 ch + i0 + l / a4 ^ s',получи0лось
получим,* p a1 l u0 ch / i4 m,полу0чим
получит,* p a1 l u0 ch / i4 t,полу0чит
полушутливом,* p a2 l u1 * sh u1 t + l' i0 v / a4 m,полушутли0вом
полчаса,* p o0 l * ch i1 s / a0,по0лчаса
полы,* p a0 l / y4,по0лы
пользовалась,* p o0 l' z + a4 v a4 + l / a4 ^ s',по0льзовалась
пользу,* p o0 l' z / u4,по0льзу
пользуется,* p o0 l' z + u4 / - i4 ^ c a4,по0льзуется
полюбил,~ p a2 * l' u1 b' + i0 + l,полюби0л
поля,* p o0 l' / a4,по0ля
помедленнее,~ p a1 * m' e0 d l' + i4 n' + i4 j i4,поме0дленнее
помешала,~ p a2 * m' i1 sh + a0 + l / a4,помеша0ла
помещались,~ p a2 * m' i1 sc + a0 + l' / i4 ^ s',помеща0лись
помещение,~ p a2 * m' i1 sc + e0 n' i4 j / i4,помеще0ние
помещении,~ p a2 * m' i1 sc + e0 n' i4 / i4,помеще0нии
помещик,~ p a1 * m' e0 sc + i4 k,поме0щик
помидор,* p a2 m' i1 d o0 r,помидо0р
помидора,* p a2 m' i1 d o0 r / a4,помидо0ра
помидоры,* p a2 m' i1 d o0 r / y4,помидо0ры
помину,* p a1 m' i0 n / u4,поми0ну
помни,* p o0 m n' + i4,по0мни
помнил,* p o0 m n' + i4 + l,по0мнил
помним,* p o0 m n' / i4 m,по0мним
помнит,* p o0 m n' / i4 t,по0мнит
помнится,* p o0 m n' / i4 ^ c a4,по0мнится
помнишь,* p o0 m n' / i4 sh,по0мнишь
помню,* - o0 m n' / u4,по0мню
помнят,* p o0 m n' / i4 t,по0мнят
помог,~ p a1 * m o0 k,помо0г
помогал,~ p a2 * m a1 g + a0 + l,помога0л
помогала,~ p a2 * m a1 g + a0 + l / a4,помога0ла
помогали,~ p a2 * m a1 g + a0 + l' / i4,помога0ли
помогать,~ p a2 * m a1 g + a0 / d',помога0ть
поможешь,~ p a1 * m o0 zh / y4 sh,помо0жешь
помолчав,~ p a2 * m a1 l ch + a0 + f,помолча0в
поморщился,~ p a1 * m o0 r sc + i4 + l ^ s' a4,помо0рщился
помотал,~ p a2 * m a1 t + a0 + l,помота0л
помочь,~ - a1 * m o0 ch,помо0чь
помощи,~ p o0 * m a4 sc / i4,по0мощи
помощь,~ p o0 * m a4 sc,по0мощь
помощью,~ p o0 * m a4 sc / j u4,по0мощью
помчимся,~ p a1 * m ch / i0 m ^ s' a4,помчи0мся
помылся,~ p a1 * m y0 + l ^ s' a4,помы0лся
понесся,~ p a1 * n' o0 ^ s' a4,поне0сся
пониже,~ p a1 * n' i0 zh + y4,пони0же
понизил,~ p a1 * n' i0 z' + i4 + l,пони0зил
понимает,~ p a2 * n' i1 m + a0 / - i4 t,понима0ет
понимаете,~ p a2 * n' i1 m + a0 / j i4 t' i4,понима0ете
понимаешь,~ p a2 * n' i1 m + a0 / - i4 sh,понима0ешь
понимал,~ i1 p * a2 n' i1 + m + a0,понимал
пониманием,~ p a2 * n' i1 m + a0 n' i4 - / i4 m,понима0нием
понимания,~ p a2 * n' i1 m + a0 n' i4 j / a4,понима0ния
понимать,~ p a2 * n' i1 m + a0 / t',понима0ть
понимаю,~ - a2 * n' i1 m + a0 / j u4,понима0ю
понимают,~ p a2 * n' i1 m + a0 / j u4 d,понима0ют
понравились,~ p a1 * n r a0 v' + i4 + l' / i4 ^ s',понра0вились
понравилось,~ p a1 * n r a0 v' + i4 + l / a4 ^ s',понра0вилось
понравился,~ p a1 * n r a0 v' + i4 + l ^ s' a4,понра0вился
понравится,~ p a1 * n r a0 v' / i4 c ^ - a4,понра0вится
понял,~ p o0 * n' + a4 + l,по0нял
поняла,~ p a2 * n' i1 + l / a0,поняла0
понятия,~ p a1 * n' a0 + t' / i4 j a4,поня0тия
понятно,~ p a1 * n' a0 + t + n + a4,поня0тно
понять,~ p a1 * n' a0 / ch,поня0ть
пообещать,~ p a2 * a2 b' i1 sc + a0 / t',пообеща0ть
поодаль,~ p a1 ~ o0 * d a4 l',поо0даль
поп,* p o0 b,по0п
попадет,~ p a2 * p a1 d' / o0 t,попаде0т
попал,~ p a1 * p a0 + l,попа0л
попала,~ p a1 * p a0 + l / a4,попа0ла
попались,~ - a1 * p a0 + l' / i4 ^ s',попа0лись
попасть,~ p a1 * p a0 s' / t',попа0сть
попахивающий,~ p a1 * p a0 h' + i4 v a4 + j u4 sc / i4 j,попа0хивающий
попить,~ p a1 * p' i0 / t',попи0ть
поплавок,~ p a2 * p l a1 v + o0 k,поплаво0к
пополам,~ p a2 * p a1 l + a0 m,попола0м
поползет,~ p a2 * p a1 l z' / o0 t,поползе0т
пополневшую,~ p a2 * p a1 l n' + e0 + f sh / u4 j u4,пополне0вшую
попользоваться,~ p a1 * p o0 l' z + a4 v a4 ^ c a4,попо0льзоваться
поправился,~ p a1 * p r a0 v' + i4 + l ^ s' a4,попра0вился
поправить,~ p a1 * p r a0 v' + i4 / t',попра0вить
поправку,~ p a1 * p r a0 f + k / u4,попра0вку
поправляется,~ p a2 * p r a1 v l' + a0 / j i4 ^ c a4,поправля0ется
попробовать,~ p a1 * p r o0 b + a4 v + a4 / d',попро0бовать
попросил,~ a2 a2 * p r a1 s' + i0 + l,попросил
попросила,~ p a2 * p r a1 s' + i0 + l / a4,попроси0ла
попросить,~ p a2 * p r a1 s' + i0 / t',попроси0ть
попросту,~ p o0 * p r a4 s t + u4,по0просту
попрощаться,~ p a2 * p r a1 sc + a0 ^ c a4,попроща0ться
попытается,~ p a2 * p y1 t + a0 / j i4 ^ c a4,попыта0ется
попытаться,~ p a2 * p y1 t + a0 ^ c a4,попыта0ться
пор,* p o0 r,по0р
поражался,~ p a2 * r a1 zh + a0 + l ^ s' a4,поража0лся
поразило,~ p a2 * r a1 z' + i0 + l / a4,порази0ло
поразить,~ p a2 * r a1 z' + i0 / t',порази0ть
порастеряны,~ p a2 ~ r a1 s * t' e0 r' + i4 + n / y4,порасте0ряны
поречье,~ p a1 * r' e0 ch + j / i4,поре0чье
пороге,* p a1 r o0 g' / i4,поро0ге
породниться,~ p a2 * r a1 d + n' + i0 ^ c a4,породни0ться
породы,~ p a1 * r o0 d / y4,поро0ды
порой,* p a1 r / o0 j,поро0й
пороки,~ p a1 * r o0 k' / i4,поро0ки
порох,* p o0 r a4 h,по0рох
пороховницах,* p a2 r a2 h + a1 v + n' i0 c / a4 h,пороховни0цах
портативное,* p a2 r t a1 t' + i0 v n / a4 - i4,портати0вное
портит,* p o0 r t' / i4 t,по0ртит
портних,* p a1 r t + n' + i0 h,портни0х
портрет,* p a1 r t r' e0 t,портре0т
портрета,* p a1 r t r' e0 t / a4,портре0та
портрете,* p a1 r t r' e0 t' / i4,портре0те
портретов,* p a1 r t r' e0 t / a4 f,портре0тов
портреты,* p a1 r t r' e0 t / y4,портре0ты
портфеле,* p a1 r t f' e0 l' / i4,портфе0ле
портфелей,* p a1 r t f' e0 l' / i4 j,портфе0лей
портфелем,* p a1 r t f' e0 l' / i4 m,портфе0лем
портфели,* p a1 r t f' e0 l' / i4,портфе0ли
портфель,* p a1 r t f' e0 l',портфе0ль
портьеры,* p a1 r t' j e0 r / y4,портье0ры
пору,* p o0 r / u4,по0ру
порядке,~ p a1 * r' a0 t + k' / i4,поря0дке
порядку,~ p a1 * r' a0 t + k / u4,поря0дку
порядочного,~ p a1 * r' a0 d + a4 ch + n / a4 v a4,поря0дочного
посадка,~ p a1 * s a0 t + k / a4,поса0дка
посаженные,~ p a1 * s a0 zh + y4 n / y4 j i4,поса0женные
посвящать,~ p a2 * s v' i1 sc + a0 / d',посвяща0ть
поселившись,~ p a2 * s' i1 l' + i0 + f sh y4 ^ s',посели0вшись
поселились,~ p a2 * s' i1 l' + i0 + l' / i4 ^ s',посели0лись
поселка,~ p a1 * s' o0 l + k / a4,посе0лка
поселке,~ p a1 * s' o0 l + k' / i4,посе0лке
поселок,~ p a1 * s' o0 l + a4 k,посе0лок
посидел,~ p a2 * s' i1 d' + e0 + l,посиде0л
посильнее,~ p a2 * s' i1 l' + n' + e0 j i4,посильне0е
поскольку,~ p a1 * s k o0 l' k + u4,поско0льку
послал,~ p a1 * s l + a0 + l,посла0л
после,* o0 s l' i4 ch,по0сле
последнего,~ p a1 * s l' e0 d + n' / i4 v a4,после0днего
последнее,~ p a1 * s l' e0 d + n' / i4 j i4,после0днее
последней,~ p a1 * s l' e0 d + n' / i4 j,после0дней
последнем,~ p a1 * s l' e0 d + n' / i4 m,после0днем
последние,~ p a1 * s l' e0 d + n' / i4 - i4,после0дние
последний,~ p a1 * s l' e0 d + n' / i4 j,после0дний
последнюю,~ p a1 * s l' e0 d + n' / u4 j u4,после0днюю
последняя,~ p a1 * s l' e0 d + n' / i4 j a4,после0дняя
последовательности,~ p a1 * s l' e0 d + a4 v a4 + t' i4 l' n + a4 s' t' / i4,после0довательности
последствия,~ p a1 * s l' e0 + c t v' / i4 j a4,после0дствия
последующих,~ p a1 * s l' e0 d + u4 + j u4 sc / i4 h,после0дующих
послезавтра,* p a2 s l' = i1 * z a0 f t r + a4,послеза0втра
пословицы,~ p a1 * s l o0 v' + i4 c / y4,посло0вицы
послом,* p a1 s l / o0 m,посло0м
посмеивались,~ p a1 * s m' e0 + i4 v a4 + l' / i4 ^ s',посме0ивались
посмела,~ p a1 * s m' e0 + l / a4,посме0ла
посмотрев,~ p a2 * s m a1 t r' + e0 + f,посмотре0в
посмотрел,~ p a2 * s m a1 t r' + e0 + l,посмотре0л
посмотрела,~ p a2 * s m a1 t r' + e0 + l / a4,посмотре0ла
посмотрели,~ p a2 * s m a1 t r' + e0 + l' / i4,посмотре0ли
посмотреть,~ p a2 * s m a1 t r' + e0 / t',посмотре0ть
посоветоваться,~ p a2 ~ s a1 * v' e0 t + a4 v + a4 / ^ c a4,посове0товаться
поспевал,~ p a2 * s p' i1 + v + a0 + l,поспева0л
поспешно,~ p a1 * s p' e0 sh + n + a4,поспе0шно
поспешностью,~ p a1 * s p' e0 sh + n + a4 s' t' / j u4,поспе0шностью
поспешным,~ p a1 * s p' e0 sh + n / y4 m,поспе0шным
посредственный,~ p a1 * s r' e0 + c t v' + i4 n / y4 j,посре0дственный
поставил,~ p a1 * s t a0 v' / i4 / l,поста0вил
поставила,~ p a1 * s t a0 v' + i4 + l / a4,поста0вила
поставь,~ p a1 * s t a0 f',поста0вь
постарается,~ p a2 * s t a1 r + a0 / j i4 ^ c a4,постара0ется
постарайся,~ p a2 * s t a1 r + a0 j ^ s' a4,постара0йся
постараюсь,~ p a2 * s t a1 r + a0 / j u4 ^ s',постара0юсь
постели,* p a1 s t' e0 l' / i4,посте0ли
постель,~ p a1 * s' t' e0 l',посте0ль
постепенно,~ p a2 * s' t' i1 p' + e0 n - + a4,постепе0нно
постой,~ p a1 * s t o0 + j,посто0й
постороннего,~ p a2 * s t a1 r o0 n' / i4 v a4,посторо0ннего
постоял,~ p a2 * s t a1 + j a0 + l,постоя0л
постоянно,~ p a2 * s t a1 + j a0 + n + a4,постоя0нно
постоянному,~ p a2 * s t a1 + j a0 + n / a4 m u4,постоя0нному
постоянстве,~ p a2 * s t a1 + j a0 n s t v' / i4,постоя0нстве
построен,~ p a1 * s t r o0 + j i4 n,постро0ен
постукивает,~ p a1 * s t u0 k' + i4 v a4 + - i4 t,посту0кивает
поступает,~ p a2 * s t u1 p + a0 / j i4 c,поступа0ет
поступал,~ p a2 * s t u1 p + a0 + l,поступа0л
поступать,~ p a2 * s t u1 p + a0 / t',поступа0ть
поступке,~ p a1 * s t u0 p + k' / i4,посту0пке
постучал,~ p a2 * s t u1 ch + a0 + l,постуча0л
постучали,~ p a2 * s t u1 ch + a0 + l' / i4,постуча0ли
постучать,~ p a2 * s t u1 ch + a0 / t',постуча0ть
посуда,~ p a1 * s u0 d / a4,посу0да
посуде,* p a1 s u0 d' / i4,посу0де
посудой,* p a1 s u0 d / a4 j,посу0дой
посуды,~ p a1 * s u0 d / y4,посу0ды
посылает,~ p a2 * s y1 l + a0 / j i4 t,посыла0ет
посылают,~ p a2 * s y1 l + a0 / j u4 t,посыла0ют
посыпались,~ p a1 * s y0 p + a4 + l' + i4 ^ z',посы0пались
пот,* p o0 t,по0т
потверже,~ p a1 * t v' e0 r zh + y4,потве0рже
потеряем,~ p a2 * t' i1 r' + a0 / j i4 m,потеря0ем
потеряно,~ p a1 * t' e0 r' + a4 + n + a4,поте0ряно
потешали,~ p a2 * t' i1 sh + a0 + l' / i4,потеша0ли
потихоньку,~ p a2 * t' i1 h + o0 n' k + u4,потихо0ньку
потише,~ p a1 * t' i0 sh + y4,поти0ше
потом,* p a1 t o0 m,пото0м
поторапливал,~ p a2 * t a1 r a0 p l' + i4 v a4 + l,потора0пливал
потребность,~ p a1 * t r' e0 b + n + a4 - -,потре0бность
потребуется,~ p a1 * t r' e0 b + u4 / - i4 c ^ - a4,потре0буется
потрогал,~ p a1 * t r o0 g + a4 + l,потро0гал
потрясая,~ p a2 * t r' i1 s + a0 + j a4,потряса0я
похвалить,~ p a2 * h v a1 l' + i0 / t',похвали0ть
похвастался,~ p a1 * h v a0 s t + a4 + l ^ s' a4,похва0стался
похвастаться,~ p a1 * h v a0 s t + a4 ^ c a4,похва0статься
поход,~ p a1 * h o0 t,похо0д
походить,~ p a2 * h a1 d' + i0 / t',походи0ть
похож,~ p a1 * h o0 sh,похо0ж
похоже,~ p a1 * h o0 zh + y4,похо0же
похожий,~ p a1 * h o0 zh / y4 j,похо0жий
похожим,~ p a1 * h o0 zh / y4 m,похо0жим
похудела,~ p a2 * h u1 d' + e0 + l / a4,похуде0ла
похуже,~ p a1 * h u0 zh + y4,поху0же
поцеловал,~ p a2 * c y1 l + a1 v a0 + l,поцелова0л
почаще,~ p a1 * ch a0 sc + i4,поча0ще
почему-то,* h p a2 ch i1 m + u0 t,почему0-то
почерком,~ p o0 * ch i4 r k / a4 m,по0черком
почерневших,~ p a2 * ch i1 r n' + e0 + f sh / y4 h,почерне0вших
почерней,~ p a2 * ch i1 r n' / e0 j,почерне0й
почистил,~ p a1 * ch i0 s' t' + i4 + l,почи0стил
почтением,~ p a1 * ch t' + e0 n' i4 / j i4 m,почте0нием
почувствовал,~ a1 ch * u0 s t - a4 + v a4 l + k,почу0вствовал
почувствовала,~ p a1 * ch u0 s t v + a4 v a4 + l / a4,почу0вствовала
почувствовать,~ p a1 * ch u0 + s t - + a4 v + a4 / t',почу0вствовать
почуяв,~ p a1 * ch u0 + j i4 + f,почу0яв
почуял,~ p a1 * ch u0 + j i4 + l,почу0ял
пошел,~ p a1 * sh o0 + l,поше0л
пошло,~ p a1 * sh + l / o0,пошло0
пошутил,~ p a2 * sh u1 t' + i0 + l,пошути0л
пошутила,~ p a2 * sh u1 t' + i0 + l / a4,пошути0ла
пошутили,~ p a2 * sh u1 t' + i0 + l' / i4,пошути0ли
поэтому,* p a1 e0 t a4 m u4,поэ0тому
поют,* p a1 j / u0 t,пою0т
появилась,~ p a2 * a2 j i1 + v' + i0 / l ^ a4,появила0сь
появились,~ p a2 * - i1 v' + i0 + l' / i4 ^ s',появи0лись
появилось,~ p a2 * j i1 v' + i0 + l / a4 ^ s',появи0лось
появиться,~ p a2 * - i1 v' + i0 / c ^ a4,появи0ться
появляется,~ p a1 * j i1 v l' + a0 / j i4 c ^ - a4,появля0ется
появлялась,~ p a2 * - i1 v l' + a0 + l / a4 ^ s',появля0лась
появлялись,~ p a2 * j i1 v l' + a0 + l' / i4 ^ s',появля0лись
появляются,~ p a2 * j i1 v l' + a0 / j u4 ^ c a4,появля0ются
пояс,* p o0 j i4 s,по0яс
поясе,* p o0 - i4 s' / i4,по0ясе
пояснила,~ p a2 * j i1 s n' + i0 + l / a4,поясни0ла
прав,* p r a0 f,пра0в
права,* p r a0 v / a4,пра0ва
правда,* p r a0 v + d / a4,пра0вда
правде,* p r a0 v d' / i4,пра0вде
правду,* p r a0 v d / u4,пра0вду
правило,* p r a0 v' + i4 + l / a4,пра0вило
правильно,* p r a0 v' + i4 l' + n / a4,пра0вильно
право,* p r a0 v / a4,пра0во
правой,* p r a0 v / a4 j,пра0вой
правый,* p r a0 v / y4 j,пра0вый
праздник,* p r a0 z' n' i4 k,пра0здник
праздникам,* p r a0 z' n' i4 k / a4 m,пра0здникам
праздничным,* p r a0 z' n' i4 ch + n / y4 m,пра0здничным
превратилась,~ p r' i1 * v r a1 t' + i0 + l / a4 ^ s',преврати0лась
превышают,~ p r' i1 * v y1 sh + a0 / j u4 t,превыша0ют
преграда,~ p r' i1 * g r a0 d / a4,прегра0да
предал,~ p r' e0 * d a4 + l,пре0дал
преданность,~ p r' e0 * d a4 + n + a4 s' t',пре0данность
предвидеть,~ p r' i1 d * v' i0 d' + i4 / t',предви0деть
предел,~ p r' i1 * d' e0,преде0л
предлагает,~ p r' i1 d * l a1 g + a0 / - i4 t,предлага0ет
предлагал,~ p r' i1 d * l a1 g + a0 + l,предлага0л
предлагали,~ p r' i1 d * l a1 g + a0 + l' / i4,предлага0ли
предлагаю,~ p r' i1 d * l a1 g + a0 / j u4,предлага0ю
предлогом,~ p r' i1 d * l o0 g / a4 m,предло0гом
предложат,~ p r' i1 d * l o0 zh + a4 / t,предло0жат
предложении,~ p r' i1 d * l a1 zh + e0 n' i4 / i4,предложе0нии
предложениями,~ p r' i1 d * l a1 zh + e0 n' i4 j / i4 m' i4,предложе0ниями
предложила,~ p r' i1 d * l a1 zh + y0 + l / a4,предложи0ла
предметом,* p r' i1 d m' e0 t / a4 m,предме0том
предотвратить,~ p r' i1 d ~ a2 t * v r a1 t' + i0 / t',предотврати0ть
предполагал,~ p r' i1 t ~ p a2 * l a1 g + a0 + l,предполага0л
предполагаю,~ p r' i1 t ~ p a2 * l a1 g + a0 / j u4,предполага0ю
предположение,~ p r' i1 t ~ p a2 * l a1 zh + e0 n' i4 j / i4,предположе0ние
предпочитают,~ p r' i1 t ~ p a2 * ch i1 t + a0 / j u4 d,предпочита0ют
представить,~ p r' i1 * c t a0 + v' + i4 / d',предста0вить
представляете,~ p r' i1 * c t a1 v l' + a0 / - i4 t' i4,представля0ете
представлял,~ p r' i1 * c t a1 v l' + a0 + l,представля0л
представляю,~ p r' i1 * c t a1 v l' + a0 / j u4,представля0ю
представь,~ p r' i1 * c t a0 f',предста0вь
предупреждал,~ p r' i1 d ~ u1 * p r' i1 zh d + a0 + l,предупрежда0л
прежде,* p r' e0 zh d' + i4,пре0жде
прежнем,* p r' e0 zh n' / i4 m,пре0жнем
прежняя,* p r' e0 zh n' / i4 j a4,пре0жняя
презирала,~ p r' i1 * z' i1 r + a0 + l / a4,презира0ла
презирать,~ p r' i1 * z' i1 r + a0 + t',презира0ть
презрение,~ p r' i1 * z r' + e0 + n' i4 / i4,презре0ние
презрения,~ p r' i1 * z r' + e0 + n' i4 j / a4,презре0ния
прекрасна,~ p r' i1 * k r a0 s + n / a4,прекра0сна
прекрасная,~ p r' i1 * k r a0 s + n / a4 j a4,прекра0сная
прекрасно,~ p r' i1 * k r a0 s + n + a4,прекра0сно
прекрасного,~ p r' i1 * k r a0 s + n / a4 v a4,прекра0сного
прекрасное,~ p r' i1 * k r a0 s + n / a4 j i4,прекра0сное
прекрасный,~ p r' i1 * k r a0 s + n / y4 -,прекра0сный
прекратили,~ p r' i1 * k r a1 t' + i0 + l' / i4,прекрати0ли
прекращать,~ p r' i1 * k r a1 sc + a0 / t',прекраща0ть
прекращая,~ p r' i1 * k r a1 sc + a0 + j a4,прекраща0я
преодолевая,~ p r' i1 ~ a2 * d a2 l' + i1 v + a0 + j a4,преодолева0я
преодолеть,~ p r' i1 ~ a2 * d a1 l' + e0 / t',преодоле0ть
препирательства,~ p r' i1 * p' i1 r + a0 + t' i4 l' + s t v / a4,препира0тельства
прервал,~ p r' i1 * r v + a0 + l,прерва0л
прерывал,~ p r' i1 * r y1 v + a0 + l,прерыва0л
пресекала,~ p r' i1 * s' i1 k + a0 + l / a4,пресека0ла
претендовать,* p r' i1 t' i1 n d + a1 v a0 / t',претендова0ть
преувеличенное,~ p r' i1 ~ u1 * v' i1 l' i0 ch + i4 n / a4 j i4,преувели0ченное
преувеличивают,~ p r' i1 ~ u1 * v' i1 l' i0 ch + i4 v a4 / j u4 t,преувели0чивают
преферансу,* p r' i1 f' i1 r a0 n s / u4,префера0нсу
прибежал,~ p r' i1 * b' i1 zh + a0 + l,прибежа0л
прибежим,~ p r' i1 * b' i1 zh / y0 m,прибежи0м
прибывали,~ p r' i1 * b y1 v a0 + l' / i4,прибыва0ли
привез,~ p r' i1 * v' o0 s,приве0з
привет,~ p r' i1 * v' e0 d,приве0т
приветлив,~ p r' i1 * v' e0 t + l' i4 f,приве0тлив
приветливый,~ p r' i1 * v' e0 t + l' i4 v / y4 j,приве0тливый
приветственно,~ p r' i1 * v' e0 + c t v' + i4 n - + a4,приве0тственно
привык,~ p r' i1 * v y0 g,привы0к
привыкли,~ p r' i1 * v y0 k + l' / i4,привы0кли
привыкнуть,~ p r' i1 * v y0 k + n u4 / t',привы0кнуть
привычка,~ p r' i1 * v y0 ch + k / a4,привы0чка
привычке,~ p r' i1 * v y0 ch + k' / i4,привы0чке
привычку,~ p r' i1 * v y0 ch + k / u4,привы0чку
привычно,~ p r' i1 * v y0 ch + n + a4,привы0чно
привычного,~ p r' i1 * v y0 ch + n / a4 v a4,привы0чного
привычным,~ p r' i1 * v y0 ch + n / y4 m,привы0чным
пригласил,~ p r' i1 * g l a1 s' + i0 + l,пригласи0л
пригласит,~ p r' i1 * g l a1 s' / i0 t,пригласи0т
пригласить,~ p r' i1 * g l a1 s' + i0 / d',пригласи0ть
приглашаемыми,~ p r' i1 * g l a1 sh + a0 + j i4 m / y4 m' i4,приглаша0емыми
приглашала,~ p r' i1 * g l a1 sh + a0 + l / a4,приглаша0ла
приглашали,~ p r' i1 * g l a1 sh + a0 + l' / i4,приглаша0ли
приглашать,~ p r' i1 * g l a1 sh + a0 / t',приглаша0ть
приглашают,~ p r' i1 * g l a1 sh + a0 / j u4 t,приглаша0ют
приглашение,~ p r' i1 * g l a1 sh + e0 n' i4 - / i4,приглаше0ние
приглашением,~ p r' i1 * g l a1 sh + e0 n' i4 j / i4 m,приглаше0нием
приглядываться,~ p r' i1 * g l' a0 d + y4 v a4 ^ c a4,пригля0дываться
приговаривать,~ p r' i1 * g a1 v a0 r' + i4 v a4 / d',пригова0ривать
пригодится,~ p r' i1 * g a1 d' + i0 ^ c a4,пригоди0тся
приготовить,~ p r' i1 * g a1 t o0 v' + i4 / t',пригото0вить
придавали,~ p r' i1 * d a1 v + a0 + l' / i4,придава0ли
придает,~ p r' i1 * d a1 / j o0 t,придае0т
придают,~ p r' i1 * d a1 / j u0 t,придаю0т
придвинулась,~ p r' i1 * d v' i0 + n u4 + l / a4 ^ s',придви0нулась
придерживая,~ p r' i1 * d' e0 r zh + y4 v a4 + j a4,приде0рживая
придет,~ p r' i1 * d' / o0 t,приде0т
придете,~ p r' i1 * d' / o0 t' i4,приде0те
придется,~ p r' i1 * d' / o0 c ^ - a4,приде0тся
придумаешь,~ p r' i1 * d u0 m + a4 / - i4 sh,приду0маешь
придумал,~ p r' i1 * d u0 m + a4 + l,приду0мал
придумывает,~ p r' i1 * d u0 m + y4 v a4 / j e4 t,приду0мывает
приедет,~ p r' i1 * j e0 d' / i4 t,прие0дет
приедут,~ p r' i1 * j e0 d / u4 t,прие0дут
приезде,~ p r' i1 * j e0 z' d' / i4,прие0зде
приезжал,~ p r' i1 * j i1 zh + a0 + l,приезжа0л
приезжать,~ p r' i1 * j i1 zh + a0 / t',приезжа0ть
приемник,~ p r' i1 * j o0 m + n' i4 k,прие0мник
приемника,~ p r' i1 * j o0 m + n' i4 k / a4,прие0мника
приехавшие,~ p r' i1 * j e0 h + a4 + f sh / y4 j i4,прие0хавшие
приехал,~ p r' i1 * j e0 h + a4 + l,прие0хал
приехала,~ p r' i1 * j e0 h + a4 + l / a4,прие0хала
приехали,~ p r' i1 * j e0 h + a4 + l' / i4,прие0хали
приехать,~ p r' i1 * j e0 h + a4 / t',прие0хать
прижавшись,~ p r' i1 * zh + a0 + f sh + y4 ^ z',прижа0вшись
прижал,~ p r' i1 * zh a0 + l,прижа0л
прижалась,~ p r' i1 * zh a0 + l / a4 ^ s',прижа0лась
прижался,~ p r' i1 * zh + a0 + l ^ s' a4,прижа0лся
призадумался,~ p r' i1 ~ z a1 * d u0 m + a4 + l ^ s' a4,призаду0мался
призвание,~ p r' i1 * z v + a0 + n' i4 j / i4,призва0ние
признавался,~ p r' i1 * z n a1 + v a0 + l ^ s' a4,признава0лся
признается,~ p r' i1 * z n a1 / j o0 ^ c a4,признае0тся
признание,~ p r' i1 * z n a0 + n' i4 - / i4,призна0ние
призовите,~ p r' i1 * z a1 v' + i0 t' -,призови0те
призывала,~ p r' i1 * z y1 v + a0 + l / a4,призыва0ла
приказала,~ p r' i1 * k a1 z + a0 + l / a4,приказа0ла
прикатил,~ p r' i1 * k a1 t' + i0 + l,прикати0л
прикладывает,~ p r' i1 * k l a0 d + y4 v a4 / - i4 t,прикла0дывает
прикосновениями,~ p r' i1 * k a2 s + n + a1 v' + e0 n' i4 / - i4 m' i4,прикоснове0ниями
прикрыв,~ p r' i1 * k r y0 + v,прикры0в
прилежный,~ p r' i1 * l' e0 zh + n / y4 j,приле0жный
прилива,~ p r' i1 * l' i0 v / a4,прили0ва
приличия,~ p r' i1 * l' i0 ch + i4 j / a4,прили0чия
применявшуюся,~ p r' i1 * m' i1 n' + a0 + f sh / u4 j u4 ^ s' a4,применя0вшуюся
примерно,~ p r' i1 * m' e0 r + n + a4,приме0рно
примеру,~ p r' i1 * m' e0 r / u4,приме0ру
примирению,~ p r' i1 * m' i1 r' + e0 n' i4 j / u4,примире0нию
примириться,~ p r' i1 * m' i1 r' + i0 ^ c a4,примири0ться
принадлежала,~ p r' i1 ~ n a2 d * l' i1 zh + a0 + l / a4,принадлежа0ла
принадлежат,~ p r' i1 ~ n a2 d * l' i1 zh / a0 d,принадлежа0т
принадлежит,~ p r' i1 ~ n a2 d * l' i1 zh / y0 d,принадлежи0т
принадлежность,~ p r' i1 ~ n a1 d * l' e0 zh + n + a4 s' t',принадле0жность
принадлежностью,~ p r' i1 ~ n a1 d * l' e0 zh + n + a4 s' t' / j u4,принадле0жностью
принес,~ p r' i1 * n' o0 s,прине0с
принесет,~ p r' i1 * n' i1 s' / o0 d,принесе0т
принимает,~ p r' i1 * n' i1 m + a0 / j i4 t,принима0ет
принимала,~ p r' i1 * n' i1 m + a0 + l / a4,принима0ла
принимали,~ p r' i1 * n' i1 m + a0 + l' / i4,принима0ли
принимать,~ p r' i1 * n' i1 m + a0 / t',принима0ть
приносит,~ p r' i1 * n o0 s' / i4 d,прино0сит
приносят,~ p r' i1 * n o0 s' / a4 t,прино0сят
принял,~ p r' i0 * n' i4 + l,при0нял
принято,~ p r' i0 * n' i4 t + a4,при0нято
принять,~ p r' i1 * n' a0 / d',приня0ть
приобщился,~ p r' i1 * a1 p sc + i0 + l ^ s' a4,приобщи0лся
припадком,~ p r' i1 * p a0 t + k / a4 m,припа0дком
присаживалась,~ p r' i1 * s a0 zh + y4 v a4 + l / a4 ^ s',приса0живалась
присела,~ p r' i1 * s' e0 + l / a4,присе0ла
прислушались,~ p r' i1 * s l u0 sh + a4 + l' / i4 ^ s',прислу0шались
прислушивалась,~ p r' i1 * s l u0 sh + y4 v a4 + l / a4 ^ s',прислу0шивалась
прислушивались,~ p r' i1 * s l u0 sh + y4 v a4 + l' / i4 ^ s',прислу0шивались
присматриваться,~ p r' i1 * s m a0 t r' + i4 v a4 ^ c a4,присма0триваться
присмотритесь,~ p r' i1 * s m a1 t r' + i0 t' i4 ^ s',присмотри0тесь
пристает,~ p r' i1 * s t a1 / j o0 t,пристае0т
пристально,* p r' i0 s t a4 l' n + a4,при0стально
приступы,~ p r' i0 * s t u4 p / y4,при0ступы
присутствии,~ p r' i1 * s u0 + c t v' / i4 i4,прису0тствии
притаясь,~ p r' i1 * t a1 + j a0 ^ s',притая0сь
притихли,~ p r' i1 * t' i0 h + l' / i4,прити0хли
притянул,~ p r' i1 * t' i1 + n u0 + l,притяну0л
прихватывали,~ p r' i1 * h v a0 t + y4 v a4 + l' / i4,прихва0тывали
приходил,~ p r' i1 * h a1 d' + i0 + l,приходи0л
приходила,~ p r' i1 * h a1 d' + i0 + l / a4,приходи0ла
приходили,~ p r' i1 * h a1 d' + i0 + l' / i4,приходи0ли
приходило,~ p r' i1 * h a1 d' + i0 + l / a4,приходи0ло
приходилось,~ p r' i1 * h a1 d' + i0 + l / a4 ^ s',приходи0лось
приходит,~ p r' i1 * h o0 d' / i4 d,прихо0дит
приходите,~ p r' i1 * h a1 d' + i0 t' i4,приходи0те
приходится,~ p r' i1 * h o0 d' / i4 ^ c a4,прихо0дится
приходом,~ p r' i1 * h o0 d / a4 m,прихо0дом
приходят,~ p r' i1 * h o0 d' / i4 t,прихо0дят
причалом,~ p r' i1 * ch a0 l / a4 m,прича0лом
причесанная,~ p r' i1 * ch o0 s + a4 n / a4 j a4,приче0санная
причин,* p r' i1 ch i0 n,причи0н
причина,~ p r' i1 * ch i0 n / a4,причи0на
причинило,* p r' i1 ch i1 n' + i0 + l / a4,причини0ло
причину,~ p r' i1 * ch i0 n / u4,причи0ну
причины,* p r' i1 ch i0 n / y4,причи0ны
пришел,~ p r' i1 * sh + o0 + l,прише0л
пришлось,~ p r' i1 * sh + l / o0 ^ s',пришло0сь
приятелей,* p r' i1 j a0 t' i4 l' / i4 j,прия0телей
приятелем,* p r' i1 j a0 t' i4 l' / i4 m,прия0телем
приятели,* p r' i1 j a0 t' i4 l' / i4,прия0тели
приятель,* p r' i1 j a0 t' i4 l',прия0тель
приятельницы,* p r' i1 j a0 + t' i4 l' + n' i4 c / y4,прия0тельницы
приятеля,* p r' i1 j a0 + t' i4 l' / a4,прия0теля
приятнее,* p r' i1 j a0 t n' + i4 j i4,прия0тнее
приятно,* p r' i1 j a0 t + n + a4,прия0тно
приятное,* p r' i1 j a0 t n / a4 - i4,прия0тное
приятной,* p r' i1 j a0 t / n a4 j,прия0тной
пробираясь,~ p r a2 * b' i1 r + a0 + - i4 ^ s',пробира0ясь
проваливался,~ p r a1 * v a0 l' + i4 v a4 + l ^ s' a4,прова0ливался
провалилось,~ p r a2 * v a1 l' + i0 + l / a4 ^ s',провали0лось
проведать,~ p r a1 * v' e0 d + a4 / t',прове0дать
провел,~ p r a1 * v' o0 + l,прове0л
проверить,~ p r a1 * v' e0 r' + i4 / t',прове0рить
проверки,~ p r a1 * v' e0 r + k' / i4,прове0рки
провернуть,~ p r a2 * v' i1 r + n u0 / t',проверну0ть
проверять,~ p r a2 * v' i1 r' + a0 / t',проверя0ть
проверяя,~ p r a2 * v' i1 r' + a0 + j a4,проверя0я
провинциальные,* p r a2 v' i1 n c y1 + a0 l' + n / y4 j i4,провинциа0льные
провис,~ p r a1 * v' i0 s,прови0с
провода,~ p r o0 * v a4 d / a4,про0вода
проводил,~ p r a2 * v a1 d' + i0 + l,проводи0л
проводить,~ p r a2 * v a1 d' + i0 / t,проводи0ть
проводов,~ p r a2 * v a1 d / o0 f,проводо0в
провожаете,~ p r a2 * v a1 zh + a0 / j i4 t' i4,провожа0ете
провожать,~ p r a2 * v a1 zh + a0 / d',провожа0ть
провожают,~ p r a2 * v a1 zh + a0 / j u4 t,провожа0ют
проворачивать,~ p r a2 * v a1 r a0 ch + i4 v a4 / t',провора0чивать
проглотила,~ p r a2 * g l a1 t' + i0 + l / a4,проглоти0ла
прогнило,~ p r a1 * g n' + i0 + l / a4,прогни0ло
проговорил,~ p r a2 * g a2 v a1 r' + i0 + l,проговори0л
программу,* p r a1 g r a0 m / u4,програ0мму
прогулки,~ p r a1 * g u0 l + k' / i4,прогу0лки
прогулку,~ p r a1 * g u0 l + k / u4,прогу0лку
продавать,~ p r a2 * d a1 + v a0 / t',продава0ть
продал,~ p r o0 * d a4 + l,про0дал
продали,~ p r o0 * d a4 + l' / i4,про0дали
продать,~ p r a1 * d a0 / t',прода0ть
продлевается,~ p r a2 * d l' + i1 v a0 / j i4 ^ c a4,продлева0ется
продлил,~ p r a1 * d l' + i0 + l,продли0л
продолжал,~ p r a2 * d a1 l zh + a0 + l,продолжа0л
продолжала,~ p r a2 * d a1 l zh + a0 + l / a4,продолжа0ла
продолжали,~ p r a2 * d a1 l zh + a0 + l' / i4,продолжа0ли
продолжались,~ p r a2 * d a1 l zh + a0 + l' / i4 ^ s',продолжа0лись
продолжало,~ p r a2 * d a1 l zh + a0 + l / a4,продолжа0ло
продолжалось,~ p r a2 * d a1 l zh + a0 + l / a4 ^ s',продолжа0лось
продолжают,~ p r a2 * d a1 l zh + a0 / j u4 d,продолжа0ют
продолжая,~ p r a2 * d a1 l zh + a0 + j a4,продолжа0я
продуктами,* p r a1 d u0 k t / a4 m' i4,проду0ктами
продумал,~ p r a1 * d u0 m + a4 + l,проду0мал
продумать,~ p r a1 * d u0 m + a4 / t',проду0мать
проехали,~ p r a1 * j e0 h + a4 + l' / i4,прое0хали
прожились,~ p r a1 * zh y0 + l' / i4 ^ z',прожи0лись
прожить,~ p r a1 * zh + y0 / t',прожи0ть
прозвище,~ p r o0 * z v' + i4 sc / i4,про0звище
прозвищем,~ p r o0 * z v' + i4 sc / i4 m,про0звищем
прозорлива,~ p r a2 * z a1 r + l' i0 v / a4,прозорли0ва
произведений,~ p r a2 ~ i1 z * v' i1 d' + e0 n' i4 j,произведе0ний
произведет,~ p r a2 ~ i1 z * v' i1 d' / o0 t,произведе0т
производит,~ p r a2 ~ i1 z * v o0 d' / i4 t,произво0дит
производства,~ p r a2 ~ i1 z * v o0 + c t v / a4,произво0дства
произвол,~ p r a2 ~ i1 z * v o0 l,произво0л
произнес,~ p r a2 ~ i1 z * n' o0 s,произне0с
произносит,~ p r a2 ~ i1 z * n a1 s' / i0 l,произноси0т
произношение,~ p r a2 ~ i1 z * n a1 sh + e0 n' i4 - / -,произноше0ние
произошел,~ p r a2 ~ i1 z a1 * sh + o0 + l,произоше0л
произошло,~ r a2 i1 ~ z a1 sh * l + o0 / t',произошло0
произрастает,~ p r a2 ~ i1 z * r a1 s t + a0 / j i4 t,произраста0ет
происходили,~ p r a2 ~ i1 s * h a1 d' + i0 + l' / i4,происходи0ли
происходит,~ p r a2 ~ i1 s * h o0 d' / i4 d,происхо0дит
пройдет,~ p r a1 * i1 d' / o0 t,пройдет
проймет,~ p r a1 * j m' / o0 t,пройме0т
проклинать,~ p r a2 * k l' i1 n + a0 / t',проклина0ть
прокричал,~ p r a2 * k r' i1 ch + a0 + l,прокрича0л
пролежала,~ p r a2 * l' i1 zh + a0 + l / a4,пролежа0ла
промасленными,~ p r a1 * m a0 s l' + i4 n / n y4 m',прома0сленными
промахнулись,~ p r a2 * m a1 h + n u0 + l' / i4 ^ s',промахну0лись
промахов,~ p r o0 * m a4 h\a4 f,про0махов
промежутками,~ p r a2 * m' i1 zh + u0 t k / a4 m' i4,промежу0тками
промолчал,~ p r a2 * m a1 l ch + a0 + l,промолча0л
промолчали,~ p r a2 * m a1 l ch + a0 + l' / i4,промолча0ли
промчатся,~ p r a1 * m ch + a0 ^ c a4,промча0тся
промямлил,~ p r a1 * m' a0 m l' + i4 + l,промя0млил
пронеслось,~ p r a2 * n' i1 s + l / o0 ^ s',пронесло0сь
проник,~ p r a1 * n' i0 k,прони0к
проникновенной,~ p r a2 * n' i1 k + n + a1 v' + e0 n - / a4 j,проникнове0нной
проникновенность,~ p r a2 * n' i1 k + n + a1 v' + e0 n - + a4 s' t',проникнове0нность
проникся,~ p r a1 * n' i0 k ^ s' a4,прони0кся
пропавшего,~ p r a1 * p a0 + f sh / y4 v a4,пропа0вшего
пропал,~ p r a1 * p a0 + l,пропа0л
пропала,~ p r a1 * p + a0 / l,пропа0ла
пропел,~ p r a1 * p' e0 + l,пропе0л
прописали,~ p r a2 * p' i1 s + a0 + l' / i4,прописа0ли
проплешиной,~ p r a1 * p l' e0 sh + y4 n / a4 j,пропле0шиной
пропоет,~ p r a2 * p a1 / j o0 t,пропое0т
пропускаю,~ p r a2 * p u1 s k + a0 / j u4,пропуска0ю
пропустил,~ p r a2 * p u1 s' t' + i0 + l,пропусти0л
пропустила,~ p r a2 * p u1 s' t' + i0 + l / a4,пропусти0ла
прорвалось,~ p r a2 * r v + a1 + l / o0 ^ s',прорвало0сь
прорезалась,~ p r a1 * r' e0 z + a4 + l / a4 ^ s',проре0залась
прорубил,~ p r a2 * r u1 b' + i0 + l,проруби0л
прорубить,~ p r a2 * r u1 b' + i0 / t',проруби0ть
просеке,~ p r o0 * s' i4 k' / i4,про0секе
просидел,~ p r a2 * s' i1 d' + e0 + l,просиде0л
просидели,~ p r a2 * s' i1 d' + e0 + l' / i4,просиде0ли
просил,* p r a1 s' + i0 + l,проси0л
просила,* p r a1 s' + i0 + l / a4,проси0ла
просили,* p r a1 s' + i0 + l' / i4,проси0ли
просит,* p r o0 s' / i4 t,про0сит
просить,* p r a1 s' + i0 / t',проси0ть
проскальзывал,~ p r a1 * s k a0 l' z + y4 v a4 + l,проска0льзывал
проспект,* p r a1 s p' e0 k t,проспе0кт
простая,* p r a1 s t / a0 j a4,проста0я
простил,* p r a1 s' t' + i0 + l,прости0л
простила,* p r a1 s' t' + i0 + l / a4,прости0ла
простите,* p r a1 s' t' + i0 + t' i4,прости0те
простить,* p r a1 s' t' + i0 / t',прости0ть
просто,* j r o0 s t + a4,про0сто
просто-,* p r o0 s t + a4,про0сто-
простодушна,* p r a2 s t = a1 * d u0 sh + n / a4,простоду0шна
простой,* p r a1 s t / o0 j,просто0й
простор,* p r a1 s t o0 r,просто0р
просторной,* p r a1 s t o0 r + n / a4 j,просто0рной
просторным,* p r a1 s t o0 r + n / y4 m,просто0рным
простую,* p r a1 s t / u0 j u4,просту0ю
простым,* p r a1 s t / y0 m,просты0м
простыню,* p r a2 s t y1 n' / u0,простыню0
простых,* p r a1 s t / y0 h,просты0х
просыпался,~ p r a2 * s y1 p + a0 + l ^ s a4,просыпа0лся
просьба,* p r o0 z' + b / a4,про0сьба
просьбу,* p r o0 z' + b / u4,про0сьбу
просьбы,* p r o0 z' + b / y4,про0сьбы
просяной,* p r a2 s' + i1 n / o0 j,просяно0й
протекала,~ p r a2 * t' i1 k + a0 + l / a4,протека0ла
протестовать,* - r a2 t' i1 s t + a1 v a0 / t',протестова0ть
против,* i4 l p r o0 t',проти0в
противные,* p r a1 t' i0 v + n / y4 j -,проти0вные
противный,* p r a1 t' i0 v + n / y4 j,проти0вный
противных,* p r a1 t' i0 v + n / y4 h,проти0вных
противоположного,* p r a2 t' i1 v = a2 ~ p a1 * l o0 zh + n / a4 v a4,противополо0жного
противоположном,* p r a2 t' i1 v = a2 ~ p a1 * l o0 zh + n / a4 m,противополо0жном
протяжно,~ p r a1 * t' a0 zh + n + a4,протя0жно
протянутой,~ p r a1 * t' a0 + n u4 + t / a4 j,протя0нутой
профессией,* p r a1 f' e0 s' / i4 i4,профе0ссией
профессии,* p r a1 f' e0 s' i4 / i4,профе0ссии
профессия,* p r a1 f' e0 s' i4 j / a4,профе0ссия
профессор,* p r a1 f' e0 s - a4 r,профе0ссор
профессора,* p r a1 f' e0 s a4 r / a4,профе0ссора
профкоме,* p r a1 f * k o0 m' / i4,профко0ме
профсоюзной,* p r a2 f * s a1 j u0 z + n / a4 j,профсою0зной
прохладно,~ p r a1 h * l a0 d + n + a4,прохла0дно
прохладной,~ p r * a1 h l a0 + d / n a4,прохла0дной
прохладные,~ p r a1 * h l a0 d + n / y4 - i4,прохла0дные
проходит,~ p r a1 * h o0 d' / i4 d,прохо0дит
проходной,~ p r a2 * h a1 d + n / o0 j,проходно0й
проходную,~ p r a2 * h a1 d + n / u0 j u4,проходну0ю
проходят,~ p r a1 * h o0 d' / i4 d,прохо0дят
прохожих,~ p r a1 * h o0 zh / y4 h,прохо0жих
процветал,~ p r a2 * c v' i1 t + a0 + l,процвета0л
процесс,* p r a1 c e0 s -,проце0сс
прочего,* p r o0 ch / i4 v a4,про0чего
прочим,* p r o0 ch / i4 m,про0чим
прочитал,~ p r a2 * ch i1 t + a0 + l,прочита0л
прочитать,~ p r a2 * ch i1 t + a0 / t',прочита0ть
прочной,* p r o0 ch + n / a4 j,про0чной
прочным,* p r o0 ch + n / y4 m,про0чным
прочь,* p r o0 ch,про0чь
прошел,~ p r a1 * sh o0 + l,проше0л
прошептал,~ p r a2 * sh y1 p t + a0 + l,прошепта0л
прошлое,~ p r o0 * sh + l / a4 j i4,про0шлое
прошлом,~ p r o0 * sh + l / a4 m,про0шлом
прошлый,~ p r o0 * sh + l / y4 j,про0шлый
прощаешь,* p r a1 sc + a0 / j i4 sh,проща0ешь
прощалось,* p r a1 sc + a0 + l / a4 ^ s',проща0лось
прощание,* p r a1 sc + a0 n' i4 j / i4,проща0ние
прощания,* p r a1 sc + a0 + n' i4 j / a4,проща0ния
прощать,* p r a1 sc + a0 / t',проща0ть
прощение,* p r a1 sc + e0 n' i4 - / i4,проще0ние
прощения,* p r a1 sc + e0 n' i4 - / -,проще0ния
проявлял,~ p r a1 * - i1 v + l' + a0 + l,проявля0л
проявляла,~ p r a2 * - i1 v + l' + a0 + l / a4,проявля0ла
проявлять,~ p r a1 * j i1 v + l' + a0 / t',проявля0ть
проявляют,~ p r a2 * - i1 v + l' + a0 / j u4 c,проявля0ют
прутьев,* p r u0 t' / j i4 f,пру0тьев
прыжками,* p r y1 sh + k / a0 m' i4,прыжка0ми
прямая,* p r' i1 m / a0 j a4,пряма0я
прямо,* p r' a0 m + a4,пря0мо
прямо-таки,* p r' a0 m + a4 + t a4 k' i4,пря0мо-таки
прямолинейно,* p r' i1 m = a2 * l' i1 n' + e0 j + n + a4,прямолине0йно
прямому,* p r' i1 m / o0 m u4,прямо0му
пряталась,* p r' a0 t + a4 + l / a4 ^ s',пря0талась
психолог,* p s' i1 h o0 l a4 k,психо0лог
психотерапия,* p s' i0 h = a2 * t' i1 r a1 p' i0 / j a4,пси0хотерапия
публика,* p u0 b l' i4 k / a4,пу0блика
пугайся,* p u1 g + a0 + j ^ s' a4,пуга0йся
пузырьком,* p u1 z y1 r' + k / o0 m,пузырько0м
пупырышках,* p u1 p y0 r + y4 sh k / a4 h,пупы0рышках
пускай,* p u1 s k + a0 + j,пуска0й
пускался,* p u1 s k + a0 + l ^ s' a4,пуска0лся
пустить,* p u1 s' t' + i0 / t',пусти0ть
пустовала,* p u1 s t + a1 v a0 + l / a4,пустова0ла
пустое,* p u1 s t / o0 j i4,пусто0е
пустом,* p u1 s t / o0 m,пусто0м
пустому,* p u1 s t / o0 m u4,пусто0му
пустых,* p u1 s t / y0 h,пусты0х
пусть,* p u0 s' t',пу0сть
пустякам,* p u1 s' t' + i1 k / a0 m,пустяка0м
путает,* p u0 t + a4 / - i4 t,пу0тает
путаницы,* p u0 t + a4 n' + i4 c / y4,пу0таницы
путевки,* p u1 t' + o0 f + k' / -,путе0вки
путей,* p u1 t' / e0 j,путе0й
путейцем,* p u1 t' + e0 j c / y4 m,путе0йцем
путного,* p u0 t + n / a4 v a4,пу0тного
путь,* p u0 t',пу0ть
путям,* p u1 t' / a0 m,путя0м
путями,* p u1 t' / a0 m' i4,путя0ми
пучком,* p u1 ch + k / o0 m,пучко0м
пушкина,* p u0 sh k' + i4 n / a4,пу0шкина
пыль,* p y0 l',пы0ль
пыльный,* p y0 l' + n / y4 j,пы0льный
пытается,* p y1 t + a0 / j i4 ^ c a4,пыта0ется
пытался,* p y1 t + a0 + l ^ s' a4,пыта0лся
пьем,* p' / j o0 m,пье0м
пьесами,* p' j e0 s / a4 m' i4,пье0сами
пьесах,* p' j e0 s / a4 h,пье0сах
пьесу,* p' j e0 s / u4,пье0су
пьесы,* p' j e0 s / y4,пье0сы
пьют,* p' / j u0 ch,пью0т
пьянела,* p' j + i1 n' + e0 + l / a4,пьяне0ла
пьянчужка,* p' + j i1 n' + ch u0 sh + k / a4,пьянчу0жка
пятак,* p' i1 t + a0 k,пята0к
пятиалтынный,* p' i1 t' = i1 * a1 l t y0 n + - / y4 -,пятиалты0нный
пятиклассник,* p' i1 j = t' * i1 k l a0 + s' n' i4,пятикла0ссник
пятиклассники,* p' i1 t' = i1 * k l a0 s' + n' i4 k' / i4,пятикла0ссники
пятиминутки,* p' i1 t' = i1 * m' i1 n u0 t + k' / i4,пятимину0тки
пятиэтажных,* p' i1 t' = i1 * i1 t a0 zh + n / y4 h,пятиэта0жных
пятнадцать,* p' i1 t + n a0 c a4 t',пятна0дцать
пятнами,* p' a0 t n / a4 m' i4,пя0тнами
пятница,* p' a0 t + n' + i4 c / a4,пя0тница
пятого,* p' a0 t / a4 v a4,пя0того
пятой,* p' a0 t / a4 j,пя0той
пятом,* p' a0 t / a4 m,пя0том
пять,* p a0 t',пя0ть
пятьдесят,* p' i1 * d' i1 s' a0 c,пятьдеся0т
пятьсот,* p' i1 * c o0 t,пятьсо0т
пятясь,* p' a0 t' + a4 ^ s',пя0тясь
работает,* r a1 b + o0 t + - / j i4 d,рабо0тает
работал,* r a1 b + o0 t + a4 + l,рабо0тал
работала,* r a1 b + o0 t + a4 + l / a4,рабо0тала
работать,* r a1 b o0 t + a4 / t',рабо0тать
работают,* r a1 b o0 t + a4 / j u4 t,рабо0тают
работе,* r a1 b + o0 t' / -,рабо0те
работник,* r a1 b + o0 t + n' + i4 k,рабо0тник
работой,* r a1 b + o0 t / a4 j,рабо0той
работу,* r a1 b + o0 t / u4,рабо0ту
работы,* j r a1 + b o0 / t,рабо0ты
рабочего,* r a1 b + o0 ch / i4 v a4,рабо0чего
рабочий,* r a1 b + o0 ch / i4 j,рабо0чий
рабочих,* r a1 b + o0 ch / i4 h,рабо0чих
равен,* r a0 v' + i4 n,ра0вен
равновесие,* r a2 v n = a1 * v' e0 s' / i4 j i4,равнове0сие
равноправие,* r a2 v n = a1 * p r a0 v' + i4 j / i4,равнопра0вие
равным,* r a0 v n / y4 m,ра0вным
рада,* r a0 d / a4,ра0да
радио,* r a0 d' i4 a4,ра0дио
радиолу,* r a2 d' i1 o0 l / u4,радио0лу
радиомагазине,* r a0 d' i4 o4 * m a2 g a1 z' i0 n' / i4,ра0диомагазине
радиополе,* r a2 d' i1 a1 * p o0 l' / i4,радиопо0ле
радиоприемник,* r a0 d' i4 o4 ~ p r' i1 * j o0 m + n' i4 k,ра0диоприемник
радиус,* r a0 d' i4 u4 s,ра0диус
радиуса,* r a0 d' i4 u4 s / a4,ра0диуса
радоваться,* r a0 d + a4 v a4 ^ c a4,ра0доваться
радости,* r a0 d + a4 s' t' / i4,ра0дости
радостно,* r a0 d + a4 s + n + a4,ра0достно
радостный,* r a0 d + a4 s + n / y4 j,ра0достный
радость,* r a0 d + a4 s' t',ра0дость
радостью,* r a0 d + a4 s' t' / j u4,ра0достью
радуется,* r a0 d + u4 / j i4 ^ c a4,ра0дуется
радуюсь,* r a0 d + u4 / j u4 ^ s',ра0дуюсь
радуются,* r a0 d + u4 / j u4 ^ c a4,ра0дуются
рады,* r a0 d / y4,ра0ды
раза,* r a0 z / a4,ра0за
разбавлять,~ r a2 z * b a1 v + l' + a0 / t',разбавля0ть
разбежался,~ r a2 z * b' i1 zh + a0 + l ^ s' a4,разбежа0лся
разберешь,~ r a2 z * b' i1 r' / o0 sh,разбере0шь
разберись,~ r a2 z * b' i1 r' + i0 ^ s',разбери0сь
разбирается,~ r a2 z * b' i1 r + a0 / j i4 ^ c a4,разбира0ется
разбирался,~ r a2 z * b' i1 r + a0 + l ^ s' a4,разбира0лся
разбираться,~ r a2 z * b' i1 r + a0 ^ c a4,разбира0ться
разбираюсь,~ r a2 z * b' i1 r + a0 / j u4 ^ s',разбира0юсь
разбираются,~ r a2 z * b' i1 r + a0 / j u4 ^ c a4,разбира0ются
разве,* r a0 z v' i4,ра0зве
развернула,~ r a2 z * v' i1 r + n u0 + l / a4,разверну0ла
развеселило,~ r a2 z * v' i1 s' i1 l' + i0 + l / a4,развесели0ло
развиваются,~ r a2 z * v' i1 + v a0 / j e4 ^ c a4,развива0ются
разводами,~ r a1 z * v o0 d / a4 m' i4,разво0дами
разволновался,~ r a2 z * v a2 l n + a1 v a0 + l ^ s' a4,разволнова0лся
разволноваться,~ r a2 z * v a2 l n + a1 v a0 ^ c a4,разволнова0ться
разгибаться,~ r a2 z * g' i1 b + a0 / c ^ - a4,разгиба0ться
разгибаясь,~ r a2 z * g' i1 b + a0 + - i4 ^ s',разгиба0ясь
разглядывал,~ r a1 z * g l' a0 d + y4 v a4 + l,разгля0дывал
разговариваем,~ r a2 z * g a1 v a0 r' + i4 v a4 / - i4 m,разгова0риваем
разговаривал,~ r a2 z * g a1 v a0 r' + i4 v a4 + l,разгова0ривал
разговаривала,~ r a2 z * g a1 v a0 r' + i4 v a4 + l / a4,разгова0ривала
разговаривать,~ r a2 z * g a1 v a0 r' + i4 v a4 / c,разгова0ривать
разговаривая,~ r a2 z * g a1 v a0 r' + i4 v a4 / - i4,разгова0ривая
разговор,~ r a2 z * g a1 v o0 r,разгово0р
разговора,~ r a2 * z g a1 v o0 / r,разгово0ра
разговорах,~ r a2 z * g a1 v o0 r / a4 h,разгово0рах
разговором,~ r a2 z * g a1 v o0 r / a4 m,разгово0ром
разговору,~ r a2 z * g a1 v o0 r / u4,разгово0ру
разговоры,~ r a2 z * g a1 v o0 r / y4,разгово0ры
разгона,~ r a1 z * g o0 n / a4,разго0на
разгрузить,~ r a2 z * g r u1 z' + i0 / t',разгрузи0ть
раздался,~ r a1 z * d a0 + l ^ s' a4,разда0лся
раздражало,~ r a2 z * d r a1 zh + a0 + l / a4,раздража0ло
раздражался,~ r a2 z * d r a1 zh + a0 + l ^ s' a4,раздража0лся
раздражение,~ r a2 z * d r a1 zh + e0 n' i4 - / e4,раздраже0ние
раздражения,~ r a2 z * d r a1 zh + e0 n' i4 j / a4,раздраже0ния
раздраженность,~ r a2 z * d r a1 zh + o0 n - + a4 s' t',раздраже0нность
раздраженных,~ r a2 z * d r a1 zh + o0 n - / y4 h,раздраже0нных
раздумывал,~ r a1 z * d u0 m + y4 v a4 + l,разду0мывал
разлепив,~ r a2 z * l' i1 p' + i0 + v,разлепи0в
разливала,~ r a2 z * l' i1 v + a0 + l / a4,разлива0ла
разлучался,~ r a2 z * l u1 ch + a0 + l ^ s' a4,разлуча0лся
разлучились,~ r a2 z * l u1 ch + i0 + l' + i4 ^ s',разлучи0лись
разлюбит,~ r a1 z * l' u0 b' / i4 t,разлю0бит
размахивать,~ r a1 z * m a0 h' + i4 v a4 / t',разма0хивать
разменять,~ r a2 z * m' i1 n' + a0 / t',разменя0ть
размера,~ r a1 z * m' e0 r / a4,разме0ра
размеры,~ r a1 z * m' e0 r / y4,разме0ры
размышления,~ r a2 z * m y1 sh l' + e0 n' i4 j / a4,размышле0ния
размышлял,~ r a2 z * m y1 sh l' + a0 + l,размышля0л
разные,* r a0 z + n / y4 j i4,ра0зные
разных,* r a0 p + n / y4 h,ра0зных
разобидевшись,~ r a2 z * a1 b' i0 d' + i4 + f sh + y4 ^ s',разоби0девшись
разобрался,~ r a2 z a1 * b r + a0 + l ^ s' a4,разобра0лся
разобрать,~ r a2 z a1 * b r + a0 / t',разобра0ть
разогревать,~ r a2 z a2 * g r' i1 + v a0 / t',разогрева0ть
разок,* r a1 z / o0 g,разо0к
разопрет,~ r a2 z a1 * p r' / o0 t,разопре0т
разорился,~ r a2 z a1 * r' + i0 + l ^ s' a4,разори0лся
разрешала,~ r a2 z * r' i1 sh + a0 + l / a4,разреша0ла
разрешил,~ r a2 z * r' i1 sh + y0 + l,разреши0л
разрешили,~ r a2 z * r' i1 sh + y0 + l' / i4,разреши0ли
разу,* r a0 z / u4,ра0зу
разумеется,~ r a2 z * u1 m' + e0 / j i4 ^ c a4,разуме0ется
разумно,~ r a1 z * u0 m + n + a4,разу0мно
разъединению,~ r a2 z * j i1 d' i1 n' + e0 n' - j / u4,разъедине0нию
разыграть,~ r a2 z * y1 g r + a0 / t',разыгра0ть
разыгрывались,~ r a1 z * y0 g r + y4 v a4 + l' / i4 ^ s',разы0грывались
разыскал,~ r a2 z * y1 s k + a0 + l,разыска0л
райжилотделе,* r a0 j zh y0 l a1 d' d' e0 l' / i4,ра0йжилотделе
райка,* r a0 j + k / a4,ра0йка
район,* r a1 j o0 n,райо0н
районы,* r a1 j o0 n / y4,райо0ны
ракеткой,* r a1 k' e0 t + k / a4 j,раке0ткой
ракетку,* r a1 k' e0 t + k / u4,раке0тку
рамках,* r a0 m + k / a4 h,ра0мках
рамы,* r a0 m / y4,ра0мы
ранку,* r a0 n + k / u4,ра0нку
раннего,* r a0 n' + - / i4 v a4,ра0ннего
ранней,* r a0 n' + - / i4 j,ра0нней
ранние,* r a0 + n' / i4 j i4,ра0нние
ранний,* r a0 + n' / - n',ра0нний
рано,* r a0 n + a4,ра0но
рану,* r a0 n / u4,ра0ну
раньше,* a4 r a0 + n' + sh,раньше0
раскатистый,~ r a1 s * k a0 t' + i4 s t / y4 -,раска0тистый
раскладушке,~ r a2 s * k l a1 d + u0 sh k' / i4,раскладу0шке
раскладывать,~ r a1 s * k l a0 d + y4 v a4 / t',раскла0дывать
расклеил,~ r a1 s * k l' e0 + i4 + l,раскле0ил
раскрывался,~ r a2 s * k r y1 + v a0 + l ^ s' a4,раскрыва0лся
раскрылся,~ r a1 s * k r y0 + l ^ s' a4,раскры0лся
раскрытой,~ r a1 s * k r y0 + t / a4 j,раскры0той
распахивала,~ r a1 s * p a0 h' + i4 v a4 + l / a4,распа0хивала
распахнул,~ r a2 s * p a1 h + n u0 + l,распахну0л
распахнутым,~ r a1 s * p a0 h + n u4 + t / y4 m,распа0хнутым
расплакаться,~ r a1 s * p l a0 k + a4 ^ c a4,распла0каться
располагавшихся,~ r a2 s ~ p a2 * l a1 g + a0 + f sh / y4 h ^ s' a4,располага0вшихся
расползлась,~ r a2 * s p a1 l z + l / a0 ^ s',расползла0сь
расположились,~ r a2 s ~ p a2 * l a1 zh + y0 + l' / i4 ^ s',расположи0лись
расправила,~ r a1 s * p r a0 v' + i4 + l / a4,распра0вила
расправлял,~ r a2 s * p r a1 v l' + a0 + l,расправля0л
распространялась,~ r a2 s ~ p r a2 * s t r a1 n' + a0 + l / a4 ^ s',распространя0лась
рассердилась,~ r a2 * s' i1 r d' + i0 + l / a4 ^ s',рассерди0лась
расскажет,~ r a1 ~ s * k a0 zh / y4 t,расска0жет
рассказ,~ r a1 ~ s * k a0 s,расска0з
рассказал,~ a2 s ~ k * a1 z a0 + l + a1,рассказа0л
рассказала,~ r a2 ~ s * k a0 z + y4 + v / a4,расска0зала
рассказать,~ r a2 ~ s * k a1 z + a0 / t',рассказа0ть
рассказиков,~ r a1 ~ s * k a0 z' + i4 k / a4 f,расска0зиков
рассказываешь,~ r a1 ~ s * k a0 z + y4 v a4 / j i4 sh,расска0зываешь
рассказывал,~ r a1 ~ s * k a0 z + y4 v a4 / l,расска0зывал
рассказывала,~ r a1 * s k a0 z + y4 v a4 + l / a4,расска0зывала
рассказывали,~ r a1 ~ s * k a0 z + y4 v a4 + l' / i4,расска0зывали
рассказывать,~ r a1 ~ s * k a0 z + y4 v a4 / t',расска0зывать
рассказывая,~ r a1 ~ s * k a0 z + y4 v a4 / j a4,расска0зывая
рассматривал,~ r a1 s * - m a0 t r' + i4 v a4 + l,рассма0тривал
рассмеялся,~ r a2 * s m' i1 j + a0 + l ^ s' a4,рассмея0лся
расспрашивал,~ r a1 * s p r a0 sh + y4 v a4 + l,расспра0шивал
расспрашивать,~ r a1 ~ s * p r a0 sh + y4 v a4 / t',расспра0шивать
расставаться,~ r a2 * s t a1 + v + a0 ^ c a4,расстава0ться
расставила,~ r a1 * s t a0 + v' + i4 + l / a4,расста0вила
расстались,~ r a1 s * - t + a0 + l' / i4 ^ s',расста0лись
расстегнул,~ r a2 * s' t' i1 g + n u0 + l,расстегну0л
расстояние,~ r a2 * s t a1 j + a0 + n' i4 j / i4,расстоя0ние
расстраивался,~ r a1 * s t r a0 + i4 v a4 + l ^ s' a4,расстра0ивался
расстроился,~ r a1 * s t r o0 + i4 + l ^ s' a4,расстро0ился
рассуждал,~ r a2 * s u1 zh d + a0 + l,рассужда0л
рассуждать,~ r a2 s * - u1 zh d + a0 / t',рассужда0ть
рассуждая,~ r a2 * s u1 zh d + a0 + j a4,рассужда0я
рассчитаны,~ a1 s * ch i0 t + a4 n / -,рассчи0таны
растения,* r a1 s' t' + e0 n' i4 j / a4,расте0ния
растерзали,~ r a2 s * t' i1 r z + a0 + l' / i4,растерза0ли
растерялся,~ r a2 s * t' i1 r' + a0 + l ^ s' a4,растеря0лся
растерянно,~ r a1 s' * t' e0 r' + a4 + n + a4,расте0рянно
растет,* r a1 s' t' / o0 d,расте0т
растягивать,~ r a1 s' * t' a0 g' + i4 v a4 / t',растя0гивать
растягивая,~ r a1 s' * t' a0 g' + i4 v a4 + j a4,растя0гивая
расходясь,~ r a2 s * h a1 d' + a0 ^ s',расходя0сь
расценила,~ r a2 * s c e1 n' + i0 + l / a4,расцени0ла
расчесывала,~ r a1 * sc ch o0 + s y4 v + a4 / l,расче0сывала
расшаталось,~ r a2 * sh a1 t + a0 + l / a4 ^ s',расшата0лось
расшвырял,~ r a2 * sh v y1 r' + a0 + l,расшвыря0л
расширенными,~ r a1 * sh sh y0 + r' i4 n / n y4 m',расши0ренными
расширились,~ r a1 * sh sh y0 + r' + i4 / l' ^ i4,расши0рились
расширять,~ r a2 * sh y1 r' + a0 / t',расширя0ть
рвалось,* r v + a1 + l / o0 ^ s',рвало0сь
рвань,* r v + a0 + n',рва0нь
рвет,* r v' / o0 t,рве0т
рвется,* r v' + o0 c ^ - a4,рве0тся
реагировала,* r' i1 a1 g' + i0 r a4 v a4 + l / a4,реаги0ровала
реагирует,* r' i1 a1 g' + i0 r + u4 / j i4 t,реаги0рует
реакции,* r' i1 a0 k + c y4 / i4,реа0кции
реакция,* r' i1 a0 k + c - j / a4,реа0кция
ребенка,* r' i1 b' + o0 n k / a4,ребе0нка
ребенком,* r y1 b' + o0 n k / a4 m,ребе0нком
ребенок,* - i1 b' + o0 n a4 k,ребе0нок
ребят,* r' i1 b' + a0 t,ребя0т
ребята,* r' i1 b' + a0 t / a4,ребя0та
ребятами,* r' i1 b' + a0 t / a4 m' i4,ребя0тами
ревности,* r' e0 v n + a4 s' t' / i4,ре0вности
революции,* r' i1 v a1 l' u0 c y4 / i4,револю0ции
революционерка,* r' i1 v a2 l' u1 c y1 + a1 n' + e0 r + k / a4,революционе0рка
революционными,* r' i1 v a2 l' u1 c y1 + o0 n / y4 m' i4,революцио0нными
регулированию,* r' i1 g u1 l' + i0 r a4 v a4 + n' i4 - \u4,регули0рованию
регулярно,* r' i1 g u1 l' + a0 r + n + a4,регуля0рно
редкий,* r' e0 t + k' / i4 j,ре0дкий
редко,* r e0 t + k + a4,ре0дко
реже,* r' e0 zh + e4,ре0же
резались,* r' e0 z + a4 + l' / i4 ^ s',ре0зались
резиновых,* r' i1 z' i0 n + a4 v / y4 h,рези0новых
резными,* r' i1 z + n / y0 m' i4,резны0ми
рейсфедером,* r' i1 j s f' e0 d y4 r / a4 m,рейсфе0дером
реквизированной,* r' i1 k v' i1 z' + i0 r a4 v a4 + n / a4 j,реквизи0рованной
рекой,* r' i1 k / o0 j,реко0й
ремнями,* r' i1 m n' / a0 m' i4,ремня0ми
ремонт,* r' i1 m o0 n d,ремо0нт
репертуар,* r' i1 p' i1 r t u1 a0 r,репертуа0р
репетитор,* r' i1 p' i1 t' + i0 t + a4 r,репети0тор
ресторан,* r' i1 s t a1 r a0 n,рестора0н
ресторане,* r' i1 s t a1 r a0 n' / i4,рестора0не
речку,* r' e0 ch + k / u4,ре0чку
речной,* r' i1 ch + n / o0 j,речно0й
речь,* r' e0 ch,ре0чь
решался,* r' i1 sh + a0 + l ^ s' a4,реша0лся
решение,* r' i1 sh + e0 n' i4 j / i4,реше0ние
решением,* r' i1 sh + e0 n' i4 j / i4 m,реше0нием
решил,* i1 sh y0 + l + t,реши0л
решила,* r' i1 sh + y0 + l / a4,реши0ла
решился,* r' i1 sh + y0 + l ^ s' a4,реши0лся
решимость,* r' i1 sh + y0 m + a4 s' t',реши0мость
решительно,* r' i1 sh + y0 + t' i4 l' n + a4,реши0тельно
решить,* r' i1 sh + y0 / t',реши0ть
рижское,* a1 r' i0 + sh s / k a4 j,рижско0е
рисковать,* r' i1 s k + a1 v a0 / t',рискова0ть
рисунком,* r' i1 s + u0 n + k / a4 m,рису0нком
ритме,* r' i0 t m' / i4,ри0тме
робким,* r o0 p + k' / i4 m,ро0бким
робкими,* r + o0 / p k' i4,ро0бкими
робостью,* r o0 b + a4 s' t' / j u4,ро0бостью
ровно,* r o0 v + n + a4,ро0вно
ровными,* r o0 v + n / y4 m' i4,ро0вными
роде,* r o0 d' / i4,ро0де
родившиеся,* r a1 d' + i0 + f sh / y4 j i4 ^ s' a4,роди0вшиеся
родившуюся,* r a1 d' + i0 + f sh / u4 j u4 ^ s' a4,роди0вшуюся
родился,* r a1 d' + i0 + l ^ s' a4,роди0лся
родителей,* r a1 d' + i0 + t' i4 l' / i4 j,роди0телей
родители,* r a1 d' + i0 + t' i4 l' / i4,роди0тели
родительское,* r a1 d' + i0 + t' i4 l' + s k / a4 j i4,роди0тельское
родителям,* r a1 d' + i0 + t' i4 l' / i4 m,роди0телям
родителях,* r a1 d' + i0 + t' i4 l' / i4 h,роди0телях
родная,* r a1 d + n / a0 j a4,родна0я
родного,* r a1 d + n / o0 v a4,родно0го
родной,* r a1 d + n / o0 j,родно0й
родные,* r a1 d + n / y0 j i4,родны0е
родными,* r a1 d + n / y0 m' i4,родны0ми
родов,* r o0 d / a4 f,ро0дов
родственник,* r o0 + c t v' + i4 n' + i4 k,ро0дственник
родственника,* r o0 + c t v' + i4 n' + i4 k / a4,ро0дственника
родственниками,* r o0 + c t v' + i4 n' + i4 k / a4 m' i4,ро0дственниками
родственников,* r o0 + c t v' + i4 n' + i4 k / a4 f,ро0дственников
рождался,* r a1 zh d + a0 + l ^ s' a4,рожда0лся
рождения,* r a1 zh d' + e0 n' i4 j / a4,рожде0ния
роли,* r o0 l' / i4,ро0ли
роль,* r o0 l',ро0ль
роман,* r a1 m a0 n,рома0н
романам,* r a1 m a0 n / a4 m,рома0нам
романах,* r a1 m a0 n / a4 h,рома0нах
романс,* r a1 m a0 n s,рома0нс
романы,* r a1 m a0 n / y4,рома0ны
рос,* r o0 s,ро0с
россии,* r a1 s' i0 / i4,росси0и
роста,* r o0 s t / a4,ро0ста
рот,* r o0 t,ро0т
роща,* r o0 sc / a4,ро0ща
роще,* r o0 sc / i4,ро0ще
рощей,* r o0 sc / i4 j,ро0щей
рубашка,* r u1 b a0 sh + k / a4,руба0шка
рубашке,* r u1 b a0 sh + k' / e4,руба0шке
рубашки,* r u1 b a0 + sh / k',руба0шки
рубашкой,* r u1 b a0 sh + k / a4 j,руба0шкой
рубашку,* r u1 b + a0 sh k / u4,руба0шку
рубились,* r u1 b' + i0 + l' / i4 ^ s',руби0лись
рублей,* r u1 b l' / e0 j,рубле0й
рублями,* r u1 b l' / a0 m' i4,рубля0ми
ругал,* r u1 g + a0 + l,руга0л
ругала,* r u1 g + a0 + l / a4,руга0ла
ругать,* r u1 g + a0 / t',руга0ть
ругают,* r u1 g + a0 / j u4 t,руга0ют
рукав,* r u1 k + a0 f,рука0в
рукавами,* r u1 k + a1 v / a0 m' i4,рукава0ми
руками,* r u1 k / a0 m' i4,рука0ми
руках,* r u1 k / a0 h,рука0х
руки,* r u0 k' / i4,ру0ки
рукой,* r u0 k / o0 j,ру0кой
рукоприкладством,* r u1 k = a2 ~ p r' i1 * k l a0 + c t v / a4 m,рукоприкла0дством
руку,* r u0 k / u4,ру0ку
рулоны,* r u1 l o0 n / y4,руло0ны
руль,* r u0 l',ру0ль
румяным,* r u1 m' a0 n / y4 m,румя0ным
руслан,* r u1 s l a0 n,русла0н
руслана,* r u1 s l a0 n / a4,русла0на
русоголовый,* r u1 s = a2 * g a1 l o0 v / y4 j,русоголо0вый
русой,* r u0 s / a4 j,ру0сой
русский,* r u0 + s k' / i4 j,ру0сский
рухлядь,* r u0 h l' i4 t',ру0хлядь
рухнули,* r u0 h + n u4 + l' / i4,ру0хнули
рушились,* r u0 sh + y4 + l' / i4 ^ s',ру0шились
рыба,* r y0 b / a4,ры0ба
рыбалку,* r y1 b + a0 + l + k / u4,рыба0лку
рыбацкая,* r y1 b + a0 c + k / a4 j a4,рыба0цкая
рыболов,* r y1 b = a1 * l o0 f,рыболо0в
рыболова,* r y1 b = a1 * l o0 v / a4,рыболо0ва
рыболовов,* r y1 b = a1 * l o0 v / a4 f,рыболо0вов
рывком,* r y1 f + k / o0 m,рывко0м
рыдала,* r y1 d + a0 + l / a4,рыда0ла
рыжая,* r y0 zh / a4 j a4,ры0жая
рыжей,* r y0 zh / y4 j,ры0жей
рыжую,* r y0 zh / u4 j u4,ры0жую
рыхлые,* r y0 h l / y4 j i4,ры0хлые
рюмка,* r' u0 m + k / a4,рю0мка
рюмки,* r' u0 m k' / i4,рю0мки
рюмку,* r' u0 m k / u4,рю0мку
рядом,* r' a0 d + a4 m,ря0дом
саванне,* s a1 v a0 n' / i4,сава0нне
сад,* s a0 t,са0д
сада,* s a0 d / a4,са0да
садилась,* s a1 d' + i0 + l / a4 ^ s',сади0лась
садись,* s a1 d' + i0 ^ s',сади0сь
садиться,* s a1 d' + i0 ^ c a4,сади0ться
садоводом,* s a2 d = a1 * v o0 d / a4 m,садово0дом
сайру,* s a0 j r / u4,са0йру
сайры,* s a0 j r / y4,са0йры
салатом,* s a1 l a0 t / a4 m,сала0том
сам,* s a0 m,са0м
сам-то,* s a0 m + t a4,са0м-то
самая,* s a0 m / a4 - i4,са0мая
сами,* s a0 m' / i4,са0ми
самого,* s a0 m / a4 v a4,са0мого
самодовольства,* s a2 m = a2 * d a1 v o0 l' + s t v / a4,самодово0льства
самое,* s a0 m / a4 - i4,са0мое
самозабвенных,* s a2 m = a2 * z a1 b v' + e0 n - / y4 h,самозабве0нных
самой,* s a0 m / a4 j,са0мой
самолет,* s a2 m = a1 / l' o0 t,самоле0т
самолюбива,* s a2 m = a2 * l' u1 b' + i0 v / a4,самолюби0ва
самолюбиво,* s a2 m = a2 * l' u1 b' + i0 v + a4,самолюби0во
самом,* s a0 m / a4 m,са0мом
самому,* s a0 m / a1 m u0,са0мому
самостоятельно,* s a2 m = a2 * s t + a1 j + a0 + t' i4 l' n + a4,самостоя0тельно
самочувствия,* s a2 m = a1 * ch u0 f s t + v' i4 / j,самочу0вствия
самые,* s a0 m / y4 - i4,са0мые
самый,* s a0 m / i4 j,са0мый
самым,* s a0 m / y4 m,са0мым
самыми,* s a0 m / y4 m' i4,са0мыми
самых,* s a0 m / y4 h,са0мых
санаторий,* p a2 d m a1 s k o0 v,санато0рий
санатория,* s a2 n a1 t o0 r' + i4 j / a4,санато0рия
санаторской,* s a2 n a1 t o0 r + s k / a4 j,санато0рской
сарай,* s a1 r a0 = j,сара0й
сахар,* s a0 h a4 r,са0хар
сахара,* s a0 h a4 r / a4,са0хара
сашка,* s a0 sh k / a4,са0шка
сбегать,~ z * b' e0 g + a4 / d',сбе0гать
сбегаю,~ z * b' e0 g + a4 / j u4,сбе0гаю
сбегая,~ z * b' i1 g + a0 + - i4,сбега0я
сбежал,~ z * b' i1 zh + a0 + l,сбежа0л
сбежать,~ z * b' i1 zh + a0 / t',сбежа0ть
сберегается,~ z * b' i1 r' i1 g + a0 / j i4 ^ c a4,сберега0ется
сберечь,~ z * b' i1 r' e0 ch,сбере0чь
сбить,~ z * b' i0 / t',сби0ть
сбылась,~ z * b y1 + l / a0 ^ s',сбыла0сь
свадьбе,* s v a0 d' + b' / i4,сва0дьбе
свежей,* s v' e0 zh / y4 j,све0жей
свежему,* s v' e0 zh / y4 m u4,све0жему
свежим,* s v' e0 zh / y4 m,све0жим
свежими,* s v' e0 zh / y4 m' i4,све0жими
свежих,* s v' e0 zh / y4 h,све0жих
свежую,* s v' e0 zh / u4 j u4,све0жую
свекровью,* s v' i1 k r o0 v' / j u4,свекро0вью
сверкали,* s v' i1 r k + a0 l' / i4,сверка0ли
свертками,~ s * v' o0 r t + k / a4 m' i4,све0ртками
сверток,~ s * v' o0 r t + a4 k,све0рток
сверху,~ s * v' e0 r h + u4,све0рху
свершится,~ s * v' i1 r sh / y0 c ^ - a4,сверши0тся
свет,* s v' e0 d,све0т
света,* s v' e0 t / a4,све0та
свете,* s v' e0 t' / i4,све0те
светлоглазый,* s v' i1 t + l = a1 * g l a0 z / y4 j,светлогла0зый
светлые,* s v' e0 t + l / y4 j i4,све0тлые
светом,* s v' e0 t / a4 m,све0том
свидетелями,* s v' i1 d' e0 + t' i4 l' / i4 m' i4,свиде0телями
свистнул,* s v' i0 s + n u4 + l,сви0стнул
свитер,* s v' i0 t y4 r,сви0тер
свободна,* s v a1 b o0 d + n / a4,свобо0дна
свободный,* s v a1 b o0 d + n / y4 j,свобо0дный
сводить,~ s * v a1 d' + i0 / t',своди0ть
своей,* s v a1 / j e0 j,свое0й
своем,* s v a1 j / o0 m,свое0м
своему,* s v o0 / j i4 m,сво0ему
своим,* - v a1 / i0 m,свои0м
своими,* s v a1 / i0 m' i4,свои0ми
своих,* s v a1 / i0 h,свои0х
свой,* - v o0 j,сво0й
свойственно,* s v o0 j s t v' + i4 n + a4,сво0йственно
свойство,* s v o0 + j + s t v / a4,сво0йство
свою,* v a1 j u0 / ch,свою0
своя,* s v a1 j / a0,своя0
свыше,~ s * v y0 sh + y4,свы0ше
связей,* s v' a0 z' / i4 j,свя0зей
связи,* s v' a0 z' / -,свя0зи
связываются,~ s * v' a0 z + y4 v a4 / j u4 ^ c a4,свя0зываются
связь,~ s * v' a0 s',свя0зь
священных,* s v' i1 sc + e0 n / y4 h,свяще0нных
сгибается,~ z * g' i1 b + a0 / - i4 ^ c a4,сгиба0ется
сгибаться,~ z * g' i1 b + a0 / c ^ - a4 -,сгиба0ться
сгибаясь,~ z * g' i1 b + a0 + - i4 ^ s',сгиба0ясь
сгинули,~ z * g' i0 + n u4 + l' / i4,сги0нули
сговаривались,~ z * g a1 v a0 r' + i4 v a4 + l' / i4 ^ s',сгова0ривались
сгорбилась,~ z * g o0 r b' + i4 + l / a4 ^ z',сго0рбилась
сгорит,~ z * g a1 r' / i0 t,сгори0т
сгущалась,~ z * g u1 sc + a0 + l / a4 ^ s',сгуща0лась
сдавать,~ z * d a1 + v a0 / t',сдава0ть
сдача,~ z * d a0 + ch / a4,сда0ча
сдвинул,~ z * d v' i0 + n u4 + l,сдви0нул
сдвинут,~ z * d v' i0 + n u4 + t,сдви0нут
сделав,~ z * d' e0 + l + a4 + f,сде0лав
сделаем,~ d' * e0 l a4 + j / i4 m -,сде0лаем
сделает,~ z * d' e0 l + a4 / j i4 d,сде0лает
сделал,~ z * d' e0 + l + a4 + l,сде0лал
сделали,~ z * d' e0 + l + a4 + l' / i4,сде0лали
сделался,~ z * d' e0 + l + a4 + l ^ s' a4,сде0лался
сделано,~ z * d' e0 + l + a4 n / a4,сде0лано
сделать,~ d' * e0 l + a4 + d' / d,сде0лать
сделаю,~ z * d' e0 l + a4 / j u4,сде0лаю
сдержался,~ z * d' i1 r zh + a0 + l ^ s' a4,сдержа0лся
сдерживают,~ z * d' e0 r zh + y4 v a4 / j u4 d,сде0рживают
сдохнуть,~ z * d o0 h + n u4 / t',сдо0хнуть
сегодня,* s i1 v o0 d n' a4,сего0дня
сегодняшнее,* s' i1 v o0 d n' i4 + sh n' / i4 j i4,сего0дняшнее
седой,* s' i1 d / o0 j,седо0й
седых,* s' i1 d / y0 h,седы0х
сейчас,* a1 v' i0 s' i4 t,сейча0с
секретный,* s' i1 k r' e0 t + n / y4 j,секре0тный
секрету,* s' i1 k r' e0 t / u4,секре0ту
секунд,* s' i1 k u0 n d,секу0нд
секунду,* s' i1 k u0 n d / u4,секу0нду
секунды,* s' i1 k u0 n d / y4,секу0нды
сел,* s' e0 + l,се0л
села,* s' e0 + l / a4,се0ла
селил,* s' i1 l' + i0 + l,сели0л
семей,* s' i1 m' / e0 j,семе0й
семейного,* s' i1 m' e0 j + n / a4 v a4,семе0йного
семейным,* s' i1 m' e0 j + n / y4 m,семе0йным
семейных,* s' i1 m' e0 j + n + y4 h,семе0йных
семейства,* s' i1 m' e0 j + s t v / a4,семе0йства
семь,* c e0 m',се0мь
семьдесят,* s e0 m' * d' i4 s' i4 t,се0мьдесят
сенкевича,* s' i1 n k' + e0 v' + i4 ch / a4,сенке0вича
сентябрь,* s' i1 n t' a0 b r',сентя0брь
сервант,* s' i1 r v a0 n t,серва0нт
серванта,* s' i1 r v a0 n t / a4,серва0нта
сергеевича,* i1 r g' e0 j i4 + - - + ch a4 / i0,серге0евича
сердечным,* s' i1 r d' e0 ch + n / y4 m,серде0чным
сердилась,* s' i1 r d' + i0 + l / a4 ^ s',серди0лась
сердита,* s' i1 r d' + i0 + t / a4,серди0та
сердится,* s' e0 r d' / i4 ^ c a4,се0рдится
сердитыми,* s' i1 r d' + i0 t / y4 m' i4,серди0тыми
сердиться,* s' i1 r d' + i0 / c ^ - a4,серди0ться
сердце,* s' e0 r + c / e4,се0рдце
сердцем,* s' e0 r + c / y4 m,се0рдцем
серебристо,* s' i1 r' i1 b r' + i0 s t + a4,серебри0сто
серого,* s' e0 r / a4 v a4,се0рого
сером,* s' e0 r / a4 m,се0ром
серпуховки,* s' i1 r p u1 h + o0 f + k' / i4,серпухо0вки
серьезно,* s' i1 r' j o0 z + n + a4,серье0зно
серьезное,* - o0 - - - ch + - / i4 - n',се0рьезное
серьезной,* s' i1 r' j o0 z + n / a4 j,серье0зной
серьезному,* s' i1 r' j o0 z + n / a4 m u4,серье0зному
серьезным,* s' i1 r' j o0 z + n / y4 m,серье0зным
сесть,* s' e0 s' / t',се0сть
сетки,* s' e0 t + k' / i4,се0тки
сеялся,* s' e0 + - i4 + l ^ s' a4,се0ялся
сжатый,* zh a0 + t / y4 j,сжа0тый
сжималось,* zh y1 m + a0 + l / a4 ^ s',сжима0лось
сзади,* z a0 d' + i4,сза0ди
сибирь,* s' i0 b' i4 r',си0бирь
сидел,* s' i1 d' + e0 + l,сиде0л
сидела,* c i1 d' + e0 + l / a4,сиде0ла
сидели,* s' i1 d' + e0 + l' / i4,сиде0ли
сидеть,* s' i1 d' + e0 / d',сиде0ть
сидите,* s' i1 d' + i0 + t' i4,сиди0те
сидят,* s' i1 d' / a0 d,сидя0т
сизовато,* s' i1 z + a1 v a0 t + a4,сизова0то
сил,* s' i0 l,си0л
сила,* s' i0 l / a4,си0ла
силой,* s' i0 l / a4 j,си0лой
силы,* s' i0 l / y4,си0лы
сильнее,* s' i1 l' + n' + e0 - i4,сильне0е
сильнейшее,* s' i1 l' + n' + e0 j sh / y4 - i4,сильне0йшее
сильно,* s' i0 l' + n + a4,си0льно
сильные,* s' i0 l' + n / y4 j i4,си0льные
сильный,* s' i0 l' + n / y4 j,си0льный
симпатичный,* s' i1 m p a1 t' + i0 ch + n / y4 j,симпати0чный
симпатичным,* s' i1 m p a1 t' + i0 ch n / y4 m,симпати0чным
симпатию,* s' i1 m p a0 t' / i4 j u4,симпа0тию
симптомах,* s' i1 m p t o0 m / a4 h,симпто0мах
симфонии,* s' i1 m f o0 n' i4 / i4,симфо0нии
симфония,* s' i1 m f o0 n' i4 j / a4,симфо0ния
синевато-белые,* s' i1 n' + i1 v a0 t + a4 * b' e0 l / a4 j i4,синева0то-белые
синей,* s' i0 n' / i4 j,си0ней
синие,* s' i0 n' / i4 j i4,си0ние
синий,* s' i0 n' / i4 j,си0ний
синим,* s' i0 n' / i4 m,си0ним
синь,* s' i0 n',си0нь
сирени,* s' i1 r' e0 n' / i4,сире0ни
ситуацию,* s' i1 t u1 a0 c + y4 j / u4,ситуа0цию
ситуация,* s' i1 t u1 a0 c + y4 / j a4,ситуа0ция
сих,* s' / i0 h,си0х
сияют,* s' i1 j a0 / j u4 t,сия0ют
скажет,~ s * k a0 zh / y4 t,ска0жет
скажешь,~ s * k a0 zh / y4 sh,ска0жешь
скажите,~ s * k a1 zh + y0 + t' i4,скажи0те
сказав,~ s * k a1 z + a0 f,сказа0в
сказал,~ - * k a1 z + a0 + l,сказа0л
сказала,~ s * k a1 z + a0 + l / a4,сказа0ла
сказали,~ s * k a1 z + a0 + l' / i4,сказа0ли
сказанного,~ k * a0 z a4 + n - a4 / v a4 l',ска0занного
сказать,~ s * k a1 z + a0 / c,сказа0ть
сказках,~ s * k a0 s + k / a4 h,ска0зках
сказку,~ s * k a0 s + k / u4,ска0зку
скала,* s k a0 l / a4,ска0ла
скамейками,* s k a1 m' + e0 j k / a4 m' i4,скаме0йками
скамейки,* s k a1 m' + e0 j k' / i4,скаме0йки
скандалы,* s k a1 n d a0 l / y4,сканда0лы
скатерть,* s k a0 t' i4 r t',ска0терть
скважину,* s k v a0 zh + y4 n / u4,сква0жину
сквер,* s k v' e0 r,скве0р
скверное,* s k v' e0 r + n / a4 j i4,скве0рное
сквозь,* - k v o0 s',скво0зь
склонив,~ s * k l a1 n' + i0 + v,склони0в
склонился,~ s * k l a1 n' + i0 + l ^ s' a4,склони0лся
сковородке,* s k a2 v a1 r o0 t + k' / i4,сковоро0дке
сковородкой,* s k a2 v a1 r o0 t + k / a4 j,сковоро0дкой
сковородку,* s k a2 v a1 r o0 t + k / u4,сковоро0дку
скользким,~ s * k o0 l' s + k' / i4 m,ско0льзким
сколько,* s k o0 l' k + a4,ско0лько
сконфуженно,~ s * k a1 n f u0 zh + y4 n + a4,сконфу0женно
скончались,~ s * k a1 n ch + a0 + l' / i4 ^ s',сконча0лись
скончался,~ s * k a1 n ch + a0 + l ^ s' a4,сконча0лся
скорее,* s k a1 r' + e0 - i4,скоре0е
скорей,* s k a1 r' + e0 j,скоре0й
скорняк,* s k a1 r + n' a0 k,скорня0к
скоро,* s k o0 r + a4,ско0ро
скорой,* s k o0 r / a4 j,ско0рой
скорость,* s k o0 r + a4 s' t',ско0рость
скоростью,* s k o0 r + a4 s' t' / j u4,ско0ростью
скорую,* s k o0 r / u4 j u4,ско0рую
скребется,* s k r' i1 b' / o0 ^ c a4,скребе0тся
скрипело,* s k r' i1 p' + e0 + l / a4,скрипе0ло
скрипучем,* s k r' i1 p + u0 ch / i4 m,скрипу0чем
скрипучим,* s k r' i1 p + u0 ch / i4 m,скрипу0чим
скромного,~ s * k r o0 m + n / a4 v a4,скро0много
скромности,~ s * k r o0 m + n + a4 s' t' / i4,скро0мности
скромный,~ s * k r o0 m + n / y4 j,скро0мный
скрывает,~ s * k r y1 + v a0 / j i4 t,скрыва0ет
скрывали,~ s * k r y1 + v a0 + l' / i4,скрыва0ли
скрываться,~ s * k r y1 + v a0 ^ c a4,скрыва0ться
скрывают,~ s * k r y1 + v a0 / j u4 t,скрыва0ют
скрытую,~ s * k r y0 + t / u4 j u4,скры0тую
скрытых,~ s * k r y0 + t / y4 h,скры0тых
скрюченный,~ s * k r' u0 ch + i4 n / y4 j,скрю0ченный
скуки,* s k u0 k' / i4,ску0ки
скулах,* s k u0 l / a4 h,ску0лах
скуле,* s k u0 l' / i4,ску0ле
слабодушие,* s l a2 b = a1 * d u0 sh / y4 j i4,слабоду0шие
слабое,* s l a0 b / a4 j i4,сла0бое
слабой,* s l a0 b / a4 j,сла0бой
слабостей,* s l a0 b + a4 s' t' / i4 -,сла0бостей
слабость,* s l a0 b + a4 s' t',сла0бость
слева,~ s * l' e0 v + a4,сле0ва
слег,~ s * l' e0 k,сле0г
следит,* s l' i1 d' / i0 t,следи0т
следов,* s l' i1 d / o0 f,следо0в
следовали,* s l' e0 d + a4 v a4 + l' / i4,сле0довали
следовало,* s l' e0 d + a4 v a4 + l / a4,сле0довало
следовать,* s l' e0 d + a4 v a4 / t',сле0довать
следует,* s l' e0 d + u4 / j i4 d,сле0дует
следующий,* s l' e0 d + u4 + j u4 sc / i4 j,сле0дующий
следующую,* l' e0 d u4 + j + u4 sc - / j u4 u4,сле0дующую
слез,* s l' o0 s,сле0з
слезы,* s l' e0 z / y4,сле0зы
слетела,~ s * l' i1 t' + e0 + l / a4,слете0ла
слетело,~ s * l' i1 t' + e0 + l / a4,слете0ло
слишком,~ s * l' i0 sh + k / a4 m,сли0шком
слов,* s l o0 f,сло0в
слова,* l a1 v a0 / s,слова0
словами,* s l a1 v / a0 m' i4,слова0ми
словно,* s l o0 v + n + a4,сло0вно
слово,* l o0 v a4 / n',сло0во
словом,* s l o0 v / a4 m,сло0вом
слоги,~ s * l o0 g' / i4,сло0ги
сложены,~ s * l o0 zh + y4 n / y4,сло0жены
сломал,~ s * l a1 m + a0 + l,слома0л
слоновая,* s l a1 n + o0 v / a4 j a4,слоно0вая
слоями,* s l a1 j / a0 m' i4,слоя0ми
служебный,* s l u1 zh e0 b + n / y4 j,служе0бный
служивший,* s l u1 zh + y0 + f sh / y4 j,служи0вший
служившую,* s l u1 zh + y0 + f sh / - - -,служи0вшую
служит,* s l u0 zh / y4 t,слу0жит
слух,* s l u0 h,слу0х
слуха,* s l u0 h / a4,слу0ха
слухом,* s l u0 h / a4 m,слу0хом
случае,* s l u0 ch + a4 - / i4,слу0чае
случаи,* s l u0 ch a4 / i4,слу0чаи
случай,* s l u0 ch + i4 j,слу0чай
случайно,* l u1 ch a0 + j n + a4 + p,случа0йно
случайные,* s l u1 ch + a0 j + n / y4 j i4,случа0йные
случалось,* s l u1 ch + a0 + l + a4 / s',случа0лось
случаях,* s l u0 ch + i4 j / i4 h,слу0чаях
случилась,* s l u1 ch + i0 + l / a4 ^ s',случи0лась
случилось,* s l u1 ch + i0 + l / a4 ^ s',случи0лось
случиться,* s l u1 ch + i0 ^ c a4,случи0ться
слушаешь,* s l u0 sh + a4 / j i4 sh,слу0шаешь
слушай,* s l u0 sh + a4 + j,слу0шай
слушал,* s l u0 sh + a4 + l,слу0шал
слушала,* s l u0 sh + a4 + l / a4,слу0шала
слушали,* s l u0 sh + a4 + l' / i4,слу0шали
слушать,* s l u0 sh + a4 / d',слу0шать
слышал,* - l y0 sh + a4 + l,слы0шал
слышала,* s l y0 sh + a4 + l / a4,слы0шала
слышали,* s l y0 sh + a4 + l' / i4,слы0шали
слышанные,* s l y0 sh + a4 + n / y4 j i4,слы0шанные
слышат,* s l y0 sh / a4 t,слы0шат
слышать,* s l y0 sh + a4 / t',слы0шать
слышит,* s l y0 sh / y4 t,слы0шит
слышишь,* s l y0 sh / y4 sh,слы0шишь
слышно,* s l y0 sh + n / a4,слы0шно
слышу,* s l y0 sh / u4,слы0шу
смазал,~ s * m a0 z + a4 + l,сма0зал
смастерил,~ s * m a2 s' t' i1 r' + i0 + l,смастери0л
смеется,* s m' i1 / j o0 ^ c a4,смее0тся
смела,* s m' e0 l / a4,сме0ла
смелое,* s m' e0 l / a4 j i4,сме0лое
смелый,* s m' e0 l / y4 j,сме0лый
смена,~ s * m' e0 n / a4,сме0на
сменить,~ s * m' i1 n' + i0 / d',смени0ть
смеркла,~ s * m' e0 r k + l / a4,сме0ркла
смеркло,~ s * m' e0 r k + l + a4,сме0ркло
смертельно,~ s * m' i1 r + t' e0 l' + n + a4,смерте0льно
смерти,~ s * m' e0 r t' / i4,сме0рти
смертных,~ s * m' e0 r t + n / y4 h,сме0ртных
смерть,~ s * m' e0 r + d',сме0рть
смешливый,* s m' i1 sh + l' i0 v / y4 j,смешли0вый
смешного,* s m' i1 + sh + n / o0 v a4,смешно0го
смешное,* s m' i1 + sh + n / o0 j i4,смешно0е
смешной,* s m' i1 + sh + n / o0 j,смешно0й
смешные,* s m' i1 + sh + n / y0 j i4,смешны0е
смешок,* s m' i1 + sh + o0 k,смешо0к
смеясь,* s m' i1 + j a0 ^ s',смея0сь
смирилась,~ s * m' i1 r' + i0 + l / a4 ^ s,смири0лась
смирились,~ s * m' i1 r' + i0 + l' / i4 ^ s',смири0лись
смог,~ s * m o0 g,смо0г
сможет,~ s * m o0 zh / y4 d,смо0жет
сможешь,~ s * m o0 zh / y4 sh,смо0жешь
сморкалась,* s m a1 r k + a0 + l / a4 ^ s',сморка0лась
смотрел,*s m a1 t r' + e0 + l,смотре0л
смотрела,* s m a1 t r' + e0 + l / a4,смотре0ла
смотрели,* - m a1 t r' + e0 + l' / i4,смотре0ли
смотреть,* - m a1 t r' + e0 / t',смотре0ть
смотрит,* s m o0 t r' / i4 t,смо0трит
смутно,~ s * m u0 t + n + a4,сму0тно
смысла,~ s * m y0 s l / a4,смы0сла
смысле,~ s * m y0 s l' / i4,смы0сле
смыслил,~ s * m y0 s l' + i4 + l,смы0слил
смягчилась,~ s * m' i1 h + ch + i0 + l / a4 ^ s',смягчи0лась
сначала,~ s * n a1 ch a0 l + a4,снача0ла
снег,* s n' e0 k,сне0г
снегом,* s n' e0 g / a4 m,сне0гом
сник,~ s * n' i0 k,сни0к
снимали,~ s n' * i1 m + a0 + l' / i4,снима0ли
сниткин,* s n' i0 t k + i4 n,сни0ткин
сниткина,* s n' i0 t k' + i4 n / a4,сни0ткина
сниткину,* s n' i0 t k' + i4 n / u4,сни0ткину
сниткиных,* s n' i0 t k' + i4 n / y4 h,сни0ткиных
снова,~ - * n o0 v + a4,сно0ва
сном,* s n / o0 m,сно0м
снял,~ s * n' + a0 + l,сня0л
сняли,~ s * n' + a0 + l' / i4,сня0ли
снятия,~ s * n' + a0 + t' i4 j / a4,сня0тия
снять,~ s * n' + a0 / t',сня0ть
собаку,* s a1 b a0 k / u4,соба0ку
собачками,* s a1 b a0 ch + k / a4 m' i4,соба0чками
собачья,* s a1 b a0 ch + j / a4,соба0чья
соберутся,~ s a2 * b' i1 r / u0 ^ c a4,соберу0тся
собиралась,~ s a2 * b' i1 r + a0 + l / a4 ^ s',собира0лась
собирались,~ s a2 * b' i1 r + a0 + l' / i4 ^ s',собира0лись
собирался,~ s a2 * b' i1 r + a0 + l ^ s' a4,собира0лся
собираюсь,~ s a2 * b' i1 r + a0 / j u4 ^ s',собира0юсь
собой,* s a1 b / o0 j,собо0й
собора,~ s a1 * b o0 r / a4,собо0ра
собрали,~ s a1 * b r + a0 + l' / i4,собра0ли
собрались,~ s a2 * b r + a1 + l' / i0 ^ s',собрали0сь
собрание,~ s a1 * b r + a0 + n' i4 j / i4,собра0ние
собраний,~ s a1 * b r + a0 + n' i4 j,собра0ний
собрания,~ s a1 * b r + a0 + n' i4 j / a4,собра0ния
собственная,* s o0 p + s t v' + i4 n - / a4 j a4,со0бственная
собственно,* s o0 p + s t v' + i4 n + a4,со0бственно
собственного,* s o0 p s t v' + i4 n / a4 v a4,со0бственного
собственной,* s o0 p + s t v' + i4 n - / a4 j,со0бственной
собственный,* s o0 p + s t v' + i4 n / y4 -,со0бственный
собственных,* s o0 p s t v' + i4 n / y4 h,со0бственных
события,~ s a1 * b y0 t' + i4 j / a4,собы0тия
совершеннейшей,~ s a2 * v' i1 r sh + e0 n' + i4 j sh / y4 j,соверше0ннейшей
совершенно,~ s a2 * v' i1 r sh + e0 n - + a4,соверше0нно
совершенны,~ s a2 * v' i1 r sh + e0 n - / y4,соверше0нны
совести,* s o0 v' i4 s' t' / i4,со0вести
советов,* s a1 v' e0 t / a4 f,сове0тов
советовал,* s a1 v' e0 t + a4 v - + l,сове0товал
советовали,* s a1 v' e0 t + a4 v a4 + l' / i4,сове0товали
советом,* s a1 v' e0 t / a4 m,сове0том
советует,* s a1 v' e0 t + u4 / - i4 t,сове0тует
совместном,~ s a1 ~ v * m' e0 s + n / a4 m,совме0стном
совпадает,~ s a2 ~ f * p a1 d + a0 / j i4 t,совпада0ет
соврал,~ s a1 * v r a0 + l,совра0л
соврать,~ s a1 * v r a0 / t',совра0ть
современной,~ s a2 * v r' i1 m' + e0 + n / a4 j,совреме0нной
совсем,* s a1 f s' e0 m,совсе0м
согласен,~ s a1 * g l a0 s' + - n,согла0сен
согласии,~ s a1 * g l a0 s' / i4 i4,согла0сии
согласилась,~ s a2 * g l a1 s' + i0 + l / a4 ^ s',согласи0лась
согласился,~ s a2 * g l a1 s' + i0 + l ^ s' a4,согласи0лся
согласиться,~ s a2 * g l a1 s' + i0 ^ c a4,согласи0ться
согласна,~ s a1 * g l a0 s + n / a4,согла0сна
соглашался,~ s a2 * g l a1 sh + a0 + l ^ s' a4,соглаша0лся
соглашаюсь,~ s a2 * g l a1 sh + a0 / j u4 ^ s',соглаша0юсь
согнал,~ s a1 * g n + a0 + l,согна0л
содействовала,~ a4 s * a1 d' e0 + j s t + v a4 v + a4 / l,содейство0вала
содержание,~ s a2 * d' i1 r zh + a0 + n' i4 - / i4,содержа0ние
содрогалась,~ s a2 * d r a1 g + a0 + l / a4 ^ s',содрога0лась
соединиться,~ a2 j * i1 d' i1 n' + i0 / c ^ - a4,соедини0ться
сожалению,* s a2 zh a1 l' + e0 n' i4 j / u4,сожале0нию
создается,~ s a2 * z d a1 / j o0 ^ c a4,создае0тся
создание,~ s a1 * z d + a0 + n' i4 j / i4,созда0ние
сознался,~ s a1 * z n a0 + l ^ s' a4,созна0лся
сознание,~ s a1 * z n a0 + n' i4 - / i4,созна0ние
сознания,~ s a1 * z n + a0 + n' i4 j / a4,созна0ния
сократить,~ s a2 * k r a1 t' + i0 / t',сократи0ть
сокровища,~ s a1 * k r o0 v' + i4 sc / a4,сокро0вища
солидарности,* s a2 l' i1 d a0 r + n + a4 s' t' / i4,солида0рности
солидные,* a1 l' i0 d n y4 / j i4 l',соли0дные
солнца,* s o0 n + c / a4,со0лнца
солнце,* s o0 n + c / y4,со0лнце
солнцем,* s o0 n + c / y4 m,со0лнцем
солнцепек,* s a2 n + c = y1 * p' o0 k,солнцепе0к
сомкнулись,~ s a1 * m k + n u0 + l' / i4 ^ s',сомкну0лись
сомнений,~ s a1 * m n' + e0 n' i4 j,сомне0ний
сомнения,* s a1 m n' + e0 n' i4 j / a4,сомне0ния
сон,* s o0 n,со0н
сонно,* s o0 n + - + a4,со0нно
соображает,~ s a2 ~ a2 b * r a1 zh + a0 / j i4 t,сообража0ет
соображал,~ s a2 ~ a2 b * r a1 zh + a0 + l,сообража0л
соображала,~ s a2 ~ a1 b * r a1 zh + a0 l / a4,сообража0ла
сообразил,~ s a2 ~ a2 b * r a1 z' / i0 / l,сообрази0л
сообразили,~ s a2 * a2 b r a1 z' + i0 + l' / i4,сообрази0ли
сообразительная,~ s a2 * a2 b r a1 z' + i0 + t' i4 l' + n / a4 j a4,сообрази0тельная
сообразительный,~ s a2 * a2 b r a1 z' + i0 + t' i4 l' + n / y4 j,сообрази0тельный
сообщала,~ s a2 * a1 p sc + a0 + l / a4,сообща0ла
сообщать,~ s a2 * a1 p sc + a0 / t',сообща0ть
сообщения,~ s a2 * a1 p sc + e0 n' i4 j / a4,сообще0ния
сообщил,~ s a2 * a1 p sc + i0 + l,сообщи0л
сообщила,~ s a2 * a1 p sc + i0 + l / a4,сообщи0ла
сообщить,~ s a2 * a1 p sc + i0 / t',сообщи0ть
сопровождаемые,~ s a2 ~ p r a2 * v a1 zh d + a0 + - i4 m / y4 - i4,сопровожда0емые
сопротивление,~ s a2 * p r a2 t' i1 v + l' + e0 n' i4 - / i4,сопротивле0ние
сопротивлялся,~ s a2 * p r a2 t' i1 v + l' + a0 + l ^ s' a4,сопротивля0лся
сорок,* s a1 r o0 k,соро0к
сороковки,* s a2 r a1 k + o0 f k' / i4,сороко0вки
сорокового,* s a2 r a2 k + a1 v / o0 v a4,сороково0го
сосед,~ s a1 * s' e0 t,сосе0д
соседей,~ s a1 * s' e0 d' / i4 j,сосе0дей
соседи,~ s a1 * s' e0 d' / i4,сосе0ди
соседка,~ s a1 * s' e0 t + k / a4,сосе0дка
соседки,~ s a1 * s' e0 t + k' / i4,сосе0дки
соседнего,~ s a1 * s' e0 d + n' / i4 v a4,сосе0днего
соседней,* s a1 s' e0 d + n' / i4 j,сосе0дней
соседнюю,~ s a1 * s' e0 d + n' / i4 j u4,сосе0днюю
соседями,* s a1 s' e0 d' / a4 m' i4,сосе0дями
сосен,* s o0 s' i4 n,со0сен
соскочили,~ s a2 * s k a1 ch + i0 + l' / i4,соскочи0ли
сослуживцам,~ s a2 * s l u1 zh + y0 f + c / a4 m,сослужи0вцам
сослуживцы,~ s a2 * s l u1 zh + y0 f + c / y4,сослужи0вцы
соснами,* s o0 s n / a4 m' i4,со0снами
сосновая,* s - - n + o0 v a4 / j a4,со0сновая
сосредоточенно,~ s a2 * s r' i1 d a1 t o0 ch + i4 n + a4,сосредото0ченно
составлении,* s a2 s t a1 v l' + e0 n' i4 / i4,составле0нии
состоит,~ s a2 * s t a1 / i0 t,состои0т
состоялся,~ s a2 * s t a1 + j a0 + l ^ s' a4,состоя0лся
состояние,~ s a2 * s t a1 + j a0 + n' i4 - / i4,состоя0ние
состоянии,~ s a2 * s t a1 + j a0 + n' i4 / i4,состоя0нии
состоянию,~ s a2 * s t a1 + j a0 + n' i4 j / u4,состоя0нию
состояния,~ s a2 * s t a1 + j a0 + n' i4 - / i4,состоя0ния
сосудов,~ s a1 * s u0 d / a4 f,сосу0дов
сот,* s o0 t,со0т
сотниковой,* s o0 t + n' + i1 k + a4 v / a4 j,со0тниковой
сотрудникам,~ s a1 * t r u0 d + n' i4 k / a4 m,сотру0дникам
сохнет,* s o0 h + n' / i4 -,со0хнет
сохранившийся,~ s a2 * h r a1 n' + i0 + f sh / y4 j ^ s' a4,сохрани0вшийся
сохранилось,~ s a2 * h r a1 n' + i0 + l / a4 ^ s',сохрани0лось
сочинением,* s a2 ch i1 n' + e0 n' i4 j / i4 m,сочине0нием
сочинения,~ s a2 * ch i1 n' + e0 n' i4 j / a4,сочине0ния
сочинил,~ s a2 * ch i1 n' + i0 + l,сочини0л
сочинял,* s a2 ch i1 n' + a0 + l,сочиня0л
сочувствие,~ - a1 * ch u0 + s t v' + i4 - / i4,сочу0вствие
сочувствием,~ s a1 * ch u0 + s t v' + i4 j / i4 m,сочу0вствием
сошел,~ s a1 * sh o0 + l,соше0л
сошелся,~ s a1 * sh o0 + l ^ s' a4,соше0лся
сошлось,~ s a1 * sh + l + o0 ^ s',сошло0сь
союзах,* s a1 j u0 z / a4 h,сою0зах
спазм,* s p a0 z m,спа0зм
спазмы,* s p a0 z m / y4,спа0змы
спал,* s p + a0 + l,спа0л
спали,* s p + a0 + l' / i4,спа0ли
спасали,~ s * p a1 s + a0 + l' / i4,спаса0ли
спасался,~ s * p a1 s + a0 + l ^ s' a4,спаса0лся
спасет,~ s * p a1 s' / o0 d,спасе0т
спасибо,* s p a1 s' i0 b a4,спаси0бо
спасительный,~ s * p a1 s' + i0 + t' i4 l' + n / y4 -,спаси0тельный
спать,* - p + a0 / t',спа0ть
спектакль,* s p' i1 k t a0 k l',спекта0кль
спертый,~ s * p' o0 r + t / y4 -,спе0ртый
специалиста,* - p' i1 c y1 a1 l' + i0 s t / a4,специали0ста
специально,* s p' i1 c y1 a0 l' + n + a4,специа0льно
специального,* s p' i1 c a0 - l' + n / a4 v a4,специ0ального
спешил,* s p' i1 sh + y0 + l,спеши0л
спинке,* s p' i0 n + k' / i4,спи0нке
спиной,* s p' i1 n / o0 -,спино0й
спиреи,* s p' i1 r' e0 / i4,спире0и
спит,* s p' / i0 d,спи0т
сплетня,~ s * p l' e0 t + n' / a4,спле0тня
спокойна,~ s * p a1 k o0 j + n / a4,споко0йна
спокойная,~ s * p a1 k o0 j + n / a4 j a4,споко0йная
спокойнее,~ s * p a1 k o0 i4 + n' + i4 j i4,споко0йнее
спокойно,~ s * p a1 k o0 + j + n + a4,споко0йно
спокойное,~ s * p a1 k o0 + j + n / a4 j i4,споко0йное
спокойствие,~ s * p a1 k o0 + j + s t v' + i4 j / i4,споко0йствие
споривших,* s p o0 r' + i4 + f sh / y4 h,спо0ривших
спорить,* s p o0 r' + i4 / t',спо0рить
спорта,* s p o0 r t / a4,спо0рта
спортивная,* s p a1 r t' + i0 v + n / a4 j a4,спорти0вная
спортивного,* s p a1 r t' + i0 v + n / - - -,спорти0вного
спортивной,* s p a1 r t' + i0 v + n / a4 j,спорти0вной
спортивном,* s p a1 r t' + i0 v + n / a4 m,спорти0вном
спортивный,* s p a1 r t' + i0 v + n / y4 j,спорти0вный
спортивных,* s p a1 r t' + i0 v + n / y4 h,спорти0вных
спортом,* s p o0 r t / a4 m,спо0ртом
спортсмен,* s p a1 r c m' e0 n,спортсме0н
спортсменка,* s p a1 r c m' e0 n + k / a4,спортсме0нка
спорю,* s p o0 r' / u4,спо0рю
способен,* s p a1 s o0 b' + i4 n,спосо0бен
способностей,* s p a1 s o0 b + n + a4 s' t' / e4 i4,спосо0бностей
способны,* s p a1 s o0 b + n / y4,спосо0бны
способный,* s p a1 s o0 b + n / y4 -,спосо0бный
спотыкаясь,~ s ~ p a2 * t y1 k + a0 + j i4 ^ s',спотыка0ясь
спохватился,~ s ~ p a2 * h v a1 t' + i0 + l ^ s' a4,спохвати0лся
справа,~ s * p r a0 v / a4,спра0ва
справится,~ s * p r a0 v' / i4 c ^ - a4,спра0вится
спрашивает,~ s * p r a0 sh + y4 v a4 / - i4 t,спра0шивает
спрашиваете,~ s * p r a0 sh + y4 v a4 j / i4 t' i4,спра0шиваете
спрашивал,~ s * p r a0 sh + - v a4 + l,спра0шивал
спрашивала,~ s * p r a0 sh + y4 v a4 + l / a4,спра0шивала
спрашивали,~ s * p r a0 sh + y4 v a4 + l' / i4,спра0шивали
спрашивать,~ s * p r a0 sh + y4 v a4 / t',спра0шивать
спрашивают,~ s * p r a0 sh + y4 v a4 / j u4 c,спра0шивают
спрашивая,~ s * p r a0 sh + y4 v - j + -,спра0шивая
спроса,~ s * p r o0 s / a4,спро0са
спросил,~ s * p r a1 s' + i0 + l,спроси0л
спросила,~ s * p r a1 s' + i0 + l / a4,спроси0ла
спросит,~ s * p r o0 s' / i4 t,спро0сит
спросить,~ s * p r a1 s' + i0 / d',спроси0ть
спрятал,~ s * p r' a0 t + a4 + l,спря0тал
спускайся,~ - * p u1 s k / a0 j ^ s' i4,спуска0йся
спускаюсь,~ s * p u1 s k + a0 / j u4 ^ s',спуска0юсь
спустилась,~ s * p u1 s' t' + i0 + l / a4 ^ z',спусти0лась
спустились,~ s * p u1 s' t' + i0 + l' / i4 ^ s',спусти0лись
спустился,~ s * p u1 s t' + i0 + l ^ s' a4,спусти0лся
спутать,~ s * p u0 t + a4 / d',спу0тать
спят,* s p' / a0 t,спя0т
спящего,* s p' + a0 sc / i4 v a4,спя0щего
сравнении,~ s * r a1 v n' + e0 n' i4 / i4,сравне0нии
сравнивал,~ s * r a0 v n' + i4 v a4 + l,сра0внивал
сравнивать,~ s * r a0 v + n' + i4 v a4 / t',сра0внивать
сражения,~ s * r a1 zh + e0 n' i4 j / a4,сраже0ния
сразу,~ - * r a0 z + u4,сра0зу
среднего,* s r' e0 d + n' / i4 v a4,сре0днего
средней,* s r' e0 d + n' / i4 j,сре0дней
средство,* s r' e0 + c t v / a4,сре0дство
срок,* s r o0 k,сро0к
срока,* s r o0 k / a4,сро0ка
сроки,* s r o0 k' / i4,сро0ки
срочно,* s r o0 ch + n + a4,сро0чно
срочную,* s r o0 ch + n / u4 j u4,сро0чную
ссора,* s o0 r / a4,ссо0ра
ссорах,* s o0 r / a4 h,ссо0рах
ссоре,* s o0 r' / i4,ссо0ре
ссорился,* s - o0 r' + i4 + l ^ s' a4,ссо0рился
ссоры,* s o0 r / y4,ссо0ры
ссутулилась,* s u1 t u0 l' + i4 + l / a4 ^ s',ссуту0лилась
ссылался,* s y1 l + a0 + l ^ s' a4,ссыла0лся
ссылаться,* s y1 l + a0 ^ c a4,ссыла0ться
ставил,* s t a0 v' + i4 + l,ста0вил
ставит,* s t a0 v' / i4 d,ста0вит
ставьте,* s t a0 f' / t' i4,ста0вьте
стадион,* s t a2 d' i1 o0 n,стадио0н
стадионе,* s t a2 d' i1 o0 n' / i4,стадио0не
стал,* s t a0 + l,ста0л
стала,* s t a0 + l / a4,ста0ла
стали,* s t a0 + l' / i4,ста0ли
стало,* s t a0 + l / a4,ста0ло
станет,* s t a0 n' / i4 t,ста0нет
станете,* s t a0 + n' / i4 t' i4,ста0нете
становились,* s t a2 + n + a1 v' + i0 + l' / i4 ^ s',станови0лись
становилось,* s t a2 + n + a1 v' + i0 + l / a4 ^ s',станови0лось
становился,* s t a2 + n + a1 v' + i0 + l ^ s' a4,станови0лся
становится,* s t a1 n + o0 v' / i4 ^ c a4,стано0вится
становятся,* s t a1 n + o0 v' / a4 ^ c a4,стано0вятся
стану,* s t a0 + n / u4,ста0ну
станции,* s t a0 n c y4 / i4,ста0нции
станцию,* a0 n c y4 j + u4 z / a2,ста0нцию
стар,* s t a0 r,ста0р
старается,* s t a1 r a0 / - i4 c ^ - a4,стара0ется
старалась,* s t a1 r a0 + l + a4 ^ s',стара0лась
старался,* s t a1 r a0 + l ^ s' a4,стара0лся
стараться,* s t a1 r a0 / c ^ - a4,стара0ться
стараюсь,* s t a1 r + a0 / j u4 ^ s',стара0юсь
стараясь,* s t a1 r a0 + - i4 ^ s',стара0ясь
старей,* s t a0 r' + i4 + j,ста0рей
стареть,* s t a1 r' + e0 / t',старе0ть
старик,* s t a1 r' + i0 g,стари0к
стариков,* s t a2 r' + i1 k / o0 f,старико0в
стариковским,* s t a2 r' + i1 k + o0 f + s k' / i4 m,старико0вским
старичком,* s t a2 r' + i1 ch + k / o0 m,старичко0м
старичок,* s t a2 r' + i1 ch + o0 g,старичо0к
старое,* s t a0 r / a4 j i4,ста0рое
старом,* s t a0 r / a4 m,ста0ром
старух,* s t a1 r / u0 h,стару0х
старуха,* s t a1 r + u0 h / a4,стару0ха
старухи,* s t a1 r + u0 h' / i4,стару0хи
старушка,* s t a1 r + u0 sh + k / a4,стару0шка
старческие,* s t a0 r ch + i4 s k' / i4 - i4,ста0рческие
старше,* s t a0 r + sh y4,ста0рше
старший,* s t a0 r + sh / y4 j,ста0рший
старшим,* s t a0 r + sh / y4 m,ста0ршим
старые,* s t a0 r / y4 j i4,ста0рые
старый,* s t a0 r / y4 j,ста0рый
старым,* - t a0 r / y4 m,ста0рым
старых,* s t a0 r / y4 h,ста0рых
стати,* s t a0 t' / i4,ста0ти
стать,* s t a0 / d',ста0ть
стеклам,* s t' o0 k l / a4 m,сте0клам
стеклом,* - t' i1 k l / o0 m,стекло0м
стеклянной,* s t' i1 k l' + a0 n / a4 j,стекля0нной
стелил,* s t' i1 l' + i0 + l,стели0л
стелила,* s t' i1 l' + i0 + l / a4,стели0ла
стенами,* s t' e0 n / a4 m' i4,сте0нами
стенкою,* s t' e0 n + k / a4 j u4,сте0нкою
стенку,* s t' e0 n + k / u4,сте0нку
стену,* s t' e0 n / u4,сте0ну
стены,* s t' e0 n / y4,сте0ны
стесняйся,~ s * t' i1 s' n' + a0 + j ^ s' a4,стесня0йся
стеснялась,~ s * t' i1 s' n' + a0 + l / a4 ^ s',стесня0лась
стеснялся,~ s * t' i1 s' n' + a0 + l ^ s' a4,стесня0лся
стесняются,~ s * t' i1 s' n' + a0 / j u4 ^ c a4,стесня0ются
стимул,* s t' i0 m u4 l,сти0мул
стирает,~ s * t' i1 r + a0 / j i4 d,стира0ет
стирка,~ s * t' i0 r + k / a4,сти0рка
стискивали,~ s * t' i0 s k' + i4 v a4 + l' / i4,сти0скивали
стиснула,~ s * t' i0 s + n u4 + l / a4,сти0снула
стихов,* s t' i1 h / o0 f,стихо0в
стихотворения,* s t' i1 h = a2 * t v a1 r' + e0 n' i4 j / a4,стихотворе0ния
стоило,* s t o0 + i4 + l / a4,сто0ило
стоит,* s t a1 / i0 d,стои0т
стол,* s t o0 l,сто0л
столб,* s t o0 l p,сто0лб
столешниковом,* s t a1 l' + e0 sh + n' i4 k + a4 v / a4 m,столе0шниковом
столик,* s t o0 l' + i4 k,сто0лик
столиком,* s t o0 l' + i0 k / a4 m,сто0ликом
столовой,* s t a1 l + o0 v / a4 j,столо0вой
столовую,* s t a1 l + o0 v / u4 j u4,столо0вую
столом,* c t a1 l / o0 m,столо0м
стольких,* s t o0 l' + k' / i4 h,сто0льких
столько,* s t o0 l' k + a4,сто0лько
стопку,* s t o0 p + k / u4,сто0пку
сторожей,* s t a2 r a1 zh / e0 j,стороже0й
сторон,* s t a1 r o0 n,сторо0н
сторонам,* s t a2 r a1 n / a0 m,сторона0м
сторону,* s t o0 r a4 n / u4,сто0рону
стороны,* s t o0 r a4 n / y4,сто0роны
стоя,* s t o0 j + a4,сто0я
стоявшего,* s t a1 j + a0 + f sh / e4 v a4,стоя0вшего
стоявшие,* s t a1 j + a0 + f sh / y4 - i4,стоя0вшие
стоявшими,* s t a1 j + a0 + f sh / y4 m' i4,стоя0вшими
стоявшую,* s t a1 j + a0 + f sh / u4 j u4,стоя0вшую
стоял,* s t a1 j + a0 + l,стоя0л
стояла,* s t a1 j + a0 + l / a4,стоя0ла
стояли,* s t a1 j + a0 + l' / i4,стоя0ли
стоят,* s t a1 / j a0 t,стоя0т
стоять,* s t a1 j + a0 / d',стоя0ть
стоящее,* s t a1 + j a0 sc / i4 j i4,стоя0щее
страдает,* s t r a1 d + a0 / j i4 t,страда0ет
страдал,* s t r a1 d + a0 + l,страда0л
страдала,* s t r a1 d + a0 + l / a4,страда0ла
страдание,* s t r a1 d + a0 + n' i4 j / a4,страда0ние
страдания,* s t r a1 d + a0 + n' i4 j / a4,страда0ния
страдать,* s t r a1 d + a0 / t',страда0ть
странная,* s t r a0 + n / a4 j a4,стра0нная
странно,* s t r a0 n + - + a4,стра0нно
странное,* s t r a0 + n / a4 j i4,стра0нное
странной,* s t r a0 + n / a4 j,стра0нной
странную,* s t r a0 n + - / u4 j u4,стра0нную
странные,* s t r a0 + n / y4 j i4,стра0нные
странный,* s t r a0 n + - / y4 j,стра0нный
странным,* s t r a0 + n / y4 m,стра0нным
страстная,* s t r a0 s + n / a4 j a4,стра0стная
страстно,* s t r a0 s + n / a4,стра0стно
страстном,* s t r a0 s + n / a4 m,стра0стном
страстным,* s t r a0 s + n / y4 m,стра0стным
страхе,* s t r a0 h' + i4,стра0хе
страшнее,* s t r a1 sh + n' + e0 j i4,страшне0е
страшно,* s t r a0 sh + n + a4,стра0шно
страшного,* s t r a0 sh + n / a4 v a4,стра0шного
страшное,* s t r a0 sh + n / a4 j i4,стра0шное
страшной,* s t r a0 sh + n / a4 j,стра0шной
стремится,* s t r' i1 m' / i0 ^ c a4,стреми0тся
стремиться,* s t r' i1 m' + i0 ^ c a4,стреми0ться
строгая,* s t r o0 g / a4 j a4,стро0гая
строгие,* s t r o0 g' / i4 j i4,стро0гие
строго,* s t r o0 g + a4,стро0го
строгое,* s t r o0 g / a4 j i4,стро0гое
строгому,* s t r o0 g / a4 m u4,стро0гому
строгостью,* s t r o0 g + a4 s' t' / j u4,стро0гостью
строил,* s t r o0 + i4 + l,стро0ил
строился,* s t r o0 + i4 + l ^ s' a4,стро0ился
строительстве,* s t r a1 + i0 + t' i4 l' + s t v' / i4,строи0тельстве
стройках,* s t r o0 + j + k / a4 h,стро0йках
строят,* s t r o0 + j / i4 t,стро0ят
струей,* s t r u1 j / o0 j,струе0й
студентом,* s t u1 d' e0 n t / a4 m,студе0нтом
студенческих,* s t u1 d' e0 n' ch + i4 s k' / i4 h,студе0нческих
стук,* s t u0 g,сту0к
стукнул,* s t u0 k + n u4 + l,сту0кнул
стуком,* s t u0 k / a4 m,сту0ком
стул,* s t u0 l,сту0л
стула,* s t u0 l / a4,сту0ла
стуле,* s t u0 - / l,сту0ле
ступеньке,* s t u1 p' + e0 n' + k' / i4,ступе0ньке
ступеням,* s t u1 p' + e0 n' / a4 m,ступе0ням
стучал,* s t u1 ch + a0 + l,стуча0л
стучала,* s t u1 ch + a0 + l / a4,стуча0ла
стучит,* s t u1 ch / i0 t,стучи0т
стыдно,* s t y0 d + n + a4,сты0дно
стыдящиеся,* s t y1 d' + a0 sc / i4 j i4 ^ s' a4,стыдя0щиеся
стычек,~ s * t y0 ch + i4 k,сты0чек
стянул,~ s * t' i1 + n u0 + l,стяну0л
сугробам,* s u1 g r o0 b / a4 m,сугро0бам
сугробы,* s u1 g r o0 b / y4,сугро0бы
суд,* s u0 t,су0д
суеверие,* s u1 i1 * v' e0 r' + i4 i4 / o0,суеве0рие
сукном,* s u1 k n / o0 m,сукно0м
сумасшедшая,~ s * u1 m = a1 * sh e0 + ch + sh / a4 j a4,сумасше0дшая
сумасшедший,~ s * u1 m = a1 * sh e0 + ch + sh / y4 j,сумасше0дший
сумасшествием,~ s * u1 m = a1 * sh e0 + s t v' + i4 / - i4 m,сумасше0ствием
суматохе,* s u1 m a1 t o0 h' / e4,сумато0хе
сумбурной,* s u1 m b u0 r + n / a4 j,сумбу0рной
сумеешь,~ s * u1 m' + e0 / j i4 sh,суме0ешь
сумела,~ s * u1 m' + e0 + l / a4,суме0ла
сумею,~ s * u1 m' + e0 / j u4,суме0ю
сумками,* s u0 m + k / a4 m' i4,су0мками
сумки,* s u0 m + k' / i4,су0мки
сумку,* s u0 m + k / u4,су0мку
сумочками,* s u0 m + a4 ch k / a4 m' i4,су0мочками
супругу,* s u1 p r u0 g / u4,супру0гу
супружеской,* s u1 p r u0 zh + a4 s k / a4 j,супру0жеской
сутки,* s u0 t k' / i4,су0тки
сутулься,* s u1 t u0 l' ^ s' a4,суту0лься
сухими,* s u1 h' / i0 m' i4,сухи0ми
сухо,* s u0 h + -,су0хо
сушит,* s u0 sh / y4 d,су0шит
существенно,* s u1 sc + e0 s t v' + i4 n + a4,суще0ственно
существовал,* s u1 sc + i1 s t v + a1 v + a0 / l,существова0л
существовать,* s u1 sc + i1 s t v + a1 v + a0 / d',существова0ть
существует,* s u1 sc + i1 s t v + u0 / j i4 d,существу0ет
существующими,* s u1 sc + i1 s t v + u0 + j u4 sc / i4 m' i4,существу0ющими
схватил,~ s * h v a1 t' + i0 + l,схвати0л
схватился,~ s * h v a1 t' + i0 + l ^ s' a4,схвати0лся
сходилась,~ s * h a1 d' + i0 + l / a4 ^ s',сходи0лась
сцену,* s c e0 n / u4,сце0ну
сцены,* c - e0 n / y4,сце0ны
счастию,* sc a0 s' t' + i4 j / u4,сча0стию
счастлив,* sc a0 s + l' i4 f,сча0стлив
счастливой,* sc i1 s + l' i0 v / a4 j,счастли0вой
счастье,* sc a0 s' t' j / i4,сча0стье
счастья,* sc a0 s' t' j / a4,сча0стья
счет,* sc o0 d,сче0т
считавшая,* sc i1 t + a0 + f sh / a4 j a4,счита0вшая
считает,* sc i1 t + a0 / - i4 t,счита0ет
считается,* sc i1 t + a0 / - i4 ^ c a4,счита0ется
считаешь,* sc i1 t + a0 / j i4 sh,счита0ешь
считайся,* sc i1 t + a0 + j ^ s' a4,счита0йся
считайте,* sc i1 t + a0 + j + t' i4,счита0йте
считал,* ch i1 t + a0 + l,счита0л
считала,* sc i1 t + a0 + l / a4,счита0ла
считали,~ sc * i1 t + a0 + l' / i4,счита0ли
считалось,* sc i1 t + a0 + l / a4 ^ s',счита0лось
считать,* sc i1 t + a0 / c,счита0ть
считаться,* sc i1 t + a0 ^ c a4,счита0ться
считаю,* sc i1 t + a0 / j u4,счита0ю
считают,* sc i1 t + a0 / j u4 t,счита0ют
сшибло,* s sh y0 + b / l,сши0бло
сшитого,* sh sh + y0 / t a4 v,сши0того
съезжаться,~ s * j i1 zh - + a0 / c ^ - a4,съезжа0ться
съесть,~ s * j e0 s' / t',съе0сть
съязвить,~ c * s j i1 z + v' / i0,съязви0ть
сын,* s y0 n,сы0н
сына,* s y0 n / a4,сы0на
сыновей,* s y1 n + a1 v' / e0 j,сынове0й
сынок,* s y1 n + o0 k,сыно0к
сыном,* s y0 n / a4 m,сы0ном
сыпаться,* s y0 p + a4 ^ c a4,сы0паться
сырой,* s y1 r / o0 j,сыро0й
сыром,* s y0 r / a4 m,сы0ром
сырость,* s y0 r + a4 s' t',сы0рость
сырую,* s y1 r / u0 j u4,сыру0ю
сырым,* s y1 r / y0 m,сыры0м
сытую,* s y0 t / u4 j u4,сы0тую
сюрприз,* s' u1 r p r' i0 s,сюрпри0з
сядь,* s' a0 c,ся0дь
табачных,* t a1 b a0 ch + n / y4 h,таба0чных
таблетки,* t a1 b l' e0 t + k' / i4,табле0тки
таблица,* t a1 b l' + i0 c / a4,табли0ца
таблицей,* t a1 b l' + i0 c / y4 j,табли0цей
таинственно,* t a1 i0 n + s t v' + i4 n + a4,таи0нственно
тайком,* t a1 j + k + o0 m,тайко0м
тайно,* t a0 j + n + a4,та0йно
тайное,* t a0 j n / a4 - i4,та0йное
тайную,* t a0 j n / u4 - -,та0йную
тайные,* t a0 j n / y4 j i4,та0йные
так,* - a0 k,та0к
такая,* t a1 k / a0 j a4,така0я
такие,* t a1 k' / i0 - i4,таки0е
таким,* t a1 k' / i0 m,таки0м
такими,* t a1 k' / i0 m' i4,таки0ми
таких,* t a1 k' / i0 -,таки0х
такого,* t a1 k / o0 v a4,тако0го
такое,* - a1 k / o0 j i4,тако0е
такой,* - a1 k / o0 j,тако0й
таком,* t a1 k / o0 m,тако0м
такую,* t a1 k / u0 j u4,таку0ю
талантливый,* t a1 l a0 n t + l' i4 v / y4 j,тала0нтливый
там,* t a0 m,та0м
тане,* t a0 n' / i4,та0не
таней,* t a0 n' / i4 j,та0ней
тани,* t a0 n' / i4,та0ни
танины,* t a0 n' + i4 n / y4,та0нины
тань,* t a0 n',та0нь
таню,* t a0 n' / u4,та0ню
танюшки,* t a1 n' + u0 sh k' / i4,таню0шки
таня,* a0 n' / a4,та0ня
тапочках,* t a0 p + a4 ch k / a4 h,та0почках
таракан,* t a2 r a1 k a0 n,тарака0н
тарахтеть,* t a2 r a1 h t' + e0 / t',тарахте0ть
тарелки,* t a1 r' e0 l + k' / i4,таре0лки
таскать,* t a1 s k + a0 / t,таска0ть
тахты,* t a1 h t / y0,тахты0
тащился,* t a1 sc + i0 + l ^ s' a4,тащи0лся
тащить,* t a1 sc + i0 / t',тащи0ть
твердевшую,* t v' i1 r d' + e0 + f sh / - j u4,тверде0вшую
твердеет,* t v' i1 r d' + e0 / j i4 t,тверде0ет
твердея,* t v' i1 r d' + e0 j / a4,тверде0я
твердил,* t v' i1 r d' + i0 / l,тверди0л
твердо,* t v' o0 r d + a4,тве0рдо
твердое,* t v' o0 r d / a4 - i4,тве0рдое
твердым,* t v' o0 r d / y4 m,тве0рдым
твоей,* t v a1 / j e0 j,твое0й
твоем,* t v a1 j / o0 m,твое0м
твоим,* t v a1 / i0 m,твои0м
твой,* t v o0 / j,тво0й
творчестве,* t v o0 r ch i4 s t v' / i4,тво0рчестве
твоя,* t v a1 j / a0,твоя0
театр,* t' i1 a0 t r,теа0тр
театра,* - i1 a0 t r / a4,теа0тра
театре,* t' i1 a0 t r' / i4,теа0тре
тебе,* d' e0 n' / g',те0бе
тебя,* i1 b' a0 / n',тебя0
тезка,* t' o0 s k / a4,те0зка
текстов,* t' e0 k s t / a4 f,те0кстов
телевизора,* t' i1 l' i1 v' i0 z a4 r / a4,телеви0зора
телеграмму,* t' i1 l' i1 g r a0 m / u4,телегра0мму
телеграфировали,~ t' i1 l' i1 * g r a1 f' + i0 r a4 v a4 + l' / i4,телеграфи0ровали
телефон,~ t' i1 l' i1 * f o0 n,телефо0н
телефона,~ t' i1 l' i1 * f o0 n / a4,телефо0на
телефонного,~ t' i1 l' i1 * f o0 n + - / a4 v a4,телефо0нного
телефону,~ t' i1 l' i1 * f o0 n / u4,телефо0ну
телефоны,~ t' i1 l' i1 * f o0 n / y4,телефо0ны
телом,* t' e0 l / a4 m,те0лом
тем,* t' / e0,те0м
теми,* t' / e0 m' i4,те0ми
темневшее,* t' i1 m n' + e0 + f sh / y4 j i4,темне0вшее
темнить,* t' i1 m n' + i0 / t',темни0ть
темно,* t' o0 m n / a4,те0мно
темно-,* t' o0 m n / a4,те0мно-
темной,* t' o0 m n / a4 j,те0мной
темные,* t' o0 m n / y4 j i4,те0мные
темным,* t' o0 m + n / y4 m,те0мным
тему,* t' e0 m / u4,те0му
теннис,* t e0 n' i4 s,те0ннис
теннисном,* t e0 n' i4 s + n / a4 m,те0ннисном
тень,* t' e0 n',те0нь
теперь,* - i1 p' e0 r',тепе0рь
теплое,* t' o0 p l / a4 j i4,те0плое
терзался,* t' i1 r z + a0 + l ^ s' a4,терза0лся
терзать,* t' i1 r z + a0 / t',терза0ть
терла,* t' o0 r + l / a4,те0рла
терпел,* t' i1 r p' + e0 + l,терпе0л
терпеливо,* t' i1 r p' + i1 + l' i0 v + a4,терпели0во
террористка,* t y1 r a1 r' + i0 s t + k / a4,террори0стка
тертую,* t' o0 r + t / u4 j u4,те0ртую
тесть,* t' e0 s' t',те0сть
тестя,* t' e0 s' t' / a4,те0стя
тете,* t' o0 t' / i4,те0те
тетеря,* t' i1 t' e0 r' / a4,тете0ря
тетка,* t' o0 t + k / a4,те0тка
тетки,* t' o0 t + k' / i4,те0тки
тетрадей,* t' i1 t r a0 d' / i4 j,тетра0дей
тетради,* i1 t' i1 t r a0 / d',тетради0
тетрадных,* - - t r a0 d + n / y4 h,те0традных
тетрадями,* t' i1 t r a0 d' / a4 m' i4,тетра0дями
тетя,* t' o0 t' / a4,те0тя
тех,* t' / e0 h,те0х
техник,* t' e0 h n' + i4 k,те0хник
техническим,* t' i1 h n' + i0 ch + i4 + s k' / i4 m,техни0ческим
технических,* t' i1 h n' + i0 ch + i4 + s k' / i4 h,техни0ческих
течение,* t' i1 ch + e0 n' i4 - / i4,тече0ние
теща,* t' o0 sc / a4,те0ща
теще,* t' o0 sc / i4,те0ще
тещи,* t' o0 sc / i4,те0щи
тещиной,* t' o0 sc + i4 n / a4 j,те0щиной
тещу,* t' o0 sc / u4,те0щу
тихие,* t' i0 h' / i4 j i4,ти0хие
тихим,* t' i0 h' / i4 m,ти0хим
тихо,* t' i0 h + a4,ти0хо
тихое,* t' i0 h / a4 - i4,ти0хое
тихонько,* t' i1 h + o0 n' k / a4,тихо0нько
тише,* t' i0 sh + e4,ти0ше
тишиной,* t' i1 sh + y1 n / o0 j,тишино0й
ткнул,* t k + n u0 + l,ткну0л
ткнулась,* t k + n u0 + l / a4 ^ s',ткну0лась
ткнуться,* t k + n u0 / c ^ - a4,ткну0ться
тлела,* t l' + e0 + l / a4,тле0ла
тобой,* a1 b o0 / j z,тобо0й
товарищ,* t a1 v a0 r' i4 sc,това0рищ
товарищем,* t a1 v a0 r' i4 sc / i4 m,това0рищем
товарищеский,* t a1 v a0 r' i4 sc + i4 + s k' / i4 j,това0рищеский
товарищеского,* t a1 v a0 r' i4 sc + i4 + s k / a4 v a4,това0рищеского
товарищи,* t a1 v a0 r' i4 sc / i4,това0рищи
товарищу,* t a1 v a0 r' i4 sc / u4,това0рищу
товт,* t o0 f t,то0вт
того,* k / a0 - k,то0го
тоже,* t o0 zh e4,то0же
той,* t o0 j,то0й
током,* t o0 k / a4 m,то0ком
толик,* t o0 l' + i4 k,то0лик
толкающих,* t a1 l k + a0 + j u4 sc / i4 h,толка0ющих
толклись,* t a1 l k + l' / i0 ^ s',толкли0сь
толковое,* t a1 l k + o0 v / a4 - i4,толко0вое
толковый,* t a1 l k + o0 v / y4 j,толко0вый
толпой,* t a1 l p / o0 j,толпо0й
толстовках,* t a1 l s t + o0 f + k / a4 h,толсто0вках
толстую,* t o0 l s t / u4 j u4,то0лстую
толсты,* t o0 l s t / y4,то0лсты
толстые,* t o0 l s t / y4 j i4,то0лстые
толстый,* t o0 l s t / y4 j,то0лстый
толстым,* t o0 l s t / y4 m,то0лстым
только,* - o0 l' k a4,то0лько
тона,* t o0 n / a4,то0на
тоне,* t o0 n' / i4,то0не
тонкая,* t o0 n + k / a4 j a4,то0нкая
тонкие,* t o0 n + k' / i4 - i4,то0нкие
тонкий,* t o0 n + k' / i4 j,то0нкий
тонкой,* t o0 n + k / a4 j,то0нкой
тонком,* t o0 n + k / a4 m,то0нком
тоном,* t o0 n / a4 m,то0ном
тонут,* t o0 n / u4 t,то0нут
топчан,* t a1 p ch + a0 n,топча0н
топчане,* t a1 p ch + a0 n' / i4,топча0не
торжественно,* t a1 r zh e0 s t v' + i4 n + a4,торже0ственно
торжественного,* t a1 r zh e0 s t v' + i4 n / a4 v a4,торже0ственного
торопилась,* t a2 r a1 p' + i0 + l / a4 ^ s',торопи0лась
торопливым,* t a2 r a1 p + l' i0 v / y4 m,торопли0вым
торопясь,* t a2 r a1 p' + a0 ^ s',торопя0сь
торопятся,* t a1 r o0 p' / i4 ^ c a4,торо0пятся
тортом,* t o0 r t / a4 m,то0ртом
торчал,* t a1 r ch + a0 + l,торча0л
торчат,* t a1 r ch / a0 t,торча0т
торчит,* t a1 r ch / i0 t,торчи0т
точка,* t o0 ch + k / a4,то0чка
точки,* t o0 ch + k' / i4,то0чки
точнее,* t a1 ch n' / e0 j i4,точне0е
точно,* t o0 ch n + a4,то0чно
точности,* t o0 ch + n + a4 s' t' / i4,то0чности
точностью,* t o0 ch + n + a4 s' t' / j u4,то0чностью
травму,* t r a0 v m / u4,тра0вму
травой,* t r a1 v / o0 j,траво0й
трагедию,* t r a1 g' e0 d' i4 - / u4,траге0дию
трамвае,* t r a1 m v a0 j / i4,трамва0е
трамвайным,* t r a1 m v a0 j + n / y4 m,трамва0йным
трамвайчик,* t r a1 m v a0 j + ch i4 k,трамва0йчик
транспорт,* t r a0 n s p a4 r t,тра0нспорт
транспортировка,* t r a2 n s p a2 r t' + i1 r + o0 f + k / a4,транспортиро0вка
транспортируем,* t r a2 n s p a1 r t' + i0 r + u4 / j i4 m,транспорти0руем
траурной,* t r a0 u4 r + n / a4 j,тра0урной
требовал,* t r' e0 b + a4 v a4 + l,тре0бовал
требовать,* t r' e0 b + a4 v a4 / t',тре0бовать
требует,* t r' e0 b + u4 / - i4 t,тре0бует
тревогой,* t r' i1 v o0 g / a4 j,трево0гой
тревожила,* t r' i1 v o0 zh + y4 + l / a4,трево0жила
тревожить,* t r' i1 v o0 zh + y4 / t',трево0жить
тревожная,* t r' i1 v o0 zh + n / a4 - i4,трево0жная
трем,* t r' / o0 m,тре0м
тренировочный,* t r' i1 n' + i1 r o0 v + a4 ch + n / y4 j,трениро0вочный
треска,* t r' e0 s k / a4,тре0ска
третий,* t r' + e0 t' / i4 j,тре0тий
третье,* t r' + e0 t' / j i4,тре0тье
третьей,* t r' + e0 t' j / i4 j,тре0тьей
третьем,* t r' + e0 t' / - i4 m,тре0тьем
третьих,* t r' + e0 t' j / i4 h,тре0тьих
трех,* t r' / o0 h,тре0х
трехкомнатной,* t r' + o1 h * k o0 m n a4 t + n / a4 j,трехко0мнатной
трехкомнатную,* t r' / o1 h * k o0 m n a4 t + n / u4 j u4,трехко0мнатную
три,* b e0 / t,три0
тридцатые,* t r' i1 * c a0 t / y4 j i4,тридца0тые
тридцать,* t r' i0 * c a4 -,три0дцать
тринадцатилетнего,* t r' + i1 + n a0 c a4 t' = i1 * l' e0 t + n' / i4 v a4,трина0дцатилетнего
трифонов,* t r' i0 f a4 n + a4 f,три0фонов
трогает,* t r o0 g + a4 / i4 c s,тро0гает
трогала,* t r o0 g + a4 + l / a4,тро0гала
трогая,* t r o0 g + a4 + j a4,тро0гая
трое,* t r + o0 - i4,тро0е
тройки,* t r + o0 j + k' / -,тро0йки
тройку,* t r + o0 j k / u4,тро0йку
тройной,* t r + a1 j n / o0 j,тройно0й
троллейбус,* - r a1 l' e0 j b u4 s,тролле0йбус
троллейбуса,* t r a1 l' e0 j b u4 s / a4,тролле0йбуса
троллейбусе,* t r a1 l' e0 j b u4 s' / i4,тролле0йбусе
троллейбусной,* t r a1 l' e0 j b u4 s + n / a4 -,тролле0йбусной
трубку,* - r u0 p + k / u4,тру0бку
трубок,* t r u0 b / a4 k,тру0бок
трубы,* t r u0 b / y4,тру0бы
трудился,* t r u1 d' + i0 + l ^ s' a4,труди0лся
трудно,* t r u0 d + n / a4,тру0дно
трудное,* t r u0 d + n / a4 - i4,тру0дное
трудной,* t r u0 d + n / a4 j,тру0дной
трудом,* t r u1 d / o0 m,трудо0м
тружениц,* t r u0 zh + y4 n' + i4 c,тру0жениц
трусах,* t r u1 s / a0 h,труса0х
тряпкой,* t r' a0 p + k / a4 j,тря0пкой
тужились,* t u0 zh + y4 + l' / i4 ^ s',ту0жились
туманно,* t u1 m a0 + n + a4,тума0нно
тумбочке,* t u0 m b + a4 ch k' / i4,ту0мбочке
тупик,* t u1 p' + i0 k,тупи0к
туристской,* t u1 r' i0 + s c / k a4,тури0стской
тут,* t u0 -,ту0т
туфлю,* t u0 f l' / u4,ту0флю
туфля,* t u0 f l' / a4,ту0фля
туфлями,* t u0 f l' / a4 m' i4,ту0флями
тучах,* t u0 ch / i4 h,ту0чах
тучи,* t u0 ch / i4,ту0чи
тщательно,* ch sc a0 t' i4 l' n + a4,тща0тельно
ты,* y0 l',ты0
тыкать,* t y0 k + a4 / t',ты0кать
тысяча,* t y0 s' i4 ch / a4,ты0сяча
тысячами,* t y0 s' a4 ch / a4 m' i4,ты0сячами
тысячи,* t y0 s' i4 ch / i4,ты0сячи
тысячу,* t y0 s' i4 ch / u4,ты0сячу
тюменскую,* t' u1 m' e0 n + s k / u4 j u4,тюме0нскую
тягостные,* t' a0 g + a4 s + n / y4 - i4,тя0гостные
тягостям,* t' a0 g + a4 s' t' / a4 m,тя0гостям
тяготить,* t' i1 g + a1 t' + i0 / d',тяготи0ть
тягусова,* t' a0 g u4 s + a4 v / a4,тя0гусова
тяжелее,* t' i1 zh + y1 l' + e0 j i4,тяжеле0е
тяжелей,* t' i1 zh + y1 l' + e0 j,тяжеле0й
тяжелой,* t' i1 zh + o0 l / a4 j,тяже0лой
тяжелую,* t' i1 zh + o0 l / u4 j u4,тяже0лую
тяжестей,* t' a0 zh + y4 s' t' / i4 i4,тя0жестей
тяжесть,* t' a0 zh + y4 s' t',тя0жесть
тяжестью,* t' a0 zh + y4 s' t' / j u4,тя0жестью
тянет,* t' a0 n' / i4 t,тя0нет
тянулось,* t' i1 + n u0 + l / a4 ^ s',тяну0лось
тянутся,* t' a0 n / u4 ^ c a4,тя0нутся
тянуть,* t' i1 + n u0 / d',тяну0ть
убедительно,~ u1 * b' i1 d' + i0 + t' i4 l' + n + a4,убеди0тельно
убежала,~ u1 * b' i1 zh + a0 + l / a4,убежа0ла
убежать,~ u1 * b' i1 zh + a0 / t',убежа0ть
убеждать,~ u1 * b' i1 zh d + a0 / t',убежда0ть
убогая,~ u1 * b o0 g / a4 j a4,убо0гая
убрана,~ u0 * b r + a4 + n / a4,у0брана
уважаемые,~ u1 * v a1 zh + a0 - + i4 m / y4 - i4,уважа0емые
уважают,~ u1 * v a1 zh + a0 / - u4 t,уважа0ют
уважения,~ u1 * v a1 zh + e0 n' i4 / j a4,уваже0ния
увеличился,~ u1 * v' i1 l' i0 ch + i4 + l ^ s' a4,увели0чился
уверен,~ u1 * v' e0 r' + i4 n,уве0рен
уверенно,~ u1 * v' e0 r' + i4 n + a4,уве0ренно
уверенность,~ u1 * v' e0 r' + i4 n + a4 s' t',уве0ренность
уверенную,~ u1 * v' e0 r' + i4 n - / u4 j u4,уве0ренную
увидел,~ u1 * v' i0 d' + i4 + -,уви0дел
увидела,~ u1 * v' i0 d' + i4 + l / -,уви0дела
увидели,~ u1 * v' i0 d' + i4 + l' / i4,уви0дели
увидит,~ u1 * v' i0 d' / i4 t,уви0дит
увидишь,~ u1 * v' i0 d' / i4 sh,уви0дишь
увлекательно,~ u1 * v l' i1 k + a0 + t' i4 l' + n + a4,увлека0тельно
увлечение,~ u1 * v l' i1 ch + e0 n' i4 j / i4,увлече0ние
угадал,~ u1 * g a1 d + a0 + l,угада0л
угадать,~ u1 * g a1 d + a0 / ch,угада0ть
угадывали,~ u1 * g a0 d + y4 v a4 + l' / i4,уга0дывали
угадывать,~ u1 * g a0 - + y4 v a4 / t',уга0дывать
углов,* u1 g l / o0 f,угло0в
угнетает,~ * u1 g n' i1 + t / a0 j i4,угнета0ет
уговор,~ u1 * g a1 v o0 r,угово0р
уговорить,~ u1 * g a2 v a1 r' + i0 / t',уговори0ть
угодно,~ - * g o0 d + n + a4,у0годно
угол,* u0 g a4 l,у0гол
угроз,~ u1 * g r o0 s,угро0з
угрюмо,* u1 g r' u0 m + a4,угрю0мо
удавались,~ u1 * d a1 + v a0 + l' / i4 ^ s',удава0лись
удается,~ u1 * d a1 / j o0 ^ c a4,удае0тся
удалось,~ u1 * d a1 + l / o0 ^ s',удало0сь
удаль,~ u0 * d a4 l',у0даль
удар,* u1 d a0 r,уда0р
ударил,~ u1 * d a0 r' + i4 + l,уда0рил
ударить,~ u1 * d a0 r' + i4 / t',уда0рить
ударом,* u1 d a0 r / a4 m,уда0ром
удастся,~ u1 * d a0 ^ s c a4,уда0стся
удач,~ u1 * d a0 + ch,уда0ч
удача,~ u1 * d a0 + ch / a4,уда0ча
удачей,~ u1 * d a0 + ch / i4 j,уда0чей
удачно,~ u1 * d a0 + ch + n + a4,уда0чно
удачный,~ u1 * d a0 + ch + n / y4 j,уда0чный
уделять,~ u1 * d' i1 l' + a0 / t',уделя0ть
удержать,~ u1 * d' i1 r zh + a0 / t',удержа0ть
удивил,~ u1 * d' i1 v' + i0 + l,удиви0л
удивилась,~ u1 * d' i1 v' + i0 + l / a4 ^ s',удиви0лась
удивился,~ u1 * d' i1 v' + i0 + l ^ s' a4,удиви0лся
удивительно,~ u1 * d' i1 v' + i0 + t' i4 l' + n + a4,удиви0тельно
удивительное,~ u1 * d' i1 v' + i0 + t' i4 l' n / a4 j i4,удиви0тельное
удивлением,~ u1 * d' i1 v l' + e0 n' i4 - / i4 m,удивле0нием
удивлению,~ u1 * d' i1 v l' + e0 n' i4 j / u4,удивле0нию
удивленно,~ u1 * d' i1 v l' + o0 n - + a4,удивле0нно
удивляется,~ u1 * d' i1 v + l' + a0 / j i4 ^ c a4,удивля0ется
удивлялся,~ u1 * d' i1 v l' + a0 + l ^ s' a4,удивля0лся
удивляют,~ u1 * d' i1 v l' + a0 j / u4 t,удивля0ют
удобнее,~ u1 * d o0 b + n' + i4 - i4,удо0бнее
удобней,~ u1 * d o0 b + n' / i4 j -,удо0бней
удобно,~ u1 * d o0 b + n + a4,удо0бно
удобное,~ u1 * d o0 b + n / a4 - je4,удо0бное
удобном,~ u1 * d o0 b + n / a4 m,удо0бном
удобств,~ u1 * d o0 p + s t f,удо0бств
удобства,~ u1 * d o0 p + s t v / a4,удо0бства
удобствами,~ u1 * d o0 p + s t v / a4 m' i4,удо0бствами
удовольствие,~ u1 * d a1 v o0 l' + s t v + i4 j / i4,удово0льствие
удовольствием,~ u1 * d a1 v o0 l' + s t v + i4 j\i4 m,удово0льствием
удовольствия,~ u1 * d a1 v o0 l' + s t v' + i4 j / a4,удово0льствия
удовольствиями,~ u1 * d a1 v o0 l' + s t v' + i4 j / i4 m' i4,удово0льствиями
удрал,~ u1 * d r + a0 + l,удра0л
уезжаем,~ u1 * j i1 zh + a0 / j i4 m,уезжа0ем
уезжаете,~ u1 * j i1 zh + a0 / j i4 t' i4,уезжа0ете
уезжаешь,~ u1 * j i1 zh + a0 / j i4 sh,уезжа0ешь
уезжал,~ u1 * j i1 zh + a0 + l,уезжа0л
уезжают,~ u1 * j i1 zh + a0 / j u4 t,уезжа0ют
уехал,~ u1 * j e0 h + a4 + l,уе0хал
уехала,~ u1 * j e0 h + a4 + l / a4,уе0хала
уехали,~ u1 * j e0 h + a4 + l' / i4,уе0хали
уехать,~ u1 * j e0 h + a4 / t',уе0хать
уж,* u0 sh,у0ж
ужасно,* u1 zh a0 s + n + a4,ужа0сно
ужасное,* u1 zh a0 s + n / a4 - i4,ужа0сное
ужасным,* u1 zh a0 s + n / y4 m,ужа0сным
ужасных,* u1 zh a0 s + n / y4 h,ужа0сных
ужасом,* u0 zh a4 s / a0 m,у0жасом
уже,* u0 zh e0,у0же
ужин,* u0 zh y4 n,у0жин
ужина,* u0 zh y4 n / a4,у0жина
ужинал,* u0 zh y4 n + a4 + l,у0жинал
узнавать,~ u1 * z n a1 + v a0 / t',узнава0ть
узнал,~ u1 * z n a0 + l,узна0л
узнала,~ u1 * z n a0 + l / a4,узна0ла
узнали,~ u1 * z n a0 + l' / i4,узна0ли
узнать,~ u1 * z n a0 / t',узна0ть
узнаю,~ u1 * z n a0 / j,узна0ю
указала,~ u1 * k a1 z + a0 + l / a4,указа0ла
указательным,~ u1 * k a1 z + a0 + t' i4 l' n / y4 m,указа0тельным
укол,~ u1 * k o0 l,уко0л
укола,~ u1 * k o0 l / a4,уко0ла
уколоть,~ u1 * k a1 l + o0 / t',уколо0ть
уколы,~ u1 * k o0 l / y4,уко0лы
укоризною,~ u1 * k a1 r' + i0 z n / a4 j u4,укори0зною
украшают,~ u1 * k r a1 sh + a0 / j u4 t,украша0ют
украшениями,~ u1 * k r a1 sh + e0 n' i4 - / i4 m' i4,украше0ниями
улитка,* u1 l' i0 t + k / a4,ули0тка
улице,* u0 l' + i4 c / e4,у0лице
улицу,* u0 l' + i4 c / u4,у0лицу
уличные,* u0 l' i4 ch + n / y4 - i4,у0личные
уловить,~ u1 * l a1 v' + i0 / t',улови0ть
уловки,~ u1 * l o0 f + k' / i4,уло0вки
улучшение,~ u1 * l u1 ch + sh + e0 n' i4 j / i4,улучше0ние
улыбалась,~ u1 * l y1 b + a0 + l / a4 ^ s',улыба0лась
улыбался,~ u1 * l y1 b + a0 + l ^ s' a4,улыба0лся
улыбаться,~ u1 * l y1 b + a0 ^ c a4,улыба0ться
улыбаясь,~ u1 * l y1 b + a0 + j a4 ^ z',улыба0ясь
улыбки,~ u1 * l y0 p + k' / i4,улы0бки
улыбкой,~ u1 * l y0 p + k / a4 j,улы0бкой
улыбку,~ u1 * l y0 p + k / u4,улы0бку
улыбнулась,~ u1 * l y1 b + n u0 + l / a4 ^ s',улыбну0лась
улыбнулся,~ u1 * l y1 b + n u0 + l ^ s' a4,улыбну0лся
улыбнуться,~ u1 * l y1 b + n u0 ^ c a4,улыбну0ться
умеет,* m' e0 j / i4 t -,у0меет
умел,* u1 m' + e0 + l,уме0л
умела,* u1 m' + e0 + l / a4,уме0ла
умели,* u1 m' e0 + l' / i4,уме0ли
умение,* u1 m' + e0 n' i4 - / i4,уме0ние
умением,* u1 m' + e0 n' i4 j / i4 m,уме0нием
умер,~ u0 * m' i4 r,у0мер
умещались,~ u1 * m' i1 sc + a0 + l' / i4 ^ s',умеща0лись
умеющие,* u1 m' + e0 + j u4 sc / - j i4,уме0ющие
умеющих,* u1 m' + e0 j + u4 sc / i4 h,уме0ющих
умирает,~ u1 * m' i1 r + a0 j / i4 -,умира0ет
умная,* u0 m + n / a4 j a4,у0мная
умнее,* u1 m + n' + e0 j i4,умне0е
умного,* u0 m + n / a4 v a4,у0много
умное,* u0 m + n / a4 j i4,у0мное
умные,* u0 m + n / y4 j i4,у0мные
умный,* u0 m + n / y4 j,у0мный
умоляю,~ u1 * m a1 l' + a0 / j u4,умоля0ю
уморительную,~ u1 * m a1 r' + i0 + t' i4 l' n / u4 j u4,умори0тельную
умывальником,~ u1 * - - + v a0 + l' + n' i4 k / a4 m,умы0вальником
умысла,~ u0 * m y4 s l / a4,у0мысла
универмаг,* u1 n' i1 v' i1 r * m a0 k,универма0г
университет,* u1 n' i1 v' i1 r s' i1 t' e0 t,университе0т
университете,* u1 n' i1 v' i1 r s' i1 t' e0 t' / i4,университе0те
унижалась,~ t * a4 u1 n' + i1 + zh / a0 ^ l,унижала0сь
унижают,~ u1 * n' i1 zh + a0 / j u4 t,унижа0ют
унизил,~ u1 * n' i0 z' + i4 + l,уни0зил
унизительно,~ u1 * n' i1 z' + i0 + t' i4 l' + n + a4,унизи0тельно
уничтожать,~ u1 * n' i1 ch t a1 zh + a0 / t',уничтожа0ть
уничтожение,~ u1 ~ n' i1 * ch t a1 + zh + e0 n' i4 j / i4,уничтоже0ние
упавших,~ u1 * p a0 + f sh / y4 h,упа0вших
упал,~ u1 * p a0 + l,упа0л
упереться,~ u1 * p' i1 r' + e0 ^ c a4,упере0ться
упоминал,~ u1 ~ p a2 * m' i1 n + a0 + l,упомина0л
упоминая,~ u1 * p a2 m' i1 n + a0 + j a4,упомина0я
упор,~ u1 * p o0 r,упо0р
упорно,~ u1 * p o0 r + n + a4,упо0рно
упрекали,~ u1 * p r' i1 k + a0 + l' / i4,упрека0ли
упросить,~ u1 * p r a1 s' + i0 / t',упроси0ть
упрямо,* u1 p r' a0 m + a4,упря0мо
уровнем,~ u0 * r a4 v n' / i4 m,у0ровнем
урок,* u1 r o0 k,уро0к
уроки,* u1 r o0 k' / i4,уро0ки
уроков,* u1 r o0 k / a4 f,уро0ков
урон,~ - u1 * r o0 n,уро0н
усачевке,* u1 s a1 ch + o0 f + k' / i4,усаче0вке
уселся,~ u1 * s' e0 + l ^ s' a4,усе0лся
усиленно,~ u1 * s' i0 l' + i4 n + a4,уси0ленно
усиливалась,~ u1 * s' i0 l' + i4 v + a4 + l / a4 ^ s',уси0ливалась
усилие,~ u1 * s' i0 l' + i4 - / i4,уси0лие
усилием,~ u1 * s' i0 l' + - j / i4 m,уси0лием
ускорить,~ u1 * s k o0 r' + i4 / t',уско0рить
усложнять,~ u1 * s l a1 zh + n' + a0 / t',усложня0ть
усложняют,~ u1 * s l a1 zh + n' + a0 / j u4 t,усложня0ют
услышав,~ u1 * s l y0 sh + a4 + f,услы0шав
услышал,~ u1 * s l y0 sh + a4 + l,услы0шал
услышала,~ u1 * s l y0 sh + a4 + l / a4,услы0шала
услышали,~ u1 * s l y0 sh + a4 + l' / i4,услы0шали
услышат,~ u1 * s l y0 sh / a4 t,услы0шат
услышать,~ u1 * s l y0 sh + a4 / ch,услы0шать
услышит,~ u1 * s l y0 sh / y4 t,услы0шит
усмехаясь,~ u1 * s m' i1 h + a0 + j i4 ^ s',усмеха0ясь
усмехнулся,~ u1 * s m' i1 h + n u0 + l ^ s' a4,усмехну0лся
усните,~ u1 * s' n' + i0 + t' i4,усни0те
усохший,~ u1 * s o0 h + sh / y4 j,усо0хший
успев,~ u1 * s p' e0 + f,успе0в
успевал,~ u1 * s p' i1 + v a0 + l,успева0л
успел,~ u1 * s p' e0 + l,успе0л
успела,~ u1 * s p' e0 + l / a4,успе0ла
успели,~ u1 * s p' e0 + l' / i4,успе0ли
успеха,~ u1 * s p' e0 h / a4,успе0ха
успехов,~ u1 * s p' e0 h / a4 f,успе0хов
успехом,~ u1 * s p' e0 h / a4 m,успе0хом
успокаивает,~ u1 ~ s * p a1 k + a0 + i4 v a4 / j i4 t,успока0ивает
успокоилась,~ u1 ~ s * p a1 k o0 + i4 + l / a4 ^ s',успоко0илась
успокоился,~ u1 ~ s * p a1 k o0 + i4 + l ^ s' a4,успоко0ился
успокоиться,~ u1 ~ s * p a1 k o0 + i4 ^ c a4,успоко0иться
устав,~ u1 * s t a0 + f,уста0в
устал,~ u1 * s t a0 + l,уста0л
усталые,~ u1 * s t a0 + l / y4 j i4,уста0лые
установился,~ u1 * s t a2 n + a1 v' + i0 + l ^ s' a4,установи0лся
устраивал,~ u1 * s t r + a0 + i4 v a4 + l,устра0ивал
устраивала,~ u1 * s t r + a0 + i4 v a4 + l / a4,устра0ивала
устремит,~ u1 * s t r' i1 m' / i0 t,устреми0т
устроил,~ j * u1 s t r + o0 + i4,устро0ил
устроила,~ u1 * s t r o0 + i4 + l / a4,устро0ила
устроили,~ u1 * s t r o0 + i4 + l' / i4,устро0или
устроился,~ u1 * s t r o0 + i4 + l ^ s' a4,устро0ился
устроит,~ u1 * s t r o0 / i4 d,устро0ит
устроить,~ u1 * s t r o0 + i4 / t,устро0ить
уступал,~ u1 * s t u1 p + a0 + l,уступа0л
уступала,~ u1 * s t u1 p + a0 + l / a4,уступа0ла
уступают,~ u1 * s t u1 p + a0 / j u4 t,уступа0ют
уступчива,~ u1 * s t u0 p + ch + i4 v / a4,усту0пчива
утвердили,~ u1 * t v' i1 r d' + i0 + l' / i4,утверди0ли
утвердительно,~ u1 * t v' i1 r d' + i0 + t' i4 l' + n + a4,утверди0тельно
утешить,~ u1 * t' e0 sh + y4 / t',уте0шить
утомившись,~ u1 * t a1 m' + i0 + f sh + y4 ^ z',утоми0вшись
утомленное,~ u1 * t a1 m l' + o0 n / a4 j i4,утомле0нное
утомлять,~ u1 * t a1 m + l' + a0 / t',утомля0ть
утонет,~ u1 * t o0 n' / i4 t,уто0нет
утра,* u0 t r / a4,у0тра
утрам,* u1 t r / a0 m,утра0м
утратила,~ u1 * t r a0 t' + i4 + l / a4,утра0тила
утреннее,* u0 t r' + i4 n' - / i4 - i4,у0треннее
утренние,* u0 t r' + i4 n' - i4 j / i4,у0тренние
утренним,* u0 t r' + i4 n' - / i4 m,у0тренним
утренняя,* u0 t r' + i4 n' - / a4 j a4,у0тренняя
утро,* u0 t r / a4,у0тро
утром,* u0 t r / a4 m,у0тром
ухаживала,~ u1 * h a0 zh + y4 v + a4 l / a4,уха0живала
ухо,* u0 h / a4,у0хо
уход,~ u1 * h o0 t,ухо0д
уходила,~ u1 * h a1 d' + i0 + l / a4,уходи0ла
уходит,~ u1 * h o0 d' / i4 t,ухо0дит
участвовала,~ u1 * ch a0 s t v + a4 - - + l / a4,уча0ствовала
участие,~ u1 * ch a0 s' t' + i4 j / i4,уча0стие
участке,~ u1 * ch a0 s t + k' / i4,уча0стке
участку,~ u1 * ch a0 s t + k / u4,уча0стку
учебника,* u1 ch + e0 b + n' i4 k / a4,уче0бника
учебниками,* u1 ch + e0 + b + n' i4 k / a4 m' -,уче0бниками
учебником,* u1 ch + e0 + b + n' i4 k / a4 m,уче0бником
ученик,* u1 ch + i1 n' + i0 k,учени0к
ученический,* u1 ch + i1 n' + i0 ch + i4 s k' / i4 j,учени0ческий
ученый,* u1 ch + o0 n / y4 j,уче0ный
учесть,~ u1 * ch e0 s' / t',уче0сть
учил,* u1 ch + i0 + l,учи0л
учила,* u1 ch + i0 + l / a4,учи0ла
училась,* u1 ch + i0 + l / a4 ^ s',учи0лась
учились,* u1 ch + i0 + l' / i4 ^ s',учи0лись
учился,* u1 ch + i0 + l ^ s' a4,учи0лся
учится,* u0 ch + i4 ^ c a4,у0чится
учуяв,~ u1 * ch u0 j + i4 + f,учу0яв
ушам,* u1 sh / a0 m,уша0м
ушанку,* - sh + a0 p k / u4,у0шанку
ушей,* u1 sh / e0 j,уше0й
ушел,~ u1 * sh + o0 + l,уше0л
уши,* u0 sh / y4,у0ши
ущемили,~ u1 * sc i1 m' + i0 + l' / i4,ущеми0ли
фабрики,* f a0 b r' i4 k' / i4,фа0брики
фабричонки,* f a2 b r' i1 ch + o0 n k' / i4,фабричо0нки
факт,* f a0 k t,фа0кт
факте,* f a0 k t' / i4,фа0кте
фактории,* f a1 k t o0 r' i4 / i4,факто0рии
фальшивят,* f a1 l' sh + y0 v' / a4 t,фальши0вят
фамилию,* f a1 m' i0 j i4 j / u4,фами0лию
фамилия,* f a1 m' i0 l' i4 j / a4,фами0лия
фамильной,* f a1 m' i0 l' + n / a4 j,фами0льной
фандеевская,* f a1 n' d' e0 - + i4 f + s k / a4 j a4,фанде0евская
фандеевы,* f a1 n' d' e0 - + i4 v / y4,фанде0евы
фандеевым,* f a1 n d' e0 j + i4 v / y4 m,фанде0евым
фанеры,* f a1 n' e0 r / y4,фане0ры
фантазии,* f a1 n t a0 z' i4 / i4,фанта0зии
фантазию,* f a1 n t a0 z' i4 j / u4,фанта0зию
фартуке,* f a0 r t u4 k' / i4,фа0ртуке
фарфоровые,* f a1 r f o0 r + a4 v / y4 j i4,фарфо0ровые
федор,* f' o0 d a4 r,фе0дор
федоровна,* f' o0 d a4 r + a4 v n / a4,фе0доровна
федоровне,* f' o0 d a4 r + a4 v n' / i4,фе0доровне
федоровной,* f' o0 d a4 r + a4 v - / a4 j,фе0доровной
федоровну,* f' o0 d a4 r + a4 v n / u4,фе0доровну
федоровны,* f' o0 d a4 r + a4 v n / y4,фе0доровны
федором,* f' o0 d a4 r / a4 m,фе0дором
феликса,* f' e0 l' i4 k s / a4,фе0ликса
феликсом,* f' e0 l' i4 k s / a4 m,фе0ликсом
фигура,* f' i1 g u0 r / a4,фигу0ра
фигурами,* f' i1 g u0 r / a4 m' i4,фигу0рами
фигуре,* f' i1 g u0 r' / i4,фигу0ре
фигурки,* f' i1 g u0 r + k' / i4,фигу0рки
фигурой,* f' i1 g u0 r / a4 j,фигу0рой
фигуру,* f' i1 g u0 r / u4,фигу0ру
фигуры,* f' i1 g u0 r / y4,фигу0ры
физике,* f' i0 z' i4 k' / i4,фи0зике
физикой,* f' i0 z' i4 k / a4 j,фи0зикой
физиономии,* f' i1 z' i1 a1 n o0 m' i4 / i4,физионо0мии
физически,* f' i1 z' i0 ch + i4 + s k' + i4,физи0чески
физическим,* f' i1 z' i0 ch + i4 + s k' / i4 m,физи0ческим
философ,* f' i1 l o0 s a4 f,фило0соф
философствовать,* f' i1 l a1 s o0 f + s t v + a4 v a4 / t',филосо0фствовать
фильмами,* f' i0 l' m / a4 m' i4,фи0льмами
фильмы,* f' i0 l' m / y4,фи0льмы
фиолетовое,* f' i1 a1 l' e0 t + a4 v / a4 j i4,фиоле0товое
флоксов,* f l o0 k s / a4 f,фло0ксов
фонтаном,* f a1 n t a0 n / a4 m,фонта0ном
форме,* f o0 r m' / i4,фо0рме
форму,* f o0 r m / u4,фо0рму
формы,* f o0 r m / y4,фо0рмы
форточку,* f o0 r t a4 ch k / u4,фо0рточку
фотоаппарат,* f a2 t a2 * a2 p a1 r a0 t,фотоаппара0т
фотографии,* f a2 t a1 g r a0 f' i4 / i4,фотогра0фии
фраз,* f r a0 s,фра0з
фразами,* f r a0 z / a4 m' i4,фра0зами
фразой,* f r a0 z / a4 j,фра0зой
фразу,* f r a0 z / u4,фра0зу
фразы,* f r a0 z / y4,фра0зы
французского,* f r a1 n c u0 + s k / a4 v a4,францу0зского
фруктовой,* f r u1 k t + o0 v / a4 j,фрукто0вой
фундаментально,* f u1 n d a2 m' i1 n t + a0 l' n + a4,фундамента0льно
футбольными,* f u1 d b o0 l' + n / y4 m' i4,футбо0льными
фыркнул,* f y0 r k + n u4 + l,фы0ркнул
халат,* h a1 l a0 t,хала0т
халата,* h a1 l a0 t / a4,хала0та
халате,* h a1 l a0 t' / -,хала0те
халатом,* h a1 l a0 t / a4 m,хала0том
хана,* h a0 n / a4,ха0на
характер,* h a1 r a0 k t' i4 r,хара0ктер
хвалил,* h v a1 l' + i0 + l,хвали0л
хвалит,* h v a0 l' / i4 t,хва0лит
хвалить,* h v a1 l' + i0 / t',хвали0ть
хватает,* h v a1 t + a0 / - i4 t,хвата0ет
хватало,* h v a1 t + a0 + l / a4,хвата0ло
хватаю,* h v a1 t + a0 / j u4,хвата0ю
хватило,* h v a1 t' + i0 + l / a4,хвати0ло
хватит,* h v a0 t' / i4 t,хва0тит
хворала,* h v a1 r + a0 + l / a4,хвора0ла
хемингуэя,* h e1 m' i1 n g u1 e0 j / a4,хемингуэ0я
хижняк,* h' i1 zh n' + a0 k,хижня0к
химерами,* h' i1 m' e0 r / a4 m' i4,химе0рами
хирурги,* h' i1 r u0 r g' / i4,хиру0рги
хитро,* h' i0 t r + a4,хи0тро
хитромудрый,* h' i1 t r = a1 * m u0 d r / y4 -,хитрому0дрый
хлеб,* h l' e0 p,хле0б
хлебом,* - - e0 b / a4 m,хле0бом
хлопали,* h l o0 p + a4 + l' / i4,хло0пали
хлопнув,* h l o0 p + n u4 + v,хло0пнув
хлопнул,* h l o0 p + n u4 + l,хло0пнул
хлопнула,* h l o0 p + n u4 + l / a4,хло0пнула
хлопотливым,* h l a2 p a1 + t l' i0 / v y4,хлопотли0вым
хлорвинила,* h l a2 r * v' i1 n' i0 l / a4,хлорвини0ла
хлюпать,* h l' u0 p + a4 / t',хлю0пать
хмыкнул,* h m y0 k + n u4 + l,хмы0кнул
хною,* h n / o0 j u4,хно0ю
ходил,* h a1 d' + i0 + l,ходи0л
ходили,* h a1 d' + i0 + l' / i4,ходи0ли
ходит,* h o0 d' / i4 t,хо0дит
ходить,* h a1 d' + i0 / t',ходи0ть
ходят,* h o0 d' / i4 t,хо0дят
хозяин,* h a1 z' + a0 + i4 n,хозя0ин
хозяина,* h a1 z' a0 + i4 n / a4,хозя0ина
хозяйки,* h a1 z' + a0 + j + k' / i4,хозя0йки
хозяйственными,* h a1 z' a0 j + s t v' + i4 n / n y4 m',хозя0йственными
хозяйство,* h a1 z' + a0 + j + s t v / a4,хозя0йство
холодильник,* h a2 l a1 d' + i0 l' + n' i4 k,холоди0льник
холодно,* h o0 l a4 d + n + a4,хо0лодно
холодной,* h a1 l o0 d + n / a4 j,холо0дной
холодный,* h a1 l o0 d + n / y4 -,холо0дный
холодных,* h a1 l o0 d + n / y4 h,холо0дных
холостяк,* h a2 l a1 s' t' a0 k,холостя0к
холостяком,* h a2 l a2 s' t' + i1 k / o0 m,холостяко0м
хорошая,* h a1 r o0 sh / a4 - i4,хоро0шая
хорошего,* h a1 r o0 sh / a4 v a4,хоро0шего
хорошее,* h a1 r o0 sh / y4 j i4,хоро0шее
хорошей,* h a1 r o0 sh / e4 j,хоро0шей
хорошие,* h a1 r o0 sh / y4 - i4,хоро0шие
хороший,* h a1 r o0 sh / y4 j,хоро0ший
хорошим,* h a1 r o0 sh / y4 m,хоро0шим
хороших,* h a1 r o0 sh / y4 h,хоро0ших
хорошо,* h a2 r a1 sh + o0,хорошо0
хорошую,* h a1 r o0 sh / u4 j u4,хоро0шую
хотел,* a1 t' e0 + l + p,хоте0л
хотела,* h a1 t' + e0 + l / a4,хоте0ла
хотели,* h a1 t' + e0 + l' / i4,хоте0ли
хотелось,* h a1 t' + e0 + l / a4 ^ s,хоте0лось
хотим,* h a1 t' / i0 m,хоти0м
хотите,* h a1 t' + i0 + t' i4,хоти0те
хотя,* h a1 t' / a0,хотя0
хотят,* h a1 t' / a0 c,хотя0т
хочет,* h o0 ch / i4 c,хо0чет
хочется,* h o0 ch + i4 ^ c a4,хо0чется
хочешь,* - o0 ch / i4 sh,хо0чешь
храбрилась,* h r a1 b r' + i0 + l / a4 ^ s',храбри0лась
храбрости,* h r a0 b r + a4 s' t' / i4,хра0брости
хранить,* h r a1 n' + i0 / t',храни0ть
хранят,* h r a1 n' / a0 t,храня0т
хранящихся,* h r a1 n' + a0 sc / i4 h ^ s' a4,храня0щихся
хрустели,* h r u1 s' t' + e0 + l' / i4,хрусте0ли
худая,* h u1 d / a0 j a4,худа0я
художественном,* h u1 d o0 zh + y4 s t v' + i4 n / a4 m,худо0жественном
худой,* h u1 d / o0 j,худо0й
худом,* h u1 d / o0 m,худо0м
худощавый,* h u1 d + a1 sc a0 v / y4 j,худоща0вый
худшее,* h u0 ch + sh e4 j e4,ху0дшее
хуже,* h u0 zh + y4,ху0же
хулиган,* h u1 l' i1 g a0 n,хулига0н
царапинки,* c a1 r a0 p' + i4 n + k' / i4,цара0пинки
царапинку,* c a1 r a0 p' + i4 n + k / u4,цара0пинку
царской,* c a0 r + s k / a4 j,ца0рской
цвета,* c v' e0 t / a4,цве0та
цветаевой,* c v' i1 t + a0 + j i4 v / a4 j,цвета0евой
цветами,* c v' i1 t / a0 m' i4,цвета0ми
цветастых,* c v' i1 t + a0 s t / y4 h,цвета0стых
цветет,* c v' i1 t' / o0 t,цвете0т
цветов,* c v' i1 t / o0 f,цвето0в
цветом,* c v' e0 t / a4 m,цве0том
целой,* c e0 l / a4 j,це0лой
целуем,* c y1 l + u0 / j i4 m,целу0ем
целуют,* c y1 l + u0 / j u4 t,целу0ют
целые,* c e0 l / y4 - -,це0лые
целый,* c e0 l / y4 j,це0лый
целых,* c e0 l / y4 h,це0лых
целью,* c e0 l' / j u4,це0лью
цемент,* c y1 m' e0 n t,цеме0нт
цементного,* c y1 m' e0 n t + n / a4 v a4,цеме0нтного
ценного,* c e0 n + - / a4 v a4,це0нного
центр,* c e0 n t r,це0нтр
центра,* c e0 n t r / a4,це0нтра
центре,* c e0 n t r' / i4,це0нтре
ценят,* c e0 n' / i4 t,це0нят
цепляется,* c y1 p l' + a0 / - i4 c ^ - a4,цепля0ется
церемонии,* c y1 r' i1 m o0 n' + i4 / i4,церемо0нии
церковь,* c e0 r k a4 f',це0рковь
цирк,* c y0 r k,ци0рк
цитировал,* c y1 t' + i0 r a4 v a4 + l,цити0ровал
цитировать,* c y1 t' + i0 r a4 v a4 / t',цити0ровать
цыганами,* c y1 g a0 n / a4 m' i4,цыга0нами
цыпочках,* c y0 p a4 ch k / a4 h,цы0почках
цыпочки,* c y0 p a4 ch k' / i4,цы0почки
чадит,* ch i1 d' / i0 d,чади0т
чай,* ch a0 j,ча0й
час,* ch a0 s,ча0с
часа,* ch a0 s / -,ча0са
часам,* ch i1 s / a0 m,часа0м
часами,* ch i1 s / a0 m' i4,часа0ми
часовыми,* ch i1 s + a1 v / y0 m' i4,часовы0ми
частенько,* ch i1 s' t' + e0 n' k + a4,часте0нько
частица,* ch i1 s' t' + i0 c / a4,части0ца
часто,* ch a0 s t + -,ча0сто
частые,* ch a0 s t / y4 j i4,ча0стые
частью,* ch a0 s' t' / j u4,ча0стью
чашка,* ch a0 sh + k / a4,ча0шка
чашки,* ch a0 sh + k' / i4,ча0шки
чаще,* ch a0 sc + i4,ча0ще
чего-нибудь,* ch / i1 v o0 + n' i4 b u4 d',чего0-нибудь
чего-то,* ch / i1 v o0 + t a4,чего0-то
человек,* - i1 l a1 v' e0 k,челове0к
человека,* ch i1 l a1 v' e0 k / a4,челове0ка
человеком,* ch i1 l a1 v' e0 k / a4 m,челове0ком
человеку,* ch i1 l a1 v' e0 k / u4,челове0ку
человеческому,* ch i1 l a1 v' e0 ch + i4 s k / a4 m u4,челове0ческому
человечеству,* ch i1 l a1 v' e0 ch + i4 + s t v / u4,челове0честву
чем,* ch / e0 m,че0м
чем-нибудь,* ch / e0 m * n' i4 b u4 d',че0м-нибудь
чем-то,* ch / e0 m + n' i4,че0м-то
чемодан,* ch i1 m a1 d a0 n,чемода0н
чемодана,* ch i1 m a1 d a0 n / a4,чемода0на
чемоданами,* ch i1 m a1 d a0 n / a4 m' i4,чемода0нами
чемоданом,* ch i1 m a1 d a0 n / a4 m,чемода0ном
чемоданы,* ch i1 m a1 d a0 n / y4,чемода0ны
чемпион,* ch i1 m p' i1 o0 n,чемпио0н
чему-то,* ch / i1 m u0 + t a4,чему0-то
через,* ch e0 r' i4 s,че0рез
чересчур,~ ch i1 r' i1 * sc ch u0,чересчу0р
черная,* ch o0 r n / a4 - i4,че0рная
чернели,* ch i1 r n' + e0 + l' / i4,черне0ли
черновато,* ch i1 r n + a1 v a0 t + a4,чернова0то
черной,* ch o0 r n / a4 j,че0рной
черными,* ch o0 r n / y4 m' i4,че0рными
черных,* ch o0 r n / y4 h,че0рных
черствости,* ch o0 r s t v + a4 s' t' / i4,че0рствости
черствость,* ch o0 r s t v + a4 z' -,че0рствость
черт,* ch e0 r t,че0рт
чертежах,* ch i1 r t' + i1 zh / a0 h,чертежа0х
чертежной,* ch i1 r t' + o0 zh + n / a4 j,черте0жной
чертила,* ch i1 r t' + i0 + l / a4,черти0ла
чертит,* ch e0 r t' / i4 t,че0ртит
чертить,* ch i1 r t' + i0 / t',черти0ть
чертовская,* ch i1 r t + o0 f + s k / a4 j a4,черто0вская
честно,* ch e0 s + n + a4,че0стно
честное,* ch e0 s + n / a4 - i4,че0стное
чесучовая,* ch i1 s u1 ch + o0 v / a4 j a4,чесучо0вая
четверостишия,* ch i1 t v' i1 r = a1 * s' t' i0 sh / y4 j a4,четверости0шия
четверти,* ch e0 t v' i4 r / t',че0тверти
четвертом,* ch i1 t v' o0 r + t / a4 m,четве0ртом
четвертый,* ch i1 t v' o0 r t / y4 j,четве0ртый
четверть,* ch e0 t v' i4 r -,че0тверть
четверых,* ch i1 t v' i1 r / y0 h,четверы0х
четким,* ch o0 t + k' / i4 m,че0тким
четких,* ch o0 t + k' / i4 h,че0тких
четко,* ch o0 t + k + a4,че0тко
четыре,* ch i1 t y0 r' / i4,четы0ре
четырежды,* ch i1 t y0 r' + i4 + zh d y4,четы0режды
четырех,* ch i1 t y1 r' / o0 h,четыре0х
четырнадцати,* ch i1 t y0 r + n a4 c a4 t' / i4,четы0рнадцати
четырнадцать,* ch i1 t y0 r + n a4 c a4 t',четы0рнадцать
чехословацкого,* ch i1 h = a2 * s l a1 v a0 c + k / a4 v a4,чехослова0цкого
чешское,* ch e0 sh + s k / a4 - i4,че0шское
чжонг,* ch zh o0 n k,чжо0нг
чинивший,* ch i1 n' + i0 + f sh / y4 j,чини0вший
чиновниц,* ch i1 n + o0 v + n' i4 c,чино0вниц
чистая,* ch i0 s t / a4 j a4,чи0стая
чистого,* ch i0 s t / a4 v a4,чи0стого
чистой,* ch i0 s t / a4 j,чи0стой
читает,* ch i1 t + a0 / j i4 d,чита0ет
читал,* ch - t + a0 + l,чи0тал
читала,* ch i1 t + a0 + l / a4,чита0ла
читали,* ch i1 t + a0 + l' / i4,чита0ли
читать,* ch i1 t + a0 / t',чита0ть
читаю,* ch i1 t + a0 / j u4,чита0ю
член,* ch l' e0 n,чле0н
членам,* ch l' e0 n / a4 m,чле0нам
чмокнул,* ch m o0 k + n u4 + l,чмо0кнул
чтения,* ch t' + e0 n' i4 / - -,чте0ния
что,* i0 m' i4,что0
что-нибудь,* sh t o0 + n' i1 b u1 c,что0-нибудь
что-то,* sh t o0 + - -,что0-то
чтоб,* sh t o0 b,что0б
чтобы,* sh t o0 - p,что0бы
чубом,* ch u0 b / a4 m,чу0бом
чувств,* ch u0 + s t f,чу0вств
чувства,* ch u0 + s t v / a4,чу0вства
чувство,* ch u0 + s t v / a4,чу0вство
чувствовал,* ch u0 + s t v + a4 v a4 + l,чу0вствовал
чувством,* ch u0 + s t v / a4 m,чу0вством
чувствуете,* ch u0 + s t v + u4 / j i4 t' i4,чу0вствуете
чувствуй,* ch u0 + s t v + u4 j,чу0вствуй
чувствую,* ch u0 + s t v + u4 / j u4,чу0вствую
чувствуя,* ch u0 + s t v + u4 j + a4,чу0вствуя
чудесное,* ch u1 d' + e0 s + n / a4 j i4,чуде0сное
чудесным,* ch u1 d' + e0 s + n / y4 m,чуде0сным
чужд,* ch u0 sh t,чу0жд
чужие,* ch u1 zh / y0 j i4,чужи0е
чужим,* ch u1 zh / y0 m,чужи0м
чужой,* ch u1 zh / o0 j,чужо0й
чужую,* ch u1 zh / u0 j u4,чужу0ю
чуткости,* ch u0 + t + k + a4 s' t' / i4,чу0ткости
чуть,* ch u0 t',чу0ть
чуть-чуть,* ch u0 * ch u0 t',чу0ть-чуть
чья-то,* ch / j a0 + t a4,чья0-то
шаг,* sh a0 k,ша0г
шага,* sh a0 g / a4,ша0га
шагали,* sh a1 g + a0 + l' / i4,шага0ли
шагами,* sh a1 g / a0 m' i4,шага0ми
шагом,* sh a0 g / a4 m,ша0гом
шаляпинская,* sh a1 l' a0 p' i4 n + s k / a4 j a4,шаля0пинская
шампанского,* sh a1 m p a0 n + s k / a4 v a4,шампа0нского
шампанское,* sh a1 m p a0 n + s k / a4 j i4,шампа0нское
шанс,* sh a0 n s,ша0нс
шапки,* sh a0 p + k' / i4,ша0пки
шаркает,* sh a0 r k + a4 / j i4 t,ша0ркает
шаркали,* sh a0 r k + a4 + l' / i4,ша0ркали
шаркающая,* sh a0 r k + a4 + j u4 sc / a4 j a4,ша0ркающая
шатался,* sh a1 t + a0 + l ^ s' a4,шата0лся
шахматы,* sh a0 h m a4 t / y4,ша0хматы
швейцарии,* sh v' i1 j c a0 r' i4 / i4,швейца0рии
шевелил,* sh y1 v' i1 l' + i0 + l,шевели0л
шевелись,* sh y1 v' i1 l' + i0 ^ s',шевели0сь
шевелиться,* sh y1 v' i1 l' + i0 ^ c a4,шевели0ться
шее,* sh e0 - / i4,ше0е
шейке,* sh e0 j + i4 / k',ше0йке
шел,* sh o0 + l,ше0л
шелестения,* sh y1 l' i1 s' t' + e0 n' i4 j / a4,шелесте0ния
шелкового,* sh o0 l k + a4 v / a4 v a4,ше0лкового
шелохнулся,* sh y1 l a1 h + n u0 + l ^ s' a4,шелохну0лся
шепнула,* sh y1 p + n u0 + l / a4,шепну0ла
шепнуть,* sh y1 p + n u0 / t',шепну0ть
шепотом,* sh o0 p a4 t / a4 m,ше0потом
шептал,* sh y1 p + t + a0 + l,шепта0л
шептала,* sh y1 p + t + a0 + l / a4,шепта0ла
шептать,* sh y1 p + t + a0 / t',шепта0ть
шестиклассника,* sh y1 s' t' = i1 * k l a0 s' + n' i4 k / a4,шестикла0ссника
шестиклассница,* sh e1 s' t' = i1 * k l a0 s + n' i4 c / a4,шестикла0ссница
шестилетнем,* sh y1 s' t' = i1 * l' e0 t + n' / i4 m,шестиле0тнем
шестнадцатиэтажный,* sh y1 s + n a0 c a4 t' = i4 * i1 t a0 zh + n / y4 j,шестна0дцатиэтажный
шестнадцать,* sh y1 s + n a0 c a4 d',шестна0дцать
шестого,* sh y1 s t / o0 v a4,шесто0го
шестом,* sh y1 s t / o0 m,шесто0м
шесть,* sh e0 s' c,ше0сть
шестьдесят,* sh y1 - * d' - s' a0 d,шестьде0сят
шею,* sh e0 j / u4,ше0ю
шея,* e0 j / a4 i1,ше0я
шила,* sh y0 + l / a4,ши0ла
шипела,* sh y1 p' + e0 + l / a4,шипе0ла
шиповника,* sh y1 p + o0 v + n' i4 k / a4,шипо0вника
шире,* sh y0 r' + i4,ши0ре
ширме,* sh y0 r m' / i4,ши0рме
ширмой,* sh y0 r m / a4 j,ши0рмой
широкими,* sh y1 r + o0 k' / i4 m' i4,широ0кими
широкой,* sh y1 r + o0 k / a4 j,широ0кой
шишки,* sh y0 sh k' / i4,ши0шки
шкатулке,* sh k a1 t u0 l + k' / i4,шкату0лке
шкаф,* sh k a0 f,шка0ф
шкафа,* sh k a0 f / a4,шка0фа
шкафу,* sh k a1 f / u0,шкафу0
школа,* sh k o0 l / a4,шко0ла
школе,* sh k o0 l' / i4,шко0ле
школу,* sh k o0 l / u4,шко0лу
школы,* - k o0 l / y4,шко0лы
школьные,* sh k o0 l' + n / y4 j i4,шко0льные
школьный,* sh k o0 l' + n / y4 -,шко0льный
шлепает,* sh l' o0 p + a4 / j i4 t,шле0пает
шлепал,* sh l' o0 p + a4 + l,шле0пал
шлепнул,* sh l' o0 p + n u4 + l,шле0пнул
шлепнула,* sh l' o0 p + n u4 + l / a4,шле0пнула
шляпке,* sh l' a0 p + k' / i4,шля0пке
шляпу,* sh l' a0 p / u4,шля0пу
шляпы,* sh l' a0 p / a4,шля0пы
шофер,* sh a1 f' o0 r,шофе0р
шофера,* sh a1 f' o0 r / a4,шофе0ра
шофером,* sh a1 f' o0 r / a4 m,шофе0ром
шпаной,* sh p a1 n / o0 j,шпано0й
шпроты,* sh p r o0 t / y4,шпро0ты
штабелями,* sh t a2 b' i1 l' / a0 m' i4,штабеля0ми
штанах,* sh t a1 n / a0 h,штана0х
штук,* sh t u0 g,шту0к
шум,* sh u0 m,шу0м
шумит,* sh u1 m' / i0 t,шуми0т
шут,* sh u0 t,шу0т
шутит,* sh u0 t' / i4 t,шу0тит
шутить,* sh u1 t' + i0 / t',шути0ть
шутка,* sh u0 t + k / a4,шу0тка
шутку,* sh u0 t + k / u4,шу0тку
шутливостью,* sh u1 t + l' i0 v + a4 s' t' / j u4,шутли0востью
щеках,* sc i1 k / a0 h,щека0х
щеки,* o0 k' i4 / n,ще0ки
щекотать,* sc i1 k a1 t + a0 / t',щекота0ть
щеку,* sc o0 k / u4,ще0ку
щелкнула,* sc o0 l k + n u4 + l / a4,ще0лкнула
щелку,* sc o0 l + k / u4,ще0лку
щель,* sc e0 l',ще0ль
эгоизме,* e1 g a1 i0 z m' / i4,эгои0зме
эгоистом,* i1 g a1 i0 s t / a4 m,эгои0стом
эдакие,* e0 d a4 k' / i4 j i4,э0дакие
эдакое,* e0 d a4 k / a4 j a4,э0дакое
экзамен,* i1 g z a0 m' i4 n,экза0мен
экономистам,* y1 k a2 n a1 m' + i0 s t / a4 m,экономи0стам
электричество,* e1 l' i1 k t r' + i0 ch + i4 s t v / a4,электри0чество
эмара,* e0 m a4 r / a4,э0мара
эмоции,* - m o0 c i4 / e0,э0моции
эмоций,* y1 m o0 c y4 + j,эмо0ций
энергичнее,* y1 n y1 r g' + i0 ch n' + i4 j i4,энерги0чнее
энергично,* e1 n e1 r g' + i0 ch n + a4,энерги0чно
энтузиазма,* y1 n t u1 z' i1 a0 z m / a4,энтузиа0зма
эскалаторе,* i1 s k a1 l a0 t a4 r' / i4,эскала0торе
эта,* e0 t / a4,э0та
этаж,* i1 t a0 sh,эта0ж
этажей,* i1 t a1 zh / e0 j,этаже0й
эти,* e0 t' / i4,э0ти
этим,* e0 t' / i4 m,э0тим
этих,* e0 t' / i4 h,э0тих
это,* e0 d / a4,э0то
этого,* e0 t / a4 - -,э0того
этой,* e0 t / a4 -,э0той
этом,* e0 t / a4 m,э0том
этом-то,* e0 t / a4 m + t a4,э0том-то
этому,* e0 t / a4 m u4,э0тому
этот,* e0 t / a4 d,э0тот
эту,* e0 t / u4,э0ту
юбке,* j u0 p k' / i4,ю0бке
юбку,* j u0 p k / u4,ю0бку
юг,* j u0 k,ю0г
юмористических,* j u1 m a2 r' + i1 s' t' + i0 ch i4 s k' / i4 h,юмористи0ческих
юноша,* j u0 n + a4 sh / a4,ю0ноша
юрий,* j u0 r' + i4 j,ю0рий
юристов,* j u1 r' i0 s t / a4 f,юри0стов
я,* a0 g,я0
явилась,* j i1 v' + i0 + l / a4 ^ s',яви0лась
явились,* j i1 v' + i0 + l' / i4 ^ s',яви0лись
явиться,* j i1 v' + i0 ^ c a4,яви0ться
являвшейся,* j i1 v + l' + a0 + f sh / y4 j ^ s' a4,явля0вшейся
являлась,* j i1 v + l' + a0 + l / a4 ^ s',явля0лась
являться,* j i1 v + l' + a0 / c ^ - a4,явля0ться
ягод,* j a0 g a4 t,я0год
ягоды,* a0 g a4 d / y4,я0годы
язвенная,* j a0 z v' + i4 n - / a4 j a4,я0звенная
язык,* j i1 z y0 k,язы0к
яичница,* - i1 i0 sh + n' i4 c / a4,яи0чница
яичницу,* j i1 i0 sh + n' i4 c / -,яи0чницу
яма,* j a0 m / a4,я0ма
ямы,* j a0 m / y4,я0мы
японии,* j i1 p o0 n' i4 / i4,япо0нии
яркая,* j a0 r k / a4 j a4,я0ркая
ярких,* j a0 r k' / i4 h,я0рких
ярко-голубого,* j a0 r k + a2 * g a2 l u1 b / o0 v a4,я0рко-голубого
яркого,* j a0 r k / a4 v a4,я0ркого
ярость,* j a0 r + a4 s' t',я0рость
яснее,* j i1 s' n' + e0 j i4,ясне0е
ясно,* j a0 s n + a4,я0сно
ясный,* j a0 s n / y4 -,я0сный
ясным,* j a0 s n / y4 m,я0сным
ящик,* j a0 sc i4 k,я0щик
ящика,* j a0 sc i4 k / a4,я0щика
ящике,* j a0 sc i4 k' / i4,я0щике
ящику,* j a0 sc i4 k / u4,я0щику
